snapshot_date,model_family,body,model_year,asking_price_usd,mileage_miles,currency,location,seller_type,listing_title,listing_url,source,vin_or_stock,exterior_color,interior_color,notes
2026-09-15,675LT,coupe,2016,329999,22540,USD,"ZIP 07446, USA",dealer,2016 McLaren 675LT Coupe,https://www.cars.com/vehicledetail/5ef776d1-6f01-4e17-830e-50ab4dac5eeb/,Cars.com,SBM11RAAXGW675169,gray,,Cars.com SRP vehicle-card JSON; seller:McLaren North Jersey; exterior color: gray
2026-09-15,675LT,coupe,2016,379900,,USD,"Portland, Oregon, USA",dealer,2016 McLaren 675LT Base,https://www.classic.com/veh/2016-mclaren-675lt-base-sbm11raa1gw675223-pPLYJXp/,Classic.com,SBM11RAA1GW675223,,,"Classic.com asterisk asking; 10k mi displayed; mileage blank (rounded Nk mi); fixed-price; seller:Grand Prix Motorcars, Inc."
2026-09-15,675LT,coupe,2016,409995,545,USD,"ZIP 75067, USA",dealer,2016 McLaren 675LT Coupe,https://www.cars.com/vehicledetail/1274cdb5-86c8-4459-bfcc-2868d87ed6ac/,Cars.com,SBM11RAA9GW675163,red,,Cars.com SRP vehicle-card JSON; seller:Auto Park Dallas; exterior color: red
2026-09-15,675LT,spider,2016,374393,,USD,"Kelowna, CAN",dealer,2016 McLaren 675LT Spider,https://www.classic.com/veh/2016-mclaren-675lt-spider-sbm11saaxgw675759-4Z75dOn/,Classic.com,SBM11SAAXGW675759,,,Classic.com asterisk asking; unparsed mileage text '2k km (1k mi)'; left blank; fixed-price; seller:August Luxury Motorcars
2026-09-15,675LT,spider,2016,519990,2290,USD,"Kelowna, British Columbia, Canada",dealer,2016 McLaren 675LT Spider,https://www.hemmings.com/classifieds/listing/2016-mclaren-675lt-kelowna-bc-2965175,Hemmings,,,,Hemmings classified; seller:August Luxury Motorcars; Canada listing
2026-09-15,600LT,coupe,2019,180999,9400,USD,"Hialeah, FL",dealer,2019 McLaren 600LT,https://www.cargurus.com/details/421330995,CarGurus,SBM13RAA3KW008379,Mauvine Blue,Carbon Black,Stock # 008379A; trim: Coupe RWD; deal rating: GREAT_PRICE; exterior color: Mauvine Blue
2026-09-15,600LT,coupe,2019,199997,,USD,"Orange County, Florida, USA",dealer,2019 McLaren 600LT,https://www.classic.com/veh/2019-mclaren-600lt-coupe-sbm13raa8kw006997-4aLQZxp/,Classic.com,SBM13RAA8KW006997,Red,,Classic.com asterisk asking; 28k mi displayed; mileage blank (rounded Nk mi); fixed-price; seller:Route One Auto
2026-09-15,600LT,coupe,2019,210408,3270,USD,,dealer,2019 McLaren 600LT,https://www.dupontregistry.com/car/mclaren/600lt/2019/SBM13RAA1KW006775/319888,duPont REGISTRY,SBM13RAA1KW006775,,,duPont REGISTRY VDP
2026-09-15,600LT,coupe,2019,226800,,USD,"Marietta, Georgia, USA",dealer,2019 McLaren 600LT Coupe,https://www.classic.com/veh/2019-mclaren-600lt-coupe-sbm13raa6kw008344-Wv1do7n/,Classic.com,SBM13RAA6KW008344,Blue,,Classic.com asterisk asking; 10k mi displayed; mileage blank (rounded Nk mi); fixed-price; seller:Legacy Motorcars
2026-09-15,600LT,coupe,2019,232995,,USD,"San Clemente, California, USA",dealer,2019 McLaren 600LT Coupe,https://www.classic.com/veh/2019-mclaren-600lt-sbm13raa6kw006514-W9aDXLW/,Classic.com,SBM13RAA6KW006514,Gray,,Classic.com asterisk asking; 17k mi displayed; mileage blank (rounded Nk mi); fixed-price; seller:European Exotic Center - San Clemente
2026-09-15,600LT,coupe,2019,234995,5968,USD,,dealer,2019 McLaren 600LT,https://www.dupontregistry.com/car/mclaren/600lt/2019/SBM13RAA0KW007139/598453,duPont REGISTRY,SBM13RAA0KW007139,Chicane Effect,,duPont REGISTRY VDP
2026-09-15,600LT,coupe,2019,234998,23200,USD,,dealer,2019 McLaren 600LT,https://www.dupontregistry.com/car/mclaren/600lt/2019/SBM13RAA2KW006705/619180,duPont REGISTRY,SBM13RAA2KW006705,Silica White,,duPont REGISTRY VDP
2026-09-15,600LT,coupe,2019,235947,,USD,"Edmond, Oklahoma, USA",dealer,2019 McLaren 600LT Coupe,https://www.classic.com/veh/2019-mclaren-600lt-coupe-sbm13raa7kw007560-WReJorn/,Classic.com,SBM13RAA7KW007560,Blue,,Classic.com asterisk asking; 16k mi displayed; mileage blank (rounded Nk mi); fixed-price; seller:Exotic Motorsports of Oklahoma
2026-09-15,600LT,coupe,2019,239273,,USD,"Carrollton, Texas, USA",dealer,2019 McLaren 600LT Coupe,https://www.classic.com/veh/2019-mclaren-600lt-coupe-sbm13raa8kw006787-WxezPgp/,Classic.com,SBM13RAA8KW006787,Gray,,Classic.com asterisk asking; 11k mi displayed; mileage blank (rounded Nk mi); fixed-price; seller:Earth MotorCars
2026-09-15,600LT,coupe,2019,239499,,USD,"Addison, Texas, USA",dealer,2019 McLaren 600LT Coupe,https://www.classic.com/veh/2019-mclaren-600lt-coupe-sbm13raa1kw007148-p0GOAyW/,Classic.com,SBM13RAA1KW007148,McLaren Orange,,Classic.com asterisk asking; 12k mi displayed; mileage blank (rounded Nk mi); fixed-price; seller:Wolfe Motors
2026-09-15,600LT,coupe,2019,239990,,USD,"New Albany, Indiana, USA",dealer,2019 McLaren 600LT Coupe,https://www.classic.com/veh/2019-mclaren-600lt-coupe-sbm13raa2kw007790-47YlXBW/,Classic.com,SBM13RAA2KW007790,Black,,Classic.com asterisk asking; 16k mi displayed; mileage blank (rounded Nk mi); fixed-price; seller:Hypercars
2026-09-15,600LT,coupe,2019,239990,,USD,"Beverly Hills, California, USA",dealer,2019 McLaren 600LT Coupe,https://www.classic.com/veh/2019-mclaren-600lt-coupe-sbm13raa7kw008353-nQGKYep/,Classic.com,SBM13RAA7KW008353,Sicilian Yellow,,Classic.com asterisk asking; 8k mi displayed; mileage blank (rounded Nk mi); fixed-price; seller:Marshall Goldman Beverly Hills
2026-09-15,600LT,coupe,2019,239998,18457,USD,"ZIP 33316, USA",dealer,2019 McLaren 600LT Coupe,https://www.cars.com/vehicledetail/6eff1094-104e-4eb5-9e50-91f885cb071c/,Cars.com,SBM13RAA7KW007459,Cirrus Gray,,Cars.com SRP vehicle-card JSON; seller:1 of 1 Motorsports
2026-09-15,600LT,coupe,2019,240599,20005,USD,"ZIP 63132, USA",dealer,2019 McLaren 600LT Coupe,https://www.cars.com/vehicledetail/1c2017db-1800-4d8f-9159-62971415b2e5/,Cars.com,SBM13RAA3KW007393,orange,,Cars.com SRP vehicle-card JSON; seller:RP Exotics; exterior color: orange
2026-09-15,600LT,coupe,2019,240985,16067,USD,"Ramsey, NJ",dealer,2019 McLaren 600LT,https://www.cargurus.com/details/458185490,CarGurus,SBM13RAA6KW006786,,,Stock # MP502; trim: Coupe RWD; deal rating: FAIR_PRICE
2026-09-15,600LT,coupe,2019,242995,,USD,"Akron, Ohio, USA",dealer,2019 McLaren 600LT Coupe,https://www.classic.com/veh/2019-mclaren-600lt-coupe-sbm13raa8kw007096-pGV0x6W/,Classic.com,SBM13RAA8KW007096,Silica White,,Classic.com asterisk asking; 11k mi displayed; mileage blank (rounded Nk mi); fixed-price; seller:Perfect Auto Collection
2026-09-15,600LT,coupe,2019,249985,7976,USD,"ZIP 90211, USA",dealer,2019 McLaren 600LT Coupe,https://www.cars.com/vehicledetail/78b82191-7db1-48cb-ba26-8a5ed3e7f396/,Cars.com,SBM13RAAXKW007357,Silica White,,Cars.com SRP vehicle-card JSON; seller:Marshall Goldman Beverly Hills; exterior color: white
2026-09-15,600LT,coupe,2019,250599,17616,USD,"ZIP 63132, USA",dealer,2019 McLaren 600LT Coupe,https://www.cars.com/vehicledetail/94006a92-baca-486c-88a2-9dd0ec3fbcf2/,Cars.com,SBM13RAA7KW007588,blue,,Cars.com SRP vehicle-card JSON; seller:RP Exotics; exterior color: blue
2026-09-15,600LT,coupe,2019,258765,,USD,"Carrollton, Texas, USA",dealer,2019 McLaren 600LT Coupe,https://www.classic.com/veh/2019-mclaren-600lt-coupe-sbm13raa6kw008134-p0oPGrW/,Classic.com,SBM13RAA6KW008134,Curacao Blue,,Classic.com asterisk asking; 7k mi displayed; mileage blank (rounded Nk mi); fixed-price; seller:One Legacy Motors
2026-09-15,600LT,coupe,2019,269995,,USD,"Akron, Ohio, USA",dealer,2019 McLaren 600LT Coupe,https://www.classic.com/veh/2019-mclaren-600lt-coupe-sbm13raa4kw006799-pGwbKgp/,Classic.com,SBM13RAA4KW006799,Papaya Spark,,Classic.com asterisk asking; 8k mi displayed; mileage blank (rounded Nk mi); fixed-price; seller:Perfect Auto Collection
2026-09-15,600LT,coupe,2019,274999,,USD,"Boynton Beach, Florida, USA",dealer,2019 McLaren 600LT Coupe,https://www.classic.com/veh/2019-mclaren-600lt-coupe-sbm13raa5kw006844-WYx7v1n/,Classic.com,SBM13RAA5KW006844,,,Classic.com asterisk asking; 11k mi displayed; mileage blank (rounded Nk mi); fixed-price; seller:iLusso Boynton Beach
2026-09-15,600LT,coupe,2019,287788,,USD,"Irvine, California, USA",dealer,2019 McLaren 600LT,https://www.classic.com/veh/2019-mclaren-600lt-sbm13raa3kw007510-W97b1X4/,Classic.com,SBM13RAA3KW007510,Papaya Spark,,Classic.com asterisk asking; 7k mi displayed; mileage blank (rounded Nk mi); fixed-price; seller:Scuderia Motorcars
2026-09-15,600LT,coupe,2020,499999,984,USD,"Renton, Washington, USA",dealer,2020 McLaren 600LT,https://www.classic.com/veh/2020-mclaren-600lt-sbm13saa4lw009081-Wvwz75p/,Classic.com,SBM13SAA4LW009081,,,Classic.com asterisk asking; exact miles displayed: 984 mi; fixed-price; seller:Heritage Cars
2026-09-15,600LT,spider,2020,206656,28714,USD,"Tempe, AZ",dealer,2020 McLaren 600LT,https://www.cargurus.com/details/441638172,CarGurus,SBM13SAA6LW008417,,,Stock # 008417; trim: Spider RWD; deal rating: GOOD_PRICE
2026-09-15,600LT,spider,2020,207625,30186,USD,"ZIP 75150, USA",dealer,2020 McLaren 600LT Spider,https://www.cars.com/vehicledetail/3eabe8ea-b2fd-49f1-b884-b15ac3261d99/,Cars.com,SBM13SAA0LW009059,Silica White,,Cars.com SRP vehicle-card JSON; seller:Texas Autos Direct; exterior color: white
2026-09-15,600LT,spider,2020,229997,,USD,"Orange County, Florida, USA",dealer,2020 McLaren 600LT Spider,https://www.classic.com/veh/2020-mclaren-600lt-sbm13saa8lw007642-45eXbz4/,Classic.com,SBM13SAA8LW007642,Papaya Spark,,Classic.com asterisk asking; 20k mi displayed; mileage blank (rounded Nk mi); fixed-price; seller:Route One Auto
2026-09-15,600LT,spider,2020,248991,25970,USD,,dealer,2020 McLaren 600LT Spider,https://www.dupontregistry.com/car/mclaren/600lt--spider/2020/SBM13SAA2LW008088/612486,duPont REGISTRY,SBM13SAA2LW008088,,,duPont REGISTRY VDP
2026-09-15,600LT,spider,2020,249990,9676,USD,,dealer,2020 McLaren 600LT Spider,https://www.dupontregistry.com/car/mclaren/600lt--spider/2020/SBM13SAA7LW007714/604359,duPont REGISTRY,SBM13SAA7LW007714,Orange,,duPont REGISTRY VDP; carryforward_from_prior_day_vdp
2026-09-15,600LT,spider,2020,249995,,USD,"Trenton, New Jersey, USA",dealer,2020 McLaren 600LT Spider,https://www.classic.com/veh/2020-mclaren-600lt-spider-sbm13saa9lw007679-Wbw8jjp/,Classic.com,SBM13SAA9LW007679,Blue,,Classic.com asterisk asking; 15k mi displayed; mileage blank (rounded Nk mi); fixed-price; seller:J&S AutoHaus Group
2026-09-15,600LT,spider,2020,249995,12454,USD,,dealer,2020 McLaren 600LT Spider,https://www.dupontregistry.com/car/mclaren/600lt--spider/2020/SBM13SAA4LW008254/607636,duPont REGISTRY,SBM13SAA4LW008254,blue,,duPont REGISTRY VDP
2026-09-15,600LT,spider,2020,253517,15063,USD,"ZIP 34113, USA",dealer,2020 McLaren 600LT Spider,https://www.cars.com/vehicledetail/ba538750-1d38-402a-9184-a4baed4bf9a4/,Cars.com,SBM13SAA1LW008566,gray,,Cars.com SRP vehicle-card JSON; seller:Lamborghini Naples; exterior color: gray
2026-09-15,600LT,spider,2020,254989,13752,USD,"ZIP 53038, USA",dealer,2020 McLaren 600LT Spider,https://www.cars.com/vehicledetail/e02a63c2-8ac3-4cc9-84b8-3b35ea375afc/,Cars.com,SBM13SAAXLW007819,black,,Cars.com SRP vehicle-card JSON; seller:Kearns Motor Car Co.; exterior color: black
2026-09-15,600LT,spider,2020,258000,,USD,"Boynton Beach, Florida, USA",dealer,2020 McLaren 600LT Spider,https://www.classic.com/veh/2020-mclaren-600lt-spider-sbm13saa7lw008233-p65y1LW/,Classic.com,SBM13SAA7LW008233,,,Classic.com asterisk asking; 8k mi displayed; mileage blank (rounded Nk mi); fixed-price; seller:iLusso Boynton Beach
2026-09-15,600LT,spider,2020,259498,15481,USD,"ZIP 89113, USA",dealer,2020 McLaren 600LT Spider,https://www.cars.com/vehicledetail/ff2efaea-b942-4c11-b827-581fb4a8a86b/,Cars.com,SBM13SAA4LW007668,black,,Cars.com SRP vehicle-card JSON; seller:The Collezione By THECARWIZ; exterior color: black
2026-09-15,600LT,spider,2020,259728,11910,USD,"ZIP 78006, USA",dealer,2020 McLaren 600LT Spider,https://www.cars.com/vehicledetail/fa65cccb-0953-4211-85dc-aa432c508ff6/,Cars.com,SBM13SAA7LW007728,black,,Cars.com SRP vehicle-card JSON; seller:Mark Motors; exterior color: black
2026-09-15,600LT,spider,2020,259813,10264,USD,"ZIP 33602, USA",dealer,2020 McLaren 600LT Spider,https://www.cars.com/vehicledetail/e190c84c-62fd-4cfb-81b7-a601772117e4/,Cars.com,SBM13SAA6LW008188,MSO Pure Black,,Cars.com SRP vehicle-card JSON; seller:One Exotics
2026-09-15,600LT,spider,2020,259991,16399,USD,,dealer,2020 McLaren 600LT Spider,https://www.dupontregistry.com/car/mclaren/600lt--spider/2020/SBM13SAA8LW008077/613857,duPont REGISTRY,SBM13SAA8LW008077,Silver,,duPont REGISTRY VDP; carryforward_from_prior_day_vdp
2026-09-15,600LT,spider,2020,259998,17812,USD,,dealer,2020 McLaren 600LT Spider,https://www.dupontregistry.com/car/mclaren/600lt--spider/2020/SBM13SAA5LW007615/621655,duPont REGISTRY,SBM13SAA5LW007615,,,duPont REGISTRY VDP; carryforward_from_prior_day_vdp
2026-09-15,600LT,spider,2020,260000,11070,USD,,dealer,2020 McLaren 600LT Spider,https://www.dupontregistry.com/cars/603960,duPont REGISTRY,SBM13SAA3LW008231,Silica White,,duPont REGISTRY VDP; carryforward_from_prior_day_vdp
2026-09-15,600LT,spider,2020,265000,15915,USD,,dealer,2020 McLaren 600LT Spider,https://www.dupontregistry.com/car/mclaren/600lt--spider/2020/SBM13SAA4LW008271/620640,duPont REGISTRY,SBM13SAA4LW008271,,,duPont REGISTRY VDP; carryforward_from_prior_day_vdp
2026-09-15,600LT,spider,2020,268995,,USD,"Tampa, Florida, USA",dealer,2020 McLaren 600LT Spider,https://www.classic.com/veh/2020-mclaren-600lt-spider-sbm13saa6lw008952-pE7xrqn/,Classic.com,SBM13SAA6LW008952,White,,Classic.com asterisk asking; 4k mi displayed; mileage blank (rounded Nk mi); fixed-price; seller:European Exotic Center - Tampa
2026-09-15,600LT,spider,2020,269997,14480,USD,"ZIP 02145, USA",dealer,2020 McLaren 600LT Spider,https://www.cars.com/vehicledetail/87992c26-89b3-42da-8a86-ddd3f92ce859/,Cars.com,SBM13SAA3LW008052,Chicane Effect,Carbon Black,Cars.com SRP vehicle-card JSON; seller:Mercedes-Benz of Boston; exterior color: gray
2026-09-15,600LT,spider,2020,272990,12485,USD,,dealer,2020 McLaren 600LT Spider,https://www.dupontregistry.com/car/mclaren/600lt--spider/2020/SBM13SAA7LW008216/624226,duPont REGISTRY,SBM13SAA7LW008216,,,duPont REGISTRY VDP; carryforward_from_prior_day_vdp
2026-09-15,600LT,spider,2020,279900,,USD,"Tulsa, Oklahoma, USA",dealer,2020 McLaren 600LT Spider,https://www.classic.com/veh/2020-mclaren-600lt-spider-sbm13saa8lw008175-pJQOXdW/,Classic.com,SBM13SAA8LW008175,Light Blue,,Classic.com asterisk asking; 8k mi displayed; mileage blank (rounded Nk mi); fixed-price; seller:The Collectors Car Sales
2026-09-15,600LT,spider,2020,299900,,USD,"Addison, Texas, USA",dealer,2020 McLaren 600LT Spider,https://www.classic.com/veh/2020-mclaren-600lt-spider-sbm13saa5lw008960-Wqmz1BW/,Classic.com,SBM13SAA5LW008960,,,Classic.com asterisk asking; 7k mi displayed; mileage blank (rounded Nk mi); fixed-price; seller:Tactical Fleet Dallas
2026-09-15,600LT,spider,2020,299995,11392,USD,,dealer,2020 McLaren 600LT Spider,https://www.dupontregistry.com/car/mclaren/600lt--spider/2020/SBM13SAA7LW008412/625390,duPont REGISTRY,SBM13SAA7LW008412,,,duPont REGISTRY VDP
2026-09-15,765LT,coupe,2021,599998,,USD,"Fort Lauderdale, Florida, USA",dealer,"2021 McLaren 765LT FACTORY ROOF SCOOP! Supernova Silver Paint, Senna Seats, Bowers & Wilkins Audio AND MUCH MORE!!",https://www.classic.com/veh/2021-mclaren-765lt-base-sbm14rcaxmw765096-4DB8GAW/,Classic.com,SBM14RCAXMW765096,Silver,,Classic.com asterisk asking; 16k mi displayed; mileage blank (rounded Nk mi); fixed-price; seller:Carrio Motor Cars; roof_scoop:confirmed (FACTORY ROOF SCOOP)
2026-09-15,765LT,coupe,2021,678788,23675,USD,"ZIP 89118, USA",dealer,2021 McLaren 765LT Coupe,https://www.cars.com/vehicledetail/80753517-e0b1-4888-85e7-74529e6f9863/,Cars.com,SBM14RCA4MW765479,Ludus Blue,,Cars.com SRP vehicle-card JSON; seller:Vegas Auto Gallery
2026-09-15,765LT,coupe,2021,689998,14119,USD,"ZIP 02061, USA",dealer,2021 McLaren 765LT Coupe,https://www.cars.com/vehicledetail/883a0c64-c163-458f-bd76-ae4fa7fa9b33/,Cars.com,SBM14RCA5MW765488,red,,Cars.com SRP vehicle-card JSON; seller:McLaren Boston; exterior color: red
2026-09-15,765LT,coupe,2021,699985,6340,USD,"ZIP 92618, USA",dealer,2021 McLaren 765LT Coupe,https://www.cars.com/vehicledetail/e3483b2c-5b8d-46f3-817d-5b21e1032f90/,Cars.com,SBM14RCA2MW765299,orange,,Cars.com SRP vehicle-card JSON; seller:Lamborghini Newport Beach; exterior color: orange
2026-09-15,765LT,coupe,2021,699990,,USD,"Portland, Oregon, USA",dealer,2021 McLaren 765LT Base,https://www.classic.com/veh/2021-mclaren-765lt-base-sbm14rca1mw765570-WxomG2n/,Classic.com,SBM14RCA1MW765570,McLaren Orange,,Classic.com asterisk asking; 19k mi displayed; mileage blank (rounded Nk mi); fixed-price; seller:D&C Motor Company
2026-09-15,765LT,coupe,2021,715900,,USD,"Fort Lauderdale, Florida, USA",dealer,2021 McLaren 765LT Coupe,https://www.classic.com/veh/2021-mclaren-765lt-coupe-sbm14rcaxmw765714-4ym2yg4/,Classic.com,SBM14RCAXMW765714,Chicane Effect,,Classic.com asterisk asking; 6k mi displayed; mileage blank (rounded Nk mi); fixed-price; seller:Las Olas Autohaus
2026-09-15,765LT,coupe,2021,724950,,USD,"Miami-Dade County, Florida, USA",dealer,2021 McLaren 765LT Base,https://www.classic.com/veh/2021-mclaren-765lt-base-sbm14rca5mw765233-nBkKBEW/,Classic.com,SBM14RCA5MW765233,Nardo Orange,,Classic.com asterisk asking; 9k mi displayed; mileage blank (rounded Nk mi); fixed-price; seller:Prestige Imports
2026-09-15,765LT,coupe,2021,725000,,USD,"Boynton Beach, Florida, USA",dealer,2021 McLaren 765LT Base,https://www.classic.com/veh/2021-mclaren-765lt-base-sbm14rcaxmw765681-p6qxMVW/,Classic.com,SBM14RCAXMW765681,,,Classic.com asterisk asking; 8k mi displayed; mileage blank (rounded Nk mi); fixed-price; seller:iLusso Boynton Beach
2026-09-15,765LT,coupe,2021,725700,,USD,"Rock Hill, South Carolina, USA",dealer,2021 McLaren 765LT Coupe,https://www.classic.com/veh/2021-mclaren-765lt-coupe-sbm14rca5mw765619-WbRm8DW/,Classic.com,SBM14RCA5MW765619,,,Classic.com asterisk asking; 2k mi displayed; mileage blank (rounded Nk mi); fixed-price; seller:Chicago Motor Cars
2026-09-15,765LT,coupe,2021,737899,,USD,"Scottsdale, Arizona, USA",dealer,2021 McLaren 765LT,https://www.classic.com/veh/2021-mclaren-765lt-sbm14rca9mw765073-4Z2jBO4/,Classic.com,SBM14RCA9MW765073,Lime Green,,Classic.com asterisk asking; 4k mi displayed; mileage blank (rounded Nk mi); fixed-price; seller:Luxury Auto Collection
2026-09-15,765LT,coupe,2021,739912,,USD,"West Chicago, Illinois, USA",dealer,2021 McLaren 765LT Base,https://www.classic.com/veh/2021-mclaren-765lt-base-sbm14rca6mw765144-4VRR9y4/,Classic.com,SBM14RCA6MW765144,,,Classic.com asterisk asking; 10k mi displayed; mileage blank (rounded Nk mi); fixed-price; seller:Chicago Motor Cars
2026-09-15,765LT,coupe,2021,748578,6472,USD,"ZIP 48084, USA",dealer,2021 McLaren 765LT Coupe,https://www.cars.com/vehicledetail/0f1b3645-732b-4d31-ab68-361b55590e81/,Cars.com,SBM14RCA1MW765150,orange,,Cars.com SRP vehicle-card JSON; seller:Suburban Exotic Motorcars; exterior color: orange
2026-09-15,765LT,coupe,2021,779412,,USD,"West Chicago, Illinois, USA",dealer,2021 McLaren 765LT Coupe,https://www.classic.com/veh/2021-mclaren-765lt-coupe-sbm14rca8mw765582-47BaZXp/,Classic.com,SBM14RCA8MW765582,,,Classic.com asterisk asking; 2k mi displayed; mileage blank (rounded Nk mi); fixed-price; seller:Chicago Motor Cars
2026-09-15,765LT,coupe,2021,785000,5948,USD,,dealer,2021 McLaren 765LT,https://www.dupontregistry.com/car/mclaren/765lt/2021/SBM14RCA7MW765363/588496,duPont REGISTRY,SBM14RCA7MW765363,Gray (Chicane Grey),,duPont REGISTRY VDP
2026-09-15,765LT,coupe,2021,789999,,USD,"Costa Mesa, California, USA",dealer,2021 McLaren 765LT Coupe,https://www.classic.com/veh/2021-mclaren-765lt-coupe-sbm14rca8mw765369-WYlDkvn/,Classic.com,SBM14RCA8MW765369,Orange,,Classic.com asterisk asking; 3k mi displayed; mileage blank (rounded Nk mi); fixed-price; seller:Eurocar Inc.
2026-09-15,765LT,coupe,2021,792999,821,USD,"Sterling, VA",dealer,2021 McLaren 765LT,https://www.cargurus.com/details/456102143,CarGurus,SBM14RCAXMW765146,Black,Blk/Black,Stock # MW765146QQ; trim: RWD; exterior color: Black
2026-09-15,765LT,coupe,2021,799995,6287,USD,"ZIP 34134, USA",dealer,2021 McLaren 765LT Coupe,https://www.cars.com/vehicledetail/a5023c89-deb5-4c0f-a459-a36809010051/,Cars.com,SBM14RCAXMW765695,gray,,Cars.com SRP vehicle-card JSON; seller:Gulf Coast Motorworks; exterior color: gray
2026-09-15,765LT,coupe,2021,899990,17000,USD,,dealer,2021 McLaren 765LT,https://www.dupontregistry.com/car/mclaren/765lt/2021/SBM14RCA2MW765464/623952,duPont REGISTRY,SBM14RCA2MW765464,,,duPont REGISTRY VDP; roof_scoop:confirmed (MSO Defined Gloss Black Roof Scoop)
2026-09-15,765LT,spider,2022,568000,12095,USD,,dealer,2022 McLaren 765LT Spider,https://www.dupontregistry.com/car/mclaren/765lt--spider/2022/SBM14SCA5NW765144/623769,duPont REGISTRY,SBM14SCA5NW765144,MSO Satin Urban Green,,duPont REGISTRY VDP; carryforward_from_prior_day_vdp
2026-09-15,765LT,spider,2022,753888,8111,USD,,dealer,2022 McLaren 765LT Spider,https://www.dupontregistry.com/car/mclaren/765lt--spider/2022/SBM14SCA5NW765273/594173,duPont REGISTRY,SBM14SCA5NW765273,Napier Green,,duPont REGISTRY VDP; carryforward_from_prior_day_vdp
2026-09-15,765LT,spider,2022,764995,,USD,"Houston, Texas, USA",dealer,2022 McLaren 765LT Spider,https://www.classic.com/veh/2022-mclaren-765lt-spider-sbm14sca3nw765742-4yD8ygp/,Classic.com,SBM14SCA3NW765742,,,Classic.com asterisk asking; 6k mi displayed; mileage blank (rounded Nk mi); fixed-price; seller:CLB Sportscars
2026-09-15,765LT,spider,2022,797899,6326,USD,,dealer,2022 McLaren 765LT Spider,https://www.dupontregistry.com/car/mclaren/765lt--spider/2022/SBM14SCA9NW765504/621949,duPont REGISTRY,SBM14SCA9NW765504,Ludus Blue,,duPont REGISTRY VDP; carryforward_from_prior_day_vdp
2026-09-15,765LT,spider,2022,799990,7820,USD,,dealer,2022 McLaren 765LT Spider,https://www.dupontregistry.com/car/mclaren/765lt--spider/2022/SBM14SCA2NW765585/627774,duPont REGISTRY,SBM14SCA2NW765585,Ice Silver,Carbon Black,duPont REGISTRY VDP; carryforward_from_prior_day_vdp
2026-09-15,765LT,spider,2022,799990,5112,USD,,dealer,2022 McLaren 765LT Spider,https://www.dupontregistry.com/car/mclaren/765lt--spider/2022/SBM14SCAXNW765625/620501,duPont REGISTRY,SBM14SCAXNW765625,Chicane Effect,,duPont REGISTRY VDP; carryforward_from_prior_day_vdp
2026-09-15,765LT,spider,2022,824800,19697,USD,"ZIP 89118, USA",dealer,2022 McLaren 765LT Spider,https://www.cars.com/vehicledetail/68412095-2724-467c-98aa-6710fcb155df/,Cars.com,SBM14SCA0NW765018,Blue (Tokyo Cyan),,Cars.com SRP vehicle-card JSON; seller:Vegas Auto Gallery
2026-09-15,765LT,spider,2022,829900,4694,USD,,dealer,2022 McLaren 765LT Spider,https://www.dupontregistry.com/car/mclaren/765lt--spider/2022/SBM14SCA2NW765537/621263,duPont REGISTRY,SBM14SCA2NW765537,Ventura Orange,,duPont REGISTRY VDP
2026-09-15,765LT,spider,2022,849999,,USD,"Costa Mesa, California, USA",dealer,2022 McLaren 765LT Spider MSO Black Pack,https://www.classic.com/veh/2022-mclaren-765lt-spider-mso-black-pack-sbm14sca7-p6qAL3W/,Classic.com,,,,Classic.com asterisk asking; 2k mi displayed; mileage blank (rounded Nk mi); fixed-price; seller:Eurocar Inc.
2026-09-15,765LT,spider,2022,849999,2743,USD,,dealer,2022 McLaren 765LT Spider,https://www.dupontregistry.com/car/mclaren/765lt--spider/2022/SBM14SCA7NW765467/617343,duPont REGISTRY,SBM14SCA7NW765467,Ambit Blue,,duPont REGISTRY VDP; carryforward_from_prior_day_vdp
2026-09-15,765LT,spider,2022,879400,,USD,"Carrollton, Texas, USA",dealer,2022 McLaren 765LT Spider,https://www.classic.com/veh/2022-mclaren-765lt-spider-sbm14scaxnw765141-n8VBA0p/,Classic.com,SBM14SCAXNW765141,Blue,,Classic.com asterisk asking; 3k mi displayed; mileage blank (rounded Nk mi); fixed-price; seller:Earth MotorCars
2026-09-15,765LT,spider,2022,879990,11731,USD,,dealer,2022 McLaren 765LT Spider,https://www.dupontregistry.com/car/mclaren/765lt--spider/2022/SBM14SCA8NW765493/611770,duPont REGISTRY,SBM14SCA8NW765493,White (MSO Bespoke Viridian Snow),,duPont REGISTRY VDP; carryforward_from_prior_day_vdp
2026-09-15,765LT,spider,2022,888888,0,USD,,dealer,2022 McLaren 765LT Spider,https://www.dupontregistry.com/car/mclaren/765lt--spider/2022/-/566572,duPont REGISTRY,,,,duPont REGISTRY VDP; carryforward_from_prior_day_vdp
2026-09-15,765LT,spider,2022,899990,4866,USD,,dealer,2022 McLaren 765LT Spider,https://www.dupontregistry.com/car/mclaren/765lt--spider/2022/SBM14SCA3NW765286/613685,duPont REGISTRY,SBM14SCA3NW765286,MSO Bespoke XP Green,,duPont REGISTRY VDP; carryforward_from_prior_day_vdp
2026-09-15,765LT,spider,2022,902493,4451,USD,"Miami, FL",dealer,2022 McLaren 765LT,https://www.cargurus.com/details/457253929,CarGurus,SBM14SCA9NW765146,Blue,Carbon Black (Kingfisher Blue Stitching),Stock # 765146; trim: Spider RWD; exterior color: Blue
2026-09-15,765LT,spider,2022,957888,9133,USD,,dealer,2022 McLaren 765LT Spider,https://www.dupontregistry.com/car/mclaren/765lt--spider/2022/SBM14SCA1NW765111/594156,duPont REGISTRY,SBM14SCA1NW765111,Blue (Tokyo Cyan),,duPont REGISTRY VDP
2026-09-15,765LT,spider,2022,1099996,,USD,"Charlotte, North Carolina, USA",dealer,2022 McLaren 765LT Spider,https://www.classic.com/veh/2022-mclaren-765lt-spider-sbm14sca1nw765089-n3G13Mn/,Classic.com,SBM14SCA1NW765089,Volcano Yellow,,Classic.com asterisk asking; 2k mi displayed; mileage blank (rounded Nk mi); fixed-price; seller:McLaren Charlotte
2026-09-15,765LT,spider,2022,1199991,,USD,"Dallas, Texas, USA",dealer,2022 McLaren 765LT Spider,https://www.classic.com/veh/2022-mclaren-765lt-spider-sbm14scaxnw765074-47B6QMp/,Classic.com,SBM14SCAXNW765074,,,Classic.com asterisk asking; 1k mi displayed; mileage blank (rounded Nk mi); fixed-price; seller:RPM Garage
2026-09-15,Artura,coupe,2023,165208,6215,USD,"Naperville, IL",dealer,2023 McLaren Artura,https://www.cargurus.com/details/429316325,CarGurus,SBM16AEA2PW001840,Volcano Blue,Carbon Black/Jet Black,Stock # JA0812A; trim: RWD; deal rating: GOOD_PRICE; exterior color: Volcano Blue; interior color: Carbon Black/Jet Black
2026-09-15,Artura,coupe,2023,169980,,USD,"Fort Lauderdale, Florida, USA",dealer,2023 McLaren Artura TechLux,https://www.classic.com/veh/2023-mclaren-artura-techlux-sbm16aea4pw001466-pe5V0lp/,Classic.com,SBM16AEA4PW001466,White,,Classic.com asterisk asking; 3k mi displayed; mileage blank (rounded Nk mi); fixed-price; seller:Holman Motorcars; trim/pack: TechLux
2026-09-15,Artura,coupe,2023,170050,,USD,"Broward County, Florida, USA",dealer,2023 McLaren Artura,https://www.classic.com/veh/2023-mclaren-artura-sbm16aea6pw001727-4AaV9X4/,Classic.com,SBM16AEA6PW001727,Orange,Black,Classic.com asterisk asking; 6k mi displayed; mileage blank (rounded Nk mi); fixed-price; seller:Prime One Motorsports
2026-09-15,Artura,coupe,2023,170999,,USD,"San Rafael, California, USA",dealer,2023 McLaren Artura Coupe,https://www.classic.com/veh/2023-mclaren-artura-coupe-sbm16aea2pw002017-47JBRep/,Classic.com,SBM16AEA2PW002017,,,Classic.com asterisk asking; 14k mi displayed; mileage blank (rounded Nk mi); fixed-price; seller:San Francisco Exotic Cars
2026-09-15,Artura,coupe,2023,174800,,USD,"Fishers, Indiana, USA",dealer,2023 McLaren Artura,https://www.classic.com/veh/2023-mclaren-artura-vision-sbm16aea8pw001874-45eyKA4/,Classic.com,SBM16AEA8PW001874,blue,,Classic.com asterisk asking; 6k mi displayed; mileage blank (rounded Nk mi); fixed-price; seller:Fishers Imports - North East
2026-09-15,Artura,coupe,2023,174880,,USD,"Renton, Washington, USA",dealer,2023 McLaren Artura,https://www.classic.com/veh/2023-mclaren-artura-sbm16aeaxpw001505-nXNVY7p/,Classic.com,SBM16AEAXPW001505,,,Classic.com asterisk asking; 8k mi displayed; mileage blank (rounded Nk mi); fixed-price; seller:Auto Quest Inc.
2026-09-15,Artura,coupe,2023,174995,5650,USD,"Townsend, DE",dealer,2023 McLaren Artura,https://www.cargurus.com/details/431204180,CarGurus,SBM16AEA2PW001837,Gray,Red,Stock # 001837; trim: RWD; deal rating: GOOD_PRICE; exterior color: Gray; interior color: Red
2026-09-15,Artura,coupe,2023,178991,9690,USD,"Scottsdale, AZ, USA",dealer,2023 McLaren Artura,https://www.dupontregistry.com/car/mclaren/artura/2023/SBM16AEA1PW001909/617183,duPont REGISTRY,SBM16AEA1PW001909,Silver,,duPont REGISTRY search card; id=617183; Stock # 05160; exterior color: Silver
2026-09-15,Artura,coupe,2023,179998,2357,USD,"Norwell, MA",dealer,2023 McLaren Artura,https://www.cargurus.com/details/427425099,CarGurus,SBM16AEA5PW001637,Supernova Silver,Jet Black,Stock # P2253; trim: RWD; deal rating: FAIR_PRICE; exterior color: Supernova Silver; interior color: Jet Black
2026-09-15,Artura,coupe,2023,179999,,USD,"Scottsdale, Arizona, USA",dealer,2023 McLaren Artura,https://www.classic.com/veh/2023-mclaren-artura-sbm16aea0pw000623-pEdQdNW/,Classic.com,SBM16AEA0PW000623,green,Black,Classic.com asterisk asking; 10k mi displayed; mileage blank (rounded Nk mi); fixed-price; seller:Luxury Auto Collection; trim/pack: Luxury
2026-09-15,Artura,coupe,2023,180165,6340,USD,"Dallas, TX",dealer,2023 McLaren Artura,https://www.cargurus.com/details/457718198,CarGurus,SBM16AEA7PW000621,Gray (Storm Grey),Carbon Black,Stock # T10286; trim: RWD; deal rating: FAIR_PRICE; exterior color: Gray (Storm Grey); interior color: Carbon Black
2026-09-15,Artura,coupe,2023,183499,,USD,"Sterling, Virginia, USA",dealer,2023 McLaren Artura Performance Coupe,https://www.classic.com/veh/2023-mclaren-artura-performance-coupe-sbm16aea1pw0-nOER95p/,Classic.com,,,,Classic.com asterisk asking; 3k mi displayed; mileage blank (rounded Nk mi); fixed-price; seller:Washington Exotics; trim/pack: Performance
2026-09-15,Artura,coupe,2024,184985,10438,USD,"ZIP 92618, USA",dealer,2024 McLaren Artura Base,https://www.cars.com/vehicledetail/a142af61-daf1-4225-a68f-5950f4bdf59d/,Cars.com,SBM16AEA4RW002149,blue,,Cars.com SRP vehicle-card JSON; seller:Lamborghini Newport Beach; trim/pack: Base; exterior color: blue
2026-09-15,Artura,coupe,2023,184988,,USD,"Pompano Beach, Florida, USA",dealer,2023 McLaren Artura Coupe,https://www.classic.com/veh/2023-mclaren-artura-coupe-sbm16aea3pw001541-nBl8GRp/,Classic.com,SBM16AEA3PW001541,,,Classic.com asterisk asking; 1k mi displayed; mileage blank (rounded Nk mi); fixed-price; seller:Sienna Motors
2026-09-15,Artura,coupe,2023,184989,1048,USD,"Sterling, VA",dealer,2023 McLaren Artura,https://www.cargurus.com/details/452529537,CarGurus,SBM16AEA4PW002004,Black,Jet Black,Stock # PW002004Z; trim: RWD; deal rating: GREAT_PRICE; exterior color: Black; interior color: Jet Black
2026-09-15,Artura,coupe,2023,184989,,USD,"Sterling, Virginia, USA",dealer,2023 McLaren Artura Performance Coupe,https://www.classic.com/veh/2023-mclaren-artura-performance-coupe-sbm16aea4pw0-WxmRA2p/,Classic.com,,,,Classic.com asterisk asking; 1k mi displayed; mileage blank (rounded Nk mi); fixed-price; seller:Washington Exotics; trim/pack: Performance
2026-09-15,Artura,coupe,2024,184998,6896,USD,"Norwell, MA",dealer,2024 McLaren Artura,https://www.cargurus.com/details/435423931,CarGurus,SBM16AEA8RW002123,Belize Blue,Carbon Black,Stock # P2304; trim: Performance RWD; trim/pack: Performance; deal rating: GOOD_PRICE; exterior color: Belize Blue; interior color: Carbon Black
2026-09-15,Artura,coupe,2023,185000,,USD,"Rosemead, California, USA",dealer,2023 McLaren Artura,https://www.classic.com/veh/2023-mclaren-artura-sbm16aea7pw001610-WRY8Lon/,Classic.com,SBM16AEA7PW001610,white,,Classic.com asterisk asking; 7k mi displayed; mileage blank (rounded Nk mi); fixed-price; seller:Nextcar Motor
2026-09-15,Artura,coupe,2023,186800,3226,USD,"Las Vegas, NV, USA",dealer,2023 McLaren Artura,https://www.dupontregistry.com/car/mclaren/artura/2023/SBM16AEAXPW001911/602957,duPont REGISTRY,SBM16AEAXPW001911,Silver,Black,duPont REGISTRY search card; id=602957; Stock # V001911; exterior color: Silver; interior color: Black
2026-09-15,Artura,coupe,2024,186990,,USD,"Portland, Oregon, USA",dealer,2024 McLaren Artura Front Lift Bowers & Wilkins Audio Performance,https://www.classic.com/veh/2024-mclaren-artura-front-lift-bowers-wilkins-audi-peBXDz4/,Classic.com,,,,Classic.com asterisk asking; 1k mi displayed; mileage blank (rounded Nk mi); fixed-price; seller:D&C Motor Company; trim/pack: Performance
2026-09-15,Artura,coupe,2024,187240,1778,USD,"Portland, OR",dealer,2024 McLaren Artura,https://www.cargurus.com/details/455822217,CarGurus,SBM16AEA9RW002423,Anthracite,Gray (Graphite/Black & Ember Orange Accent),Stock # TR002423; trim: RWD; deal rating: GREAT_PRICE; exterior color: Anthracite; interior color: Gray (Graphite/Black & Ember Orange Accent)
2026-09-15,Artura,coupe,2024,187985,3266,USD,"ZIP 92618, USA",dealer,2024 McLaren Artura Base,https://www.cars.com/vehicledetail/cd482edf-2425-446e-b416-c72602920da1/,Cars.com,SBM16AEA1RW002142,Volcano Yellow,Black,Cars.com SRP vehicle-card JSON; seller:Lamborghini Newport Beach; trim/pack: Base; exterior color: yellow
2026-09-15,Artura,coupe,2024,189498,3726,USD,"Greenwich, CT",dealer,2024 McLaren Artura,https://www.cargurus.com/details/430078819,CarGurus,SBM16AEA5RW002161,Volcano Yellow,Carbon Black,Stock # 3433; trim: RWD; deal rating: GOOD_PRICE; exterior color: Volcano Yellow; interior color: Carbon Black
2026-09-15,Artura,coupe,2024,189998,2127,USD,"ZIP 02061, USA",dealer,2024 McLaren Artura TechLux,https://www.cars.com/vehicledetail/04738e05-835d-4214-ad33-6ae889197172/,Cars.com,SBM16AEA9RW002194,black,,Cars.com SRP vehicle-card JSON; seller:McLaren Boston; trim/pack: TechLux; exterior color: black
2026-09-15,Artura,coupe,2023,190489,,USD,"Highlands Ranch, Colorado, USA",dealer,2023 McLaren Artura,https://www.classic.com/veh/2023-mclaren-artura-sbm16aeaxpw001908-4y0j9rp/,Classic.com,SBM16AEAXPW001908,white,,Classic.com asterisk asking; 6k mi displayed; mileage blank (rounded Nk mi); fixed-price; seller:Maserati Denver
2026-09-15,Artura,coupe,2024,191498,1956,USD,"Greenwich, CT",dealer,2024 McLaren Artura,https://www.cargurus.com/details/430078822,CarGurus,SBM16AEA6RW002136,Onyx Black,Harissa Red,Stock # 3431; trim: RWD; deal rating: GREAT_PRICE; exterior color: Onyx Black; interior color: Harissa Red
2026-09-15,Artura,coupe,2023,191977,,USD,"Shawnee, Kansas, USA",dealer,2023 McLaren Artura Coupe,https://www.classic.com/veh/2023-mclaren-artura-coupe-sbm16aea9pw001477-pPxBrrp/,Classic.com,SBM16AEA9PW001477,,,Classic.com asterisk asking; 8k mi displayed; mileage blank (rounded Nk mi); fixed-price; seller:Aristocrat Motors
2026-09-15,Artura,coupe,2024,193076,5565,USD,"Palo Alto, CA",dealer,2024 McLaren Artura,https://www.cargurus.com/details/458192749,CarGurus,SBM16AEA7RW002114,Ventura Orange,,Stock # RW002114-MT; trim: RWD; deal rating: FAIR_PRICE; exterior color: Ventura Orange
2026-09-15,Artura,coupe,2023,197378,1630,USD,"Fresno, CA",dealer,2023 McLaren Artura,https://www.cargurus.com/details/458863616,CarGurus,SBM16AEA0PW001917,Plateaux,Gray (Graphite/Jet Black),Stock # 6986P; trim: Performance RWD; trim/pack: Performance; deal rating: GREAT_PRICE; exterior color: Plateaux; interior color: Gray (Graphite/Jet Black)
2026-09-15,Artura,coupe,2025,205900,5687,USD,"ZIP 92807, USA",dealer,2025 McLaren Artura Performance,https://www.cars.com/vehicledetail/09c7693f-564b-419f-8dfc-a551be6b0d1a/,Cars.com,SBM16AEA4SW002822,Abyss Black,Carbon Black,Cars.com SRP vehicle-card JSON; seller:DC Motors; trim/pack: Performance; exterior color: black
2026-09-15,Artura,coupe,2024,209999,,USD,"New York, New York, USA",dealer,2024 McLaren Artura Coupe,https://www.classic.com/veh/2024-mclaren-artura-coupe-sbm16aea6rw002153-nmqywQn/,Classic.com,SBM16AEA6RW002153,Blue,Black,Classic.com asterisk asking; 1k mi displayed; mileage blank (rounded Nk mi); fixed-price; seller:Status Auto Group
2026-09-15,Artura,coupe,2025,211676,,USD,"West Palm Beach, Florida, USA",dealer,2025 McLaren Artura TechLux Coupe,https://www.classic.com/veh/2025-mclaren-artura-techlux-coupe-sbm16aea8sw00364-pGXEYb4/,Classic.com,,,,Classic.com asterisk asking; 2k mi displayed; mileage blank (rounded Nk mi); fixed-price; seller:Jaguar Palm Beach; trim/pack: TechLux
2026-09-15,Artura,coupe,2025,212500,,USD,"Newtown Township, Pennsylvania, USA",dealer,2025 McLaren Artura,https://www.classic.com/veh/used-2025-mclaren-artura-sbm16aea3sw003671-47J2dAp/,Classic.com,SBM16AEA3SW003671,white,,Classic.com asterisk asking; 1k mi displayed; mileage blank (rounded Nk mi); fixed-price; seller:RDS Automotive Group
2026-09-15,Artura,coupe,2025,213498,2050,USD,"Greenwich, CT",dealer,2025 McLaren Artura,https://www.cargurus.com/details/427621033,CarGurus,SBM16AEA9SW002699,Onyx Black,Carbon Black/Jet Black,Stock # MC673A; trim: RWD; deal rating: GREAT_PRICE; exterior color: Onyx Black; interior color: Carbon Black/Jet Black
2026-09-15,Artura,coupe,2025,215985,7637,USD,"Winter Park , FL",dealer,2025 McLaren Artura,https://www.cargurus.com/details/440078898,CarGurus,SBM16AEA0SW003661,McLaren Orange,Gray (Graphite/Jet Black),Stock # MP267; trim: RWD; deal rating: FAIR_PRICE; exterior color: McLaren Orange; interior color: Gray (Graphite/Jet Black)
2026-09-15,Artura,coupe,2025,217997,4338,USD,"Miami, Florida, USA",dealer,2025 McLaren Artura,https://www.dupontregistry.com/car/mclaren/artura/2025/SBM16AEA1SW002891/619090,duPont REGISTRY,SBM16AEA1SW002891,,Black,duPont REGISTRY search card; id=619090; Stock # SLA37831C; interior color: Black
2026-09-15,Artura,coupe,2024,219000,,USD,"Boynton Beach, Florida, USA",dealer,2024 McLaren Artura,https://www.classic.com/veh/2024-mclaren-artura-sbm16aea6rw002363-nBkgeZW/,Classic.com,SBM16AEA6RW002363,,,Classic.com asterisk asking; 3k mi displayed; mileage blank (rounded Nk mi); fixed-price; seller:iLusso Boynton Beach
2026-09-15,Artura,coupe,2025,222980,366,USD,"ZIP 94596, USA",dealer,2025 McLaren Artura TechLux,https://www.cars.com/vehicledetail/87eada13-4fe2-4332-b56b-03152237d6ba/,Cars.com,SBM16AEA9SW003321,Onyx Black,Jet Black,Cars.com SRP vehicle-card JSON; seller:The Luxury Collection Walnut Creek; trim/pack: TechLux; exterior color: black
2026-09-15,Artura,coupe,2025,234996,,USD,"Charlotte, North Carolina, USA",dealer,2025 McLaren Artura Coupe,https://www.classic.com/veh/2025-mclaren-artura-coupe-sbm16aea2sw003872-4ZmdOep/,Classic.com,SBM16AEA2SW003872,Silica White,Red,Classic.com asterisk asking; 2k mi displayed; mileage blank (rounded Nk mi); fixed-price; seller:McLaren Charlotte
2026-09-15,Artura,coupe,2025,235890,4691,USD,"Winter Park, FL, USA",dealer,2025 McLaren Artura,https://www.dupontregistry.com/car/mclaren/artura/2025/SBM16BEA8SW002991/600726,duPont REGISTRY,SBM16BEA8SW002991,White,Black,duPont REGISTRY search card; id=600726; Stock # MP319; exterior color: White; interior color: Black
2026-09-15,Artura,coupe,2025,239999,2855,USD,"South Ramsey, NJ, USA",dealer,2025 McLaren Artura,https://www.dupontregistry.com/car/mclaren/artura/2025/SBM16BEA2SW003795/609304,duPont REGISTRY,SBM16BEA2SW003795,Orange,,duPont REGISTRY search card; id=609304; Stock # M27006A; exterior color: Orange
2026-09-15,Artura,coupe,2025,245989,,USD,"Highlands Ranch, Colorado, USA",dealer,2025 McLaren Artura,https://www.classic.com/veh/2025-mclaren-artura-sbm16bea4sw003040-n3GVDQn/,Classic.com,SBM16BEA4SW003040,blue,,Classic.com asterisk asking; 2k mi displayed; mileage blank (rounded Nk mi); fixed-price; seller:Maserati Denver
2026-09-15,Artura,coupe,2025,249900,,USD,"Charlotte, North Carolina, USA",dealer,2025 McLaren Artura,https://www.classic.com/veh/2025-mclaren-artura-sbm16bea0sw002838-4yoAJLW/,Classic.com,SBM16BEA0SW002838,silver,,Classic.com asterisk asking; 4k mi displayed; mileage blank (rounded Nk mi); fixed-price; seller:Tactical Fleet Charlotte
2026-09-15,Artura,coupe,2026,262493,53,USD,"Miami, FL",dealer,2026 McLaren Artura,https://www.cargurus.com/details/455466527,CarGurus,SBM16BEA1TW004194,Black,Harissa Red,Stock # 004194; trim: RWD; deal rating: FAIR_PRICE; exterior color: Black; interior color: Harissa Red
2026-09-15,Artura,coupe,2025,263696,105,USD,"Naples, Florida, USA",dealer,2025 McLaren Artura,https://www.classic.com/veh/2025-mclaren-artura-sbm16beaxsw003396-Wxeg1Rp/,Classic.com,SBM16BEAXSW003396,yellow,,Classic.com asterisk asking; exact miles displayed: 105 mi; fixed-price; seller:Naples Motorsports
2026-09-15,Artura,coupe,2026,311655,21,USD,"Newtown Township, Pennsylvania, USA",dealer,2026 McLaren Artura,https://www.classic.com/veh/2026-mclaren-artura-sbm16aea3tw004224-nmyJEOn/,Classic.com,SBM16AEA3TW004224,,,Classic.com asterisk asking; exact miles displayed: 21 mi; fixed-price; seller:RDS Automotive Group
2026-09-15,Artura,coupe,2026,312105,21,USD,"Newtown Township, Pennsylvania, USA",dealer,2026 McLaren Artura,https://www.classic.com/veh/2026-mclaren-artura-sbm16aea5tw004452-4D3a88p/,Classic.com,SBM16AEA5TW004452,,,Classic.com asterisk asking; exact miles displayed: 21 mi; fixed-price; seller:RDS Automotive Group
2026-09-15,Artura,coupe,2026,323191,126,USD,"Sterling, Virginia, USA",dealer,2026 McLaren Artura Coupe,https://www.classic.com/veh/2026-mclaren-artura-coupe-sbm16aea0tw004150-4yj0Yqn/,Classic.com,SBM16AEA0TW004150,,,Classic.com asterisk asking; exact miles displayed: 126 mi; fixed-price; seller:Washington Exotics
2026-09-15,Artura,coupe,2026,337405,21,USD,"Newtown Township, Pennsylvania, USA",dealer,2026 McLaren Artura,https://www.classic.com/veh/2026-mclaren-artura-sbm16bea8tw004497-4o6BEap/,Classic.com,SBM16BEA8TW004497,,,Classic.com asterisk asking; exact miles displayed: 21 mi; fixed-price; seller:RDS Automotive Group
2026-09-15,Artura,coupe,2026,342655,21,USD,"Newtown Township, Pennsylvania, USA",dealer,2026 McLaren Artura,https://www.classic.com/veh/2026-mclaren-artura-sbm16bea2tw004298-n1y5abn/,Classic.com,SBM16BEA2TW004298,,,Classic.com asterisk asking; exact miles displayed: 21 mi; fixed-price; seller:RDS Automotive Group
2026-09-15,Artura,spider,2025,228004,,USD,"Newtown Township, Pennsylvania, USA",dealer,2025 McLaren Artura,https://www.classic.com/veh/2025-mclaren-artura-spider-sbm16bea5sw002852-WbQ8Xyn/,Classic.com,SBM16BEA5SW002852,,,Classic.com asterisk asking; 8k mi displayed; mileage blank (rounded Nk mi); fixed-price; seller:RDS Automotive Group
2026-09-15,Artura,spider,2025,235990,5013,USD,"Winter Park, FL, USA",dealer,2025 McLaren Artura Spider,https://www.dupontregistry.com/car/mclaren/artura--spider/2025/SBM16BEA0SW003214/617134,duPont REGISTRY,SBM16BEA0SW003214,Orange,Black,duPont REGISTRY search card; id=617134; Stock # MP327; exterior color: Orange; interior color: Black
2026-09-15,Artura,spider,2025,244800,5012,USD,"Las Vegas, NV, USA",dealer,2025 McLaren Artura Spider,https://www.dupontregistry.com/car/mclaren/artura--spider/2025/SBM16BEA6SW002729/613963,duPont REGISTRY,SBM16BEA6SW002729,Blue (Tokyo Cyan),Ink/Jet Black,duPont REGISTRY search card; id=613963; Stock # V002729Z; interior color: Black
2026-09-15,Artura,spider,2025,247996,,USD,"Charlotte, North Carolina, USA",dealer,2025 McLaren Artura Spider,https://www.classic.com/veh/2025-mclaren-artura-techlux-sbm16beaxsw002989-n1MqRLn/,Classic.com,SBM16BEAXSW002989,Green,Black,Classic.com asterisk asking; 3k mi displayed; mileage blank (rounded Nk mi); fixed-price; seller:McLaren Charlotte
2026-09-15,Artura,spider,2025,249912,,USD,"West Chicago, Illinois, USA",dealer,2025 McLaren Artura Spider,https://www.classic.com/veh/2025-mclaren-artura-spider-sbm16bea6sw003198-W9BPkPp/,Classic.com,SBM16BEA6SW003198,Green,Black,Classic.com asterisk asking; 3k mi displayed; mileage blank (rounded Nk mi); fixed-price; seller:Chicago Motor Cars
2026-09-15,Artura,spider,2025,249991,2359,USD,"Scottsdale, AZ, USA",dealer,2025 McLaren Artura Spider,https://www.dupontregistry.com/car/mclaren/artura--spider/2025/SBM16BEA4SW003300/614662,duPont REGISTRY,SBM16BEA4SW003300,White,,duPont REGISTRY search card; id=614662; Stock # 05147; exterior color: White
2026-09-15,Artura,spider,2025,259996,2130,USD,"Charlotte, NC, USA",dealer,2025 McLaren Artura Spider,https://www.dupontregistry.com/car/mclaren/artura--spider/2025/SBM16BEA5SW003371/403522,duPont REGISTRY,SBM16BEA5SW003371,,Black,duPont REGISTRY search card; id=403522; Stock # 003371; interior color: Black
2026-09-15,Artura,spider,2026,269250,,USD,"Charlotte, North Carolina, USA",dealer,2026 McLaren Artura Spider,https://www.classic.com/veh/2026-mclaren-artura-spider-sbm16bea4tw004268-4MdE8zp/,Classic.com,SBM16BEA4TW004268,,,Classic.com asterisk asking; 1k mi displayed; mileage blank (rounded Nk mi); fixed-price; seller:McLaren Charlotte
2026-09-15,Artura,spider,2026,289250,91,USD,"Charlotte, North Carolina, USA",dealer,2026 McLaren Artura Spider,https://www.classic.com/veh/2026-mclaren-artura-spider-sbm16bea4tw004576-p0G20ZW/,Classic.com,SBM16BEA4TW004576,,,Classic.com asterisk asking; exact miles displayed: 91 mi; fixed-price; seller:McLaren Charlotte
2026-09-15,Artura,spider,2025,293076,3867,USD,"ZIP 28217, USA",dealer,2025 McLaren Artura TechLux,https://www.cars.com/vehicledetail/257e3c7e-1145-4d2b-a535-2a0e3963f5d4/,Cars.com,SBM16BEA2SW003232,orange,Black,Cars.com SRP vehicle-card JSON; seller:McLaren Charlotte; trim/pack: TechLux; exterior color: orange
2026-09-15,Artura,spider,2026,302750,66,USD,"Charlotte, North Carolina, USA",dealer,2026 McLaren Artura Spider,https://www.classic.com/veh/2026-mclaren-artura-spider-sbm16bea4tw004299-nOERB2p/,Classic.com,SBM16BEA4TW004299,,,Classic.com asterisk asking; exact miles displayed: 66 mi; fixed-price; seller:McLaren Charlotte
2026-09-15,Artura,spider,2026,312650,15,USD,"ZIP 30350, USA",dealer,2026 McLaren Artura Spider,https://www.cars.com/vehicledetail/6ce0de57-1f8c-4c18-846f-b3e4117052de/,Cars.com,SBM16BEA4TW004240,black,,Cars.com SRP vehicle-card JSON; seller:Motorcars of Atlanta; trim: Spider; exterior color: black
2026-09-15,Artura,spider,2026,327250,33,USD,"Charlotte, North Carolina, USA",dealer,2026 McLaren Artura Spider,https://www.classic.com/veh/2026-mclaren-artura-sbm16beaxtw004369-nwXLZyW/,Classic.com,SBM16BEAXTW004369,,,Classic.com asterisk asking; exact miles displayed: 33 mi; fixed-price; seller:McLaren Charlotte
2026-09-15,Artura,spider,2025,329980,,USD,"Newtown Township, Pennsylvania, USA",dealer,2025 McLaren Artura Spider,https://www.classic.com/veh/2025-mclaren-artura-spider-sbm16bea5sw002513-nX7DQb4/,Classic.com,SBM16BEA5SW002513,,,Classic.com asterisk asking; 1k mi displayed; mileage blank (rounded Nk mi); fixed-price; seller:RDS Automotive Group
2026-09-15,Artura,spider,2025,338067,241,USD,"Sterling, Virginia, USA",dealer,2025 McLaren Artura Spider,https://www.classic.com/veh/2025-mclaren-artura-spider-sbm16bea6sw003802-WqJa93p/,Classic.com,SBM16BEA6SW003802,,,Classic.com asterisk asking; exact miles displayed: 241 mi; fixed-price; seller:Washington Exotics
2026-09-15,Artura,spider,2026,361297,21,USD,"Newtown Township, Pennsylvania, USA",dealer,2026 McLaren Artura Spider Performance,https://www.classic.com/veh/2026-mclaren-artura-spider-performance-sbm16bea6tw-47Jlvxp/,Classic.com,,,,Classic.com asterisk asking; exact miles displayed: 21 mi; fixed-price; seller:RDS Automotive Group; trim/pack: Performance
2026-09-15,Artura,spider,2025,406983,188,USD,"Newtown Township, Pennsylvania, USA",dealer,2025 McLaren Artura Spider,https://www.classic.com/veh/2025-mclaren-artura-spider-sbm16bea8sw003395-nQxdEe4/,Classic.com,SBM16BEA8SW003395,,,Classic.com asterisk asking; exact miles displayed: 188 mi; fixed-price; seller:RDS Automotive Group
2026-09-15,720S,coupe,2019,190590,42025,USD,"ZIP 80219, USA",dealer,2019 McLaren 720S,https://www.cars.com/vehicledetail/03f2e09a-5438-4a1e-ad49-c68abbba9843/,Cars.com,SBM14DCA5KW002967,orange,,Cars.com SRP vehicle-card JSON; seller:Nice Auto Sales; exterior color: orange
2026-09-15,720S,coupe,2018,214790,,USD,"Tampa, Florida, USA",dealer,2018 McLaren 720S Luxury Coupe 2D,https://www.classic.com/veh/2018-mclaren-720s-luxury-coupe-2d-sbm14dca5jw00212-4V2R2d4/,Classic.com,,,,Classic.com asterisk asking; 20k mi displayed; mileage blank (rounded Nk mi); fixed-price; seller:Tampa Auto Gallery; trim: Luxury
2026-09-15,720S,coupe,2018,216991,,USD,"Tampa, Florida, USA",dealer,2018 McLaren 720S Coupe 2D,https://www.classic.com/veh/2018-mclaren-720s-coupe-2d-sbm14dca4jw000626-4o6Qkqp/,Classic.com,SBM14DCA4JW000626,,,Classic.com asterisk asking; 14k mi displayed; mileage blank (rounded Nk mi); fixed-price; seller:Tampa Auto Gallery
2026-09-15,720S,coupe,2018,224912,,USD,"West Chicago, Illinois, USA",dealer,2018 McLaren 720S Coupe,https://www.classic.com/veh/2018-mclaren-720s-coupe-sbm14dca8jw000404-p0GoVJW/,Classic.com,SBM14DCA8JW000404,,,Classic.com asterisk asking; 15k mi displayed; mileage blank (rounded Nk mi); fixed-price; seller:Chicago Motor Cars
2026-09-15,720S,coupe,2018,229995,,USD,"Delray Beach, Florida, USA",dealer,2018 McLaren 720S Coupe,https://www.classic.com/veh/2018-mclaren-720s-coupe-sbm14dca2jw000768-nQBNrvW/,Classic.com,SBM14DCA2JW000768,white,,"Classic.com asterisk asking; 21k mi displayed; mileage blank (rounded Nk mi); fixed-price; seller:Presidential Auto Sales, Service And Leasing"
2026-09-15,720S,coupe,2019,235413,29577,USD,"Hinsdale, IL",dealer,2019 McLaren 720S,https://www.cargurus.com/details/458192540,CarGurus,SBM14DCA6KW003240,Onyx Black,,Stock # P1272; trim: Performance Coupe RWD; deal rating: FAIR_PRICE; exterior color: Onyx Black
2026-09-15,720S,coupe,2018,239995,25605,USD,"Joliet, IL, USA",dealer,2018 McLaren 720S,https://www.dupontregistry.com/car/mclaren/720s/2018/SBM14DCA0JW000753/615151,duPont REGISTRY,SBM14DCA0JW000753,Blue,Black,duPont REGISTRY search card; id=615151; Stock # 8352-TR; exterior color: Blue; interior color: Black
2026-09-15,720S,coupe,2019,240373,20706,USD,"ZIP 60435, USA",dealer,2019 McLaren 720S Performance,https://www.cars.com/vehicledetail/ef27934e-4ce8-4088-a7a3-6b208ac9f5f3/,Cars.com,SBM14DCA3KW003440,Amethyst Black,Carbon Black with Jet Black Insert,Cars.com SRP vehicle-card JSON; seller:Motor Cars of Chicago; trim: Performance; exterior color: black
2026-09-15,720S,coupe,2019,244900,,USD,"Addison, Texas, USA",dealer,2019 McLaren 720S Coupe,https://www.classic.com/veh/2019-mclaren-720s-coupe-sbm14dca7kw002565-4VwDZVn/,Classic.com,SBM14DCA7KW002565,orange,,Classic.com asterisk asking; 20k mi displayed; mileage blank (rounded Nk mi); fixed-price; seller:Tactical Fleet Dallas
2026-09-15,720S,coupe,2019,244900,,USD,"Wylie, Texas, USA",dealer,2019 McLaren 720S Coupe,https://www.classic.com/veh/2019-mclaren-720s-coupe-sbm14dcaxkw002608-peLXY7W/,Classic.com,SBM14DCAXKW002608,,,Classic.com asterisk asking; 18k mi displayed; mileage blank (rounded Nk mi); fixed-price; seller:MC European
2026-09-15,720S,coupe,2018,246889,11657,USD,"Lindon, UT, USA",dealer,2018 McLaren 720S,https://www.dupontregistry.com/car/mclaren/720s/2018/SBM14DCA1JW002141/569238,duPont REGISTRY,SBM14DCA1JW002141,Orange,Black,duPont REGISTRY search card; id=569238; Stock # 0221; exterior color: Orange; interior color: Black
2026-09-15,720S,coupe,2019,249995,14641,USD,"Joliet, IL, USA",dealer,2019 McLaren 720S,https://www.dupontregistry.com/car/mclaren/720s/2019/SBM14DCAXKW002589/593215,duPont REGISTRY,SBM14DCAXKW002589,Gray,Carbon Black with Jet Black Insert,duPont REGISTRY search card; id=593215; Stock # 9935; exterior color: Gray; interior color: Black
2026-09-15,720S,coupe,2018,250000,,USD,"Lubbock, Texas, USA",dealer,2018 McLaren 720S Coupe,https://www.classic.com/veh/2018-mclaren-720s-coupe-sbm14dca0jw002230-WLVzzl4/,Classic.com,SBM14DCA0JW002230,,,Classic.com asterisk asking; 14k mi displayed; mileage blank (rounded Nk mi); fixed-price; seller:Nathan-Ross Motors
2026-09-15,720S,coupe,2018,254999,,USD,"New York, New York, USA",dealer,2018 McLaren 720S,https://www.classic.com/veh/2018-mclaren-720s-sbm14dca6jw001101-n16XbvW/,Classic.com,SBM14DCA6JW001101,,,Classic.com asterisk asking; 3k mi displayed; mileage blank (rounded Nk mi); fixed-price; seller:Brooklyn Auto Sales
2026-09-15,720S,coupe,2020,259595,,USD,"Tempe, Arizona, USA",dealer,2020 McLaren 720S,https://www.classic.com/veh/2020-mclaren-720s-sbm14fcaxlw005019-pzmMJxW/,Classic.com,SBM14FCAXLW005019,black,,Classic.com asterisk asking; 21k mi displayed; mileage blank (rounded Nk mi); fixed-price; seller:Cars Land Llc
2026-09-15,720S,coupe,2019,259990,,USD,"Concord, California, USA",dealer,2019 McLaren 720S,https://www.classic.com/veh/2019-mclaren-720s-coupe-sbm14dca2kw004661-47ByMBp/,Classic.com,SBM14DCA2KW004661,Silica White,Black/Scoria Gray,Classic.com asterisk asking; 8k mi displayed; mileage blank (rounded Nk mi); fixed-price; seller:Elite Motor Cars
2026-09-15,720S,coupe,2019,264995,5715,USD,"Joliet, IL, USA",dealer,2019 McLaren 720S,https://www.dupontregistry.com/car/mclaren/720s/2019/SBM14DCA1KW002478/611891,duPont REGISTRY,SBM14DCA1KW002478,Gray,Gray,duPont REGISTRY search card; id=611891; Stock # 10635; exterior color: Gray; interior color: Gray
2026-09-15,720S,coupe,2019,267995,,USD,"San Clemente, California, USA",dealer,2019 McLaren 720S Coupe,https://www.classic.com/veh/2019-mclaren-720s-coupe-sbm14dca8kw003563-Wjb9RjW/,Classic.com,SBM14DCA8KW003563,,,Classic.com asterisk asking; 5k mi displayed; mileage blank (rounded Nk mi); fixed-price; seller:European Exotic Center - San Clemente
2026-09-15,720S,coupe,2018,268888,,USD,"Minneapolis, Minnesota, USA",dealer,2018 McLaren 720S Coupe,https://www.classic.com/veh/2018-mclaren-720s-coupe-sbm14dca7jw000989-WLlD6NW/,Classic.com,SBM14DCA7JW000989,,,Classic.com asterisk asking; 6k mi displayed; mileage blank (rounded Nk mi); fixed-price; seller:Lamborghini Minneapolis
2026-09-15,720S,coupe,2019,270985,4262,USD,"Winter Park , FL",dealer,2019 McLaren 720S,https://www.cargurus.com/details/457123698,CarGurus,SBM14DCA3KW002918,McLaren Orange,Scoria Gray/McLaren Orange,Stock # MP333; trim: Coupe RWD; deal rating: GOOD_PRICE; exterior color: McLaren Orange; interior color: Scoria Gray/McLaren Orange
2026-09-15,720S,coupe,2020,277990,12879,USD,"Beverly Hills, CA",dealer,2020 McLaren 720S,https://www.cargurus.com/details/451799414,CarGurus,SBM14DCA2LW005228,Lantana Purple,Black,Stock # 9792LV; trim: Performance Coupe RWD; deal rating: GOOD_PRICE; exterior color: Lantana Purple; interior color: Black
2026-09-15,720S,coupe,2018,279995,1541,USD,"Joliet, IL, USA",dealer,2018 McLaren 720S,https://www.dupontregistry.com/car/mclaren/720s/2018/SBM14DCA7JW002046/611878,duPont REGISTRY,SBM14DCA7JW002046,Blade Silver,Carbon Black,duPont REGISTRY search card; id=611878; Stock # 10561; exterior color: Silver; interior color: Black
2026-09-15,720S,coupe,2022,284990,,USD,"Beverly Hills, California, USA",dealer,2022 McLaren 720S Performance,https://www.classic.com/veh/2022-mclaren-720s-performance-sbm14dca3nw006729-p6Q7vjW/,Classic.com,SBM14DCA3NW006729,,,Classic.com asterisk asking; 13k mi displayed; mileage blank (rounded Nk mi); fixed-price; seller:Marshall Goldman Beverly Hills; trim: Performance
2026-09-15,720S,coupe,2021,288063,8795,USD,"Roslyn, NY",dealer,2021 McLaren 720S,https://www.cargurus.com/details/455551637,CarGurus,SBM14DCA8MW006188,Memphis Red,Black,Stock # 5277; trim: Performance Coupe RWD; deal rating: GOOD_PRICE; exterior color: Memphis Red; interior color: Black
2026-09-15,720S,coupe,2021,294999,,USD,"Scottsdale, Arizona, USA",dealer,2021 McLaren 720S Coupe,https://www.classic.com/veh/2021-mclaren-720s-coupe-sbm14dcaxmw005835-WjbvANW/,Classic.com,SBM14DCAXMW005835,,,Classic.com asterisk asking; 28k mi displayed; mileage blank (rounded Nk mi); fixed-price; seller:Luxury Auto Collection
2026-09-15,720S,coupe,2022,299912,,USD,"West Chicago, Illinois, USA",dealer,2022 McLaren 720S Coupe,https://www.classic.com/veh/2022-mclaren-720s-coupe-sbm14dca7nw006975-nQdM2o4/,Classic.com,SBM14DCA7NW006975,Black,Black,Classic.com asterisk asking; 8k mi displayed; mileage blank (rounded Nk mi); fixed-price; seller:Chicago Motor Cars
2026-09-15,720S,coupe,2022,314999,,USD,"New York, New York, USA",dealer,2022 McLaren 720S,https://www.classic.com/veh/2022-mclaren-720s-sbm14fca2nw006961-WxND8x4/,Classic.com,SBM14FCA2NW006961,,,Classic.com asterisk asking; 8k mi displayed; mileage blank (rounded Nk mi); fixed-price; seller:Brooklyn Auto Sales
2026-09-15,720S,coupe,2021,335714,3775,USD,"ZIP 78006, USA",dealer,2021 McLaren 720S PERFORMANCE-LE MANS EDITION-ONE OF 50 PRODUCED-ONL,https://www.cars.com/vehicledetail/ca96f739-5059-4204-b676-0a60a446c30d/,Cars.com,SBM14DCA8MW298019,Gray (Sarthe Grey),,Cars.com SRP vehicle-card JSON; seller:Mark Motors; trim: Performance; exterior color: gray
2026-09-15,720S,coupe,2021,359985,7492,USD,"ZIP 92618, USA",dealer,2021 McLaren 720S Performance,https://www.cars.com/vehicledetail/fbe2ba13-95b2-4632-b1e1-3041a6c63006/,Cars.com,SBM14DCA7MW298030,gray,,Cars.com SRP vehicle-card JSON; seller:Lamborghini Newport Beach; trim: Performance; exterior color: gray
2026-09-15,720S,spider,2020,229989,27320,USD,"ZIP 53038, USA",dealer,2020 McLaren 720S Luxury,https://www.cars.com/vehicledetail/cafb5321-9884-48ce-b27b-ffdfa0be8bd6/,Cars.com,SBM14FCA5LW004344,Pearl White,Brown (Vintage Tan),Cars.com SRP vehicle-card JSON; seller:Kearns Motor Car Co.; trim: Luxury; exterior color: white
2026-09-15,720S,spider,2020,236625,27651,USD,"ZIP 75150, USA",dealer,2020 McLaren 720S Performance,https://www.cars.com/vehicledetail/263d015b-f149-4307-a3a1-b26c5e2c17e7/,Cars.com,SBM14FCA5LW005123,Supernova Silver,Black,Cars.com SRP vehicle-card JSON; seller:Texas Autos Direct; trim: Performance; exterior color: silver
2026-09-15,720S,spider,2020,239995,,USD,"Houston, Texas, USA",dealer,2020 McLaren 720S Spider,https://www.classic.com/veh/2020-mclaren-720s-spider-sbm14fca8lw004192-nBJVrJn/,Classic.com,SBM14FCA8LW004192,,,Classic.com asterisk asking; 3k mi displayed; mileage blank (rounded Nk mi); fixed-price; seller:Houston Auto World
2026-09-15,720S,spider,2020,243469,,USD,"Highland Park, Illinois, USA",dealer,2020 McLaren 720S Spider,https://www.classic.com/veh/2020-mclaren-720s-spider-sbm14fca5lw004862-W97bGb4/,Classic.com,SBM14FCA5LW004862,white,,Classic.com asterisk asking; 23k mi displayed; mileage blank (rounded Nk mi); fixed-price; seller:Gravity Autos Chicago
2026-09-15,720S,spider,2020,247494,25072,USD,"Saint Louis, MO",dealer,2020 McLaren 720S,https://www.cargurus.com/details/455021001,CarGurus,SBM14FCA9LW004685,Orange,Black,Stock # RPF 3818; trim: Performance Spider RWD; deal rating: GOOD_PRICE; exterior color: Orange; interior color: Black
2026-09-15,720S,spider,2020,255858,,USD,"Costa Mesa, California, USA",dealer,2020 McLaren 720S Spider,https://www.classic.com/veh/2020-mclaren-720s-spider-sbm14fca0lw005076-4a50Dv4/,Classic.com,SBM14FCA0LW005076,,,Classic.com asterisk asking; 18k mi displayed; mileage blank (rounded Nk mi); fixed-price; seller:OBZU
2026-09-15,720S,spider,2020,255995,,USD,"Houston, Texas, USA",dealer,2020 McLaren 720S Spider,https://www.classic.com/veh/2020-mclaren-720s-spider-sbm14fca7lw004345-4rv33l4/,Classic.com,SBM14FCA7LW004345,,,Classic.com asterisk asking; 18k mi displayed; mileage blank (rounded Nk mi); fixed-price; seller:Autodynamics
2026-09-15,720S,spider,2020,264995,,USD,"Tampa, Florida, USA",dealer,2020 McLaren 720S Spider,https://www.classic.com/veh/2020-mclaren-720s-spider-sbm14fca5lw004487-WxmwZQp/,Classic.com,SBM14FCA5LW004487,,,Classic.com asterisk asking; 10k mi displayed; mileage blank (rounded Nk mi); fixed-price; seller:European Exotic Center - Tampa
2026-09-15,720S,spider,2021,266393,,USD,"Kelowna, CAN",dealer,2021 McLaren 720S Spider,https://www.classic.com/veh/2021-mclaren-720s-spider-sbm14fca4mw006006-p0GGjwW/,Classic.com,SBM14FCA4MW006006,,,Classic.com asterisk asking; unparsed mileage text '3k km (2k mi)'; left blank; fixed-price; seller:August Luxury Motorcars
2026-09-15,720S,spider,2020,269808,,USD,"Newtown Township, Pennsylvania, USA",dealer,2020 McLaren 720S Spider,https://www.classic.com/veh/2020-mclaren-720s-spider-sbm14fca6lw005308-WqOK3B4/,Classic.com,SBM14FCA6LW005308,,,Classic.com asterisk asking; 17k mi displayed; mileage blank (rounded Nk mi); fixed-price; seller:RDS Automotive Group
2026-09-15,720S,spider,2020,269995,16951,USD,"Joliet, IL, USA",dealer,2020 McLaren 720S Spider,https://www.dupontregistry.com/car/mclaren/720s--spider/2020/SBM14FCA4LW004979/619449,duPont REGISTRY,SBM14FCA4LW004979,Orange,Black,duPont REGISTRY search card; id=619449; Stock # 10671; exterior color: Orange; interior color: Black
2026-09-15,720S,spider,2022,273083,,USD,"Sandy Springs, Georgia, USA",dealer,2022 McLaren 720S,https://www.classic.com/veh/2022-mclaren-720s-spider-sbm14fca0nw006585-4o70zB4/,Classic.com,SBM14FCA0NW006585,,,Classic.com asterisk asking; 25k mi displayed; mileage blank (rounded Nk mi); fixed-price; seller:Gravity Autos Sandy Springs
2026-09-15,720S,spider,2021,274981,,USD,"Raleigh, North Carolina, USA",dealer,2021 McLaren 720S Spider,https://www.classic.com/veh/2021-mclaren-720s-spider-sbm14fca0mw005905-nQBXbOW/,Classic.com,SBM14FCA0MW005905,,,Classic.com asterisk asking; 8k mi displayed; mileage blank (rounded Nk mi); fixed-price; seller:Murphy Motor Company
2026-09-15,720S,spider,2020,274995,18306,USD,"Joliet, IL, USA",dealer,2020 McLaren 720S Spider,https://www.dupontregistry.com/car/mclaren/720s--spider/2020/SBM14FCA1LW004468/625316,duPont REGISTRY,SBM14FCA1LW004468,Orange,Black,duPont REGISTRY search card; id=625316; Stock # 10863; exterior color: Orange; interior color: Black
2026-09-15,720S,spider,2020,275225,8570,USD,"ZIP 46240, USA",dealer,2020 McLaren 720S Base,https://www.cars.com/vehicledetail/0f26d208-5067-4c85-a384-e075b972ff7b/,Cars.com,SBM14FCA1LW004602,black,,Cars.com SRP vehicle-card JSON; seller:Bentley Indianapolis; trim: Base; exterior color: black
2026-09-15,720S,spider,2020,278900,6975,USD,"Carrollton, TX",dealer,2020 McLaren 720S,https://www.cargurus.com/details/458309293,CarGurus,SBM14FCA7LW004829,Silver,Black,Stock # EX004829R; trim: Luxury Spider RWD; deal rating: GOOD_PRICE; exterior color: Silver; interior color: Black
2026-09-15,720S,spider,2019,279995,5552,USD,"Joliet, IL, USA",dealer,2019 McLaren 720S Spider,https://www.dupontregistry.com/car/mclaren/720s--spider/2019/SBM14FCA8KW003736/627937,duPont REGISTRY,SBM14FCA8KW003736,Black,Black,duPont REGISTRY search card; id=627937; Stock # 10874; exterior color: Black; interior color: Black
2026-09-15,720S,spider,2020,279995,19801,USD,"Joliet, IL, USA",dealer,2020 McLaren 720S Spider,https://www.dupontregistry.com/car/mclaren/720s--spider/2020/SBM14FCA9LW004668/568715,duPont REGISTRY,SBM14FCA9LW004668,Blue,Black,duPont REGISTRY search card; id=568715; Stock # 8419-TR-TR; exterior color: Blue; interior color: Black
2026-09-15,720S,spider,2020,280145,11821,USD,"Lewisville, TX",dealer,2020 McLaren 720S,https://www.cargurus.com/details/449251575,CarGurus,SBM14FCAXLW004940,[VCY] Volcano Yellow,Black,Stock # 2676; trim: Performance Spider RWD; deal rating: FAIR_PRICE; exterior color: [VCY] Volcano Yellow; interior color: Black
2026-09-15,720S,spider,2020,280789,7106,USD,"ZIP 20166, USA",dealer,2020 McLaren 720S Performance,https://www.cars.com/vehicledetail/deb7db2b-eec6-40c6-960e-316a4997bc04/,Cars.com,SBM14FCA4LW005257,yellow,,Cars.com SRP vehicle-card JSON; seller:Maserati of Washington; trim: Performance; exterior color: yellow
2026-09-15,720S,spider,2022,282973,,USD,"Newtown Township, Pennsylvania, USA",dealer,2022 McLaren 720S Spider,https://www.classic.com/veh/2022-mclaren-720s-spider-performance-convertible-s-nwXVrlW/,Classic.com,,,,Classic.com asterisk asking; 16k mi displayed; mileage blank (rounded Nk mi); fixed-price; seller:RDS Automotive Group
2026-09-15,720S,spider,2021,284933,5445,USD,"Boerne, TX",dealer,2021 McLaren 720S,https://www.cargurus.com/details/443668101,CarGurus,SBM14FCA0MW005984,Volcano Yellow,Jet Black,Stock # P005984; trim: Performance Spider RWD; deal rating: GOOD_PRICE; exterior color: Volcano Yellow; interior color: Jet Black
2026-09-15,720S,spider,2020,284995,11141,USD,"Joliet, IL, USA",dealer,2020 McLaren 720S Spider,https://www.dupontregistry.com/car/mclaren/720s--spider/2020/SBM14FCA1LW004244/627938,duPont REGISTRY,SBM14FCA1LW004244,Black,Black,duPont REGISTRY search card; id=627938; Stock # 10887; exterior color: Black; interior color: Black
2026-09-15,720S,spider,2021,285800,,USD,"Westbury, New York, USA",dealer,2021 McLaren 720S Spider Performance,https://www.classic.com/veh/2021-mclaren-720s-spider-performance-sbm14fca3mw00-n3Gjmln/,Classic.com,,,,Classic.com asterisk asking; 17k mi displayed; mileage blank (rounded Nk mi); fixed-price; seller:Alpha Auto Long Island; trim: Performance
2026-09-15,720S,spider,2021,287500,,USD,"Wylie, Texas, USA",dealer,2021 McLaren 720S Spider,https://www.classic.com/veh/2021-mclaren-720s-spider-sbm14fca6mw006072-WkyB2o4/,Classic.com,SBM14FCA6MW006072,,,Classic.com asterisk asking; 1k mi displayed; mileage blank (rounded Nk mi); fixed-price; seller:MC European
2026-09-15,720S,spider,2020,289995,20386,USD,"Joliet, IL, USA",dealer,2020 McLaren 720S Spider,https://www.dupontregistry.com/car/mclaren/720s--spider/2020/SBM14FCA6LW005311/615135,duPont REGISTRY,SBM14FCA6LW005311,Black,Black,duPont REGISTRY search card; id=615135; Stock # 10638; exterior color: Black; interior color: Black
2026-09-15,720S,spider,2021,292280,11769,USD,"ZIP 33306, USA",dealer,2021 McLaren 720S Performance,https://www.cars.com/vehicledetail/2d282794-38c0-4b9b-bde7-06197f7249b2/,Cars.com,SBM14FCA8MW005991,green,,Cars.com SRP vehicle-card JSON; seller:Coast to Coast Imports; trim: Performance; exterior color: green
2026-09-15,720S,spider,2020,292500,,USD,"West Palm Beach, Florida, USA",dealer,2020 McLaren 720S Spider,https://www.classic.com/veh/2020-mclaren-720s-spider-sbm14fca2lw004611-WNGmlkp/,Classic.com,SBM14FCA2LW004611,,,Classic.com asterisk asking; 1k mi displayed; mileage blank (rounded Nk mi); fixed-price; seller:Rocky's Ultimate Garage
2026-09-15,720S,spider,2021,294900,,USD,"Costa Mesa, California, USA",dealer,2021 McLaren 720S Spider Performance,https://www.classic.com/veh/2021-mclaren-720s-performance-sbm14fca9mw006325-WLx1XzW/,Classic.com,SBM14FCA9MW006325,,,Classic.com asterisk asking; 5k mi displayed; mileage blank (rounded Nk mi); fixed-price; seller:iLusso Costa Mesa; trim: Performance
2026-09-15,720S,spider,2022,296939,2770,USD,"Boerne, TX",dealer,2022 McLaren 720S,https://www.cargurus.com/details/436676763,CarGurus,SBM14FCA8NW006513,Vermillion Red,Black/Xenon Yellow,Stock # P006513; trim: Performance Spider RWD; deal rating: GOOD_PRICE; exterior color: Vermillion Red; interior color: Black/Xenon Yellow
2026-09-15,720S,spider,2021,298900,,USD,"Pompano Beach, Florida, USA",dealer,2021 McLaren 720S Spider,https://www.classic.com/veh/2021-mclaren-720s-spider-sbm14fca5mw006080-nwJJAY4/,Classic.com,SBM14FCA5MW006080,White,Black,Classic.com asterisk asking; 2k mi displayed; mileage blank (rounded Nk mi); fixed-price; seller:Southeast Auto Showroom
2026-09-15,720S,spider,2020,299894,,USD,"Pinellas County, Florida, USA",dealer,2020 McLaren 720S Spider,https://www.classic.com/veh/2020-mclaren-720s-spider-sbm14fca1lw004051-W970Ke4/,Classic.com,SBM14FCA1LW004051,,,Classic.com asterisk asking; 5k mi displayed; mileage blank (rounded Nk mi); fixed-price; seller:Premier Auto Lounge
2026-09-15,720S,spider,2020,299995,,USD,"Houston, Texas, USA",dealer,2020 McLaren 720S Spider,https://www.classic.com/veh/2020-mclaren-720s-spider-sbm14fca3lw004472-pGX6kx4/,Classic.com,SBM14FCA3LW004472,Blue,Brown (Tan),Classic.com asterisk asking; 2k mi displayed; mileage blank (rounded Nk mi); fixed-price; seller:Autodynamics
2026-09-15,720S,spider,2022,299995,23050,USD,"Joliet, IL, USA",dealer,2022 McLaren 720S Spider,https://www.dupontregistry.com/car/mclaren/720s--spider/2022/SBM14FCA3NW006550/619442,duPont REGISTRY,SBM14FCA3NW006550,,Black,duPont REGISTRY search card; id=619442; Stock # 10627-TR; interior color: Black
2026-09-15,720S,spider,2022,304996,,USD,"Charlotte, North Carolina, USA",dealer,2022 McLaren 720S Spider,https://www.classic.com/veh/2022-mclaren-720s-spider-sbm14fcaxnw006478-nBvzd9n/,Classic.com,SBM14FCAXNW006478,White,Black,Classic.com asterisk asking; 7k mi displayed; mileage blank (rounded Nk mi); fixed-price; seller:McLaren Charlotte
2026-09-15,720S,spider,2022,306995,,USD,"Fort Wayne, Indiana, USA",dealer,2022 McLaren 720S Spider,https://www.classic.com/veh/2022-mclaren-720s-spider-sbm14fca6nw006672-WLO13zn/,Classic.com,SBM14FCA6NW006672,,,Classic.com asterisk asking; 7k mi displayed; mileage blank (rounded Nk mi); fixed-price; seller:SweetCars
2026-09-15,720S,spider,2022,308572,3000,USD,"ZIP 34113, USA",dealer,2022 McLaren 720S Performance,https://www.cars.com/vehicledetail/7a7ad6bc-314f-42eb-94ff-1d586d7e111f/,Cars.com,SBM14FCA8NW006950,blue,,Cars.com SRP vehicle-card JSON; seller:Lamborghini Naples; trim: Performance; exterior color: blue
2026-09-15,720S,spider,2021,309950,,USD,"Brentwood, Tennessee, USA",dealer,2021 McLaren 720S Spider,https://www.classic.com/veh/2021-mclaren-720s-spider-sbm14fca5mw006323-p6qw5VW/,Classic.com,SBM14FCA5MW006323,,,Classic.com asterisk asking; 7k mi displayed; mileage blank (rounded Nk mi); fixed-price; seller:Autopro Of Nashville
2026-09-15,720S,spider,2022,310373,4082,USD,"ZIP 60435, USA",dealer,2022 McLaren 720S Performance,https://www.cars.com/vehicledetail/bccc3b9e-7458-4c29-a095-f69d006f5441/,Cars.com,SBM14FCA3NW006824,orange,,Cars.com SRP vehicle-card JSON; seller:Motor Cars of Chicago; trim: Performance; exterior color: orange
2026-09-15,720S,spider,2022,314900,,USD,"Charles City, Virginia, USA",dealer,2022 McLaren 720S Spider,https://www.classic.com/veh/2022-mclaren-720s-spider-sbm14fca2nw006880-4MAJAM4/,Classic.com,SBM14FCA2NW006880,,,Classic.com asterisk asking; 11k mi displayed; mileage blank (rounded Nk mi); fixed-price; seller:Davis Autosports
2026-09-15,720S,spider,2023,314950,,USD,"Miami-Dade County, Florida, USA",dealer,2023 McLaren 720S Spider,https://www.classic.com/veh/2023-mclaren-720s-spider-sbm14fca3pw007149-n36QkP4/,Classic.com,SBM14FCA3PW007149,gray,,Classic.com asterisk asking; 1k mi displayed; mileage blank (rounded Nk mi); fixed-price; seller:Prestige Imports
2026-09-15,720S,spider,2022,315000,,USD,"Westfield, Indiana, USA",dealer,2022 McLaren 720S Spider,https://www.classic.com/veh/2022-mclaren-720s-spider-sbm14fca0nw006568-47oGbX4/,Classic.com,SBM14FCA0NW006568,,,Classic.com asterisk asking; 7k mi displayed; mileage blank (rounded Nk mi); fixed-price; seller:Unlimited Motors
2026-09-15,720S,spider,2022,319996,,USD,"Charlotte, North Carolina, USA",dealer,2022 McLaren 720S Spider,https://www.classic.com/veh/2022-mclaren-720s-spider-sbm14fca7nw006812-4Vw12vn/,Classic.com,SBM14FCA7NW006812,black,Yellow,Classic.com asterisk asking; 3k mi displayed; mileage blank (rounded Nk mi); fixed-price; seller:McLaren Charlotte
2026-09-15,720S,spider,2022,325000,,USD,"San Diego, California, USA",dealer,2022 McLaren 720S Spider,https://www.classic.com/veh/2022-mclaren-720s-spider-sbm14fca0nw006845-n167dgW/,Classic.com,SBM14FCA0NW006845,,,Classic.com asterisk asking; 6k mi displayed; mileage blank (rounded Nk mi); fixed-price; seller:Ferrari of San Diego
2026-09-15,720S,spider,2021,329995,6389,USD,"Joliet, IL, USA",dealer,2021 McLaren 720S Spider,https://www.dupontregistry.com/car/mclaren/720s--spider/2021/SBM14FCA9MW006261/624121,duPont REGISTRY,SBM14FCA9MW006261,Memphis Red,Jet Black with Carmine Red Insert,duPont REGISTRY search card; id=624121; Stock # 10878; exterior color: Red; interior color: Red
2026-09-15,720S,spider,2023,336190,6763,USD,"ZIP 98005, USA",dealer,2023 McLaren 720S Performance,https://www.cars.com/vehicledetail/555754e1-e9ce-4b07-bab6-44737baaffc3/,Cars.com,SBM14FCA4PW007077,blue,,Cars.com SRP vehicle-card JSON; seller:Fields Motorcars Seattle; trim: Performance; exterior color: blue
2026-09-15,720S,spider,2022,349600,1385,USD,"Fife, WA",dealer,2022 McLaren 720S,https://www.cargurus.com/details/454007171,CarGurus,SBM14FCA4NW006430,Papaya Spark,Black,Stock # PP02017; trim: Performance Spider RWD; deal rating: FAIR_PRICE; exterior color: Papaya Spark; interior color: Black
2026-09-15,750S,coupe,2024,324991,1691,USD,"Scottsdale, AZ, USA",dealer,2024 McLaren 750S,https://www.dupontregistry.com/car/mclaren/750s/2024/SBM14ACA7RW007984/583464,duPont REGISTRY,SBM14ACA7RW007984,White,,duPont REGISTRY search card; id=583464; Stock # 04951; exterior color: White
2026-09-15,750S,coupe,2025,329900,,USD,"Boynton Beach, Florida, USA",dealer,2025 McLaren 750S,https://www.classic.com/veh/2025-mclaren-750s-sbm14acaxsw009606-pJqZbKW/,Classic.com,SBM14ACAXSW009606,,,Classic.com asterisk asking; 5k mi displayed; mileage blank (rounded Nk mi); fixed-price; seller:iLusso Boynton Beach
2026-09-15,750S,coupe,2024,329985,,USD,"Costa Mesa, California, USA",dealer,2024 McLaren 750S Coupe,https://www.classic.com/veh/2024-mclaren-750s-coupe-sbm14aca8rw007766-WL0OxDW/,Classic.com,SBM14ACA8RW007766,Papaya Spark,Carbon Black,Classic.com asterisk asking; 2k mi displayed; mileage blank (rounded Nk mi); fixed-price; seller:Dark Horse Motorcars
2026-09-15,750S,coupe,2024,334990,658,USD,"Portland, Oregon, USA",dealer,2024 McLaren 750S Coupe,https://www.classic.com/veh/2024-mclaren-750s-coupe-sbm14aca8rw008562-WYwPxv4/,Classic.com,SBM14ACA8RW008562,Blue (Tokyo Cyan),Carbon Black,Classic.com asterisk asking; exact miles displayed: 658 mi; fixed-price; seller:D&C Motor Company
2026-09-15,750S,coupe,2024,339085,702,USD,"Costa Mesa, CA",dealer,2024 McLaren 750S,https://www.cargurus.com/details/427755695,CarGurus,SBM14ACA0RW008331,Ice Silver,Blue with Secondary Black,Stock # C008331; trim: Coupe RWD; deal rating: GREAT_PRICE; exterior color: Ice Silver; interior color: Blue with Secondary Black
2026-09-15,750S,coupe,2025,349895,5255,USD,"Winter Park, FL, USA",dealer,2025 McLaren 750S,https://www.dupontregistry.com/car/mclaren/750s/2025/SBM14ACA0SW009260/606813,duPont REGISTRY,SBM14ACA0SW009260,Namaka Blue,Carbon Black,duPont REGISTRY search card; id=606813; Stock # M25065; exterior color: Blue; interior color: Black
2026-09-15,750S,coupe,2025,349895,4511,USD,"Winter Park, FL, USA",dealer,2025 McLaren 750S,https://www.dupontregistry.com/car/mclaren/750s/2025/SBM14ACAXSW009279/606814,duPont REGISTRY,SBM14ACAXSW009279,Belize Blue,Carbon Black,duPont REGISTRY search card; id=606814; Stock # M25066; exterior color: Blue; interior color: Black
2026-09-15,750S,coupe,2025,349991,4882,USD,"Scottsdale, AZ, USA",dealer,2025 McLaren 750S,https://www.dupontregistry.com/car/mclaren/750s/2025/SBM14ACA2SW009342/625541,duPont REGISTRY,SBM14ACA2SW009342,Red,,duPont REGISTRY search card; id=625541; Stock # 05193; exterior color: Red
2026-09-15,750S,coupe,2026,355223,2252,USD,"ZIP 77090, USA",dealer,2026 McLaren 750S Coupe,https://www.cars.com/vehicledetail/2e4ec00b-7025-4c01-aa7a-c3cf6f752728/,Cars.com,SBM14ACA0TW009650,Aurora Blue,Carbon Black,"Cars.com SRP vehicle-card JSON; seller:Lamborghini Houston, Rolls-Royce Motorcars North Houston, McLaren Houston; exterior color: blue"
2026-09-15,750S,coupe,2025,355500,,USD,"Newtown Township, Pennsylvania, USA",dealer,2025 McLaren 750S Coupe,https://www.classic.com/veh/2025-mclaren-750s-coupe-sbm14acaxsw009248-nQdDjw4/,Classic.com,SBM14ACAXSW009248,white,,Classic.com asterisk asking; 1k mi displayed; mileage blank (rounded Nk mi); fixed-price; seller:RDS Automotive Group
2026-09-15,750S,coupe,2025,356389,2238,USD,"ZIP 33146, USA",dealer,2025 McLaren 750S Base,https://www.cars.com/vehicledetail/c246ac8c-3fe7-438c-ade1-28dd8569c4eb/,Cars.com,SBM14ACA2SW009518,silver,,Cars.com SRP vehicle-card JSON; seller:THE COLLECTION; trim: Base; exterior color: silver
2026-09-15,750S,coupe,2024,357999,3608,USD,"North Hollywood, CA",dealer,2024 McLaren 750S,https://www.cargurus.com/details/454491946,CarGurus,SBM14ACA7RW008875,Silica White,Red,Stock # RW008875; trim: Coupe RWD; deal rating: FAIR_PRICE; exterior color: Silica White; interior color: Red
2026-09-15,750S,coupe,2025,379996,,USD,"Charlotte, North Carolina, USA",dealer,2025 McLaren 750S Coupe,https://www.classic.com/veh/2025-mclaren-750s-coupe-sbm14aca1sw009235-nXNNyVp/,Classic.com,SBM14ACA1SW009235,Gray,Black,Classic.com asterisk asking; 2k mi displayed; mileage blank (rounded Nk mi); fixed-price; seller:McLaren Charlotte
2026-09-15,750S,coupe,2027,380970,40,USD,"Charlotte, North Carolina, USA",dealer,2027 McLaren 750S,https://www.classic.com/veh/2027-mclaren-750s-sbm14aca7vw010569-Wvxr8l4/,Classic.com,SBM14ACA7VW010569,,,Classic.com asterisk asking; exact miles displayed: 40 mi; fixed-price; seller:McLaren Charlotte
2026-09-15,750S,coupe,2027,427689,468,USD,"Naples, Florida, USA",dealer,2027 McLaren 750S,https://www.classic.com/veh/2027-mclaren-750s-sbm14bca5vw010494-p0Gy6ZW/,Classic.com,SBM14BCA5VW010494,red,,Classic.com asterisk asking; exact miles displayed: 468 mi; fixed-price; seller:Ferrari of Naples
2026-09-15,750S,coupe,2025,435735,56,USD,"Newtown Township, Pennsylvania, USA",dealer,2025 McLaren 750S Coupe,https://www.classic.com/veh/2025-mclaren-750s-coupe-sbm14aca2sw009311-WNG8MYp/,Classic.com,SBM14ACA2SW009311,,,Classic.com asterisk asking; exact miles displayed: 56 mi; fixed-price; seller:RDS Automotive Group
2026-09-15,750S,coupe,2027,436935,63,USD,"Newtown Township, Pennsylvania, USA",dealer,2027 McLaren 750S Coupe Performance Coupe,https://www.classic.com/veh/2027-mclaren-750s-coupe-performance-coupe-sbm14aca-p63vDV4/,Classic.com,,,,Classic.com asterisk asking; exact miles displayed: 63 mi; fixed-price; seller:RDS Automotive Group; trim: Performance
2026-09-15,750S,coupe,2026,446899,22,USD,"Sterling, Virginia, USA",dealer,2026 McLaren 750S Base,https://www.classic.com/veh/2026-mclaren-750s-base-sbm14aca0tw009857-4oDklPn/,Classic.com,SBM14ACA0TW009857,,,Classic.com asterisk asking; exact miles displayed: 22 mi; fixed-price; seller:Washington Exotics; trim: Base
2026-09-15,750S,spider,2025,320020,4483,USD,"Wayne, MI",dealer,2025 McLaren 750S,https://www.cargurus.com/details/448732893,CarGurus,SBM14BCA0SW009376,Orange,Black,Stock # C25008880; trim: Spider RWD; deal rating: FAIR_PRICE; exterior color: Orange; interior color: Black
2026-09-15,750S,spider,2024,334785,3515,USD,"ZIP 92657, USA",dealer,2024 McLaren 750S Spider,https://www.cars.com/vehicledetail/c18a8100-5368-4ae9-8358-c78b2f139cb6/,Cars.com,SBM14BCA0RW007654,Supernova Silver,Carbon Black,Cars.com SRP vehicle-card JSON; seller:Aston Martin Newport Beach; exterior color: silver
2026-09-15,750S,spider,2025,349788,18980,USD,"Las Vegas, NV, USA",dealer,2025 McLaren 750S Spider,https://www.dupontregistry.com/car/mclaren/750s--spider/2025/SBM14BCA3SW009369/625071,duPont REGISTRY,SBM14BCA3SW009369,White,Black,duPont REGISTRY search card; id=625071; Stock # V009369; exterior color: White; interior color: Black
2026-09-15,750S,spider,2024,349859,,USD,"Newtown Township, Pennsylvania, USA",dealer,2024 McLaren 750S Spider,https://www.classic.com/veh/2024-mclaren-750s-spider-sbm14bca7rw008736-Wv16aXn/,Classic.com,SBM14BCA7RW008736,,,Classic.com asterisk asking; 2k mi displayed; mileage blank (rounded Nk mi); fixed-price; seller:RDS Automotive Group
2026-09-15,750S,spider,2024,349900,,USD,"Boynton Beach, Florida, USA",dealer,2024 McLaren 750S Spider,https://www.classic.com/veh/2024-mclaren-750s-spider-sbm14bca3rw008149-pe5BwMp/,Classic.com,SBM14BCA3RW008149,,,Classic.com asterisk asking; 1k mi displayed; mileage blank (rounded Nk mi); fixed-price; seller:iLusso Boynton Beach
2026-09-15,750S,spider,2024,349991,4284,USD,"Scottsdale, AZ, USA",dealer,2024 McLaren 750S Spider,https://www.dupontregistry.com/car/mclaren/750s--spider/2024/SBM14BCA9RW008737/576586,duPont REGISTRY,SBM14BCA9RW008737,AURORA BLUE,,duPont REGISTRY search card; id=576586; Stock # 04893; exterior color: Blue
2026-09-15,750S,spider,2024,353991,7472,USD,"Scottsdale, AZ, USA",dealer,2024 McLaren 750S Spider,https://www.dupontregistry.com/car/mclaren/750s--spider/2024/SBM14BCA9RW008138/620788,duPont REGISTRY,SBM14BCA9RW008138,Blue,,duPont REGISTRY search card; id=620788; Stock # 05173; exterior color: Blue
2026-09-15,750S,spider,2024,354814,,USD,"Newtown Township, Pennsylvania, USA",dealer,2024 McLaren 750S Spider,https://www.classic.com/veh/2024-mclaren-750s-spider-sbm14bca2rw007381-nBvDAQn/,Classic.com,SBM14BCA2RW007381,blue,,Classic.com asterisk asking; 5k mi displayed; mileage blank (rounded Nk mi); fixed-price; seller:RDS Automotive Group
2026-09-15,750S,spider,2024,358567,,USD,"Naples, Florida, USA",dealer,2024 McLaren 750S Spider,https://www.classic.com/veh/2024-mclaren-750s-spider-sbm14bca5rw008508-Wb2MkrW/,Classic.com,SBM14BCA5RW008508,blue,,Classic.com asterisk asking; 7k mi displayed; mileage blank (rounded Nk mi); fixed-price; seller:Naples Motorsports
2026-09-15,750S,spider,2024,359755,,USD,"Newtown Township, Pennsylvania, USA",dealer,2024 McLaren 750S Spider,https://www.classic.com/veh/2024-mclaren-750s-spider-sbm14bca9rw008382-45aDVZ4/,Classic.com,SBM14BCA9RW008382,black,,Classic.com asterisk asking; 2k mi displayed; mileage blank (rounded Nk mi); fixed-price; seller:RDS Automotive Group
2026-09-15,750S,spider,2024,359900,,USD,"Addison, Texas, USA",dealer,2024 McLaren 750S Spider,https://www.classic.com/veh/2024-mclaren-750s-spider-sbm14bca6rw007903-nl28gOp/,Classic.com,SBM14BCA6RW007903,orange,Black,Classic.com asterisk asking; 2k mi displayed; mileage blank (rounded Nk mi); fixed-price; seller:Tactical Fleet Dallas
2026-09-15,750S,spider,2024,359995,3205,USD,"Joliet, IL, USA",dealer,2024 McLaren 750S Spider,https://www.dupontregistry.com/car/mclaren/750s--spider/2024/SBM14BCA9RW008141/575648,duPont REGISTRY,SBM14BCA9RW008141,,Black,duPont REGISTRY search card; id=575648; Stock # 9504; interior color: Black
2026-09-15,750S,spider,2024,363471,936,USD,"Newtown Township, Pennsylvania, USA",dealer,2024 McLaren 750S Spider TechLux Convertible,https://www.classic.com/veh/2024-mclaren-750s-spider-techlux-convertible-sbm14-pGZeXgW/,Classic.com,,,,Classic.com asterisk asking; exact miles displayed: 936 mi; fixed-price; seller:RDS Automotive Group
2026-09-15,750S,spider,2025,369990,,USD,"Fort Lauderdale, Florida, USA",dealer,2025 McLaren 750S Spider,https://www.classic.com/veh/2025-mclaren-750s-spider-sbm14bca0sw009460-pG11avn/,Classic.com,SBM14BCA0SW009460,orange,,Classic.com asterisk asking; 6k mi displayed; mileage blank (rounded Nk mi); fixed-price; seller:Coast To Coast
2026-09-15,750S,spider,2025,370999,4636,USD,"La Jolla, CA",dealer,2025 McLaren 750S,https://www.cargurus.com/details/458418581,CarGurus,SBM14BCA5SW009101,Aurora Blue,Porcelain,Stock # 2519UB; trim: Spider RWD; deal rating: GOOD_PRICE; exterior color: Aurora Blue; interior color: Porcelain
2026-09-15,750S,spider,2025,371389,877,USD,"ZIP 33146, USA",dealer,2025 McLaren 750S Base,https://www.cars.com/vehicledetail/70c19795-18ac-464e-927b-a78b087c0a7d/,Cars.com,SBM14BCAXSW009191,Ice White,Ink Blue and Jet Black,Cars.com SRP vehicle-card JSON; seller:THE COLLECTION; trim: Base; exterior color: white
2026-09-15,750S,spider,2025,373800,818,USD,"Las Vegas, NV, USA",dealer,2025 McLaren 750S Spider,https://www.dupontregistry.com/car/mclaren/750s--spider/2025/SBM14BCA8SW009545/619311,duPont REGISTRY,SBM14BCA8SW009545,Blue,Black,duPont REGISTRY search card; id=619311; Stock # V009545; exterior color: Blue; interior color: Black
2026-09-15,750S,spider,2024,374991,211,USD,"Scottsdale, AZ, USA",dealer,2024 McLaren 750S Spider,https://www.dupontregistry.com/car/mclaren/750s--spider/2024/SBM14BCA2RW007638/595298,duPont REGISTRY,SBM14BCA2RW007638,White,,duPont REGISTRY search card; id=595298; Stock # 05035; exterior color: White
2026-09-15,750S,spider,2026,374996,854,USD,"Charlotte, North Carolina, USA",dealer,2026 McLaren 750S Spider,https://www.classic.com/veh/2026-mclaren-750s-spider-sbm14bca2tw009977-pJQDdaW/,Classic.com,SBM14BCA2TW009977,silver,Black,Classic.com asterisk asking; exact miles displayed: 854 mi; fixed-price; seller:McLaren Charlotte
2026-09-15,750S,spider,2025,376075,594,USD,"Rancho Mirage, CA",dealer,2025 McLaren 750S,https://www.cargurus.com/details/457850648,CarGurus,SBM14BCA5SW009163,Silica White,Black,Stock # PSW009163; trim: Spider RWD; deal rating: GOOD_PRICE; exterior color: Silica White; interior color: Black
2026-09-15,750S,spider,2024,379500,,USD,"Newtown Township, Pennsylvania, USA",dealer,2024 McLaren 750S Spider,https://www.classic.com/veh/2024-mclaren-750s-spider-sbm14bca3rw007700-4aL2aBp/,Classic.com,SBM14BCA3RW007700,black,,Classic.com asterisk asking; 1k mi displayed; mileage blank (rounded Nk mi); fixed-price; seller:RDS Automotive Group
2026-09-15,750S,spider,2026,386480,4709,USD,"ZIP 80129, USA",dealer,2026 McLaren 750S,https://www.cars.com/vehicledetail/37f0714e-1391-400e-a34b-a407394b18ea/,Cars.com,SBM14BCA9TW009846,Onyx Black,Carbon Black,Cars.com SRP vehicle-card JSON; seller:Aston Martin Denver; exterior color: black
2026-09-15,750S,spider,2026,387147,2949,USD,"ZIP 33137, USA",dealer,2026 McLaren 750S Base,https://www.cars.com/vehicledetail/3eaf917e-5657-42f1-975b-741a6dd7827c/,Cars.com,SBM14BCA3TW009728,black,,Cars.com SRP vehicle-card JSON; seller:Braman Motors Miami; trim: Base; exterior color: black
2026-09-15,750S,spider,2026,394991,685,USD,"Scottsdale, AZ, USA",dealer,2026 McLaren 750S Spider,https://www.dupontregistry.com/car/mclaren/750s--spider/2026/SBM14BCA2TW010059/615553,duPont REGISTRY,SBM14BCA2TW010059,White,,duPont REGISTRY search card; id=615553; Stock # 05154; exterior color: White
2026-09-15,750S,spider,2026,394991,687,USD,"Scottsdale, AZ, USA",dealer,2026 McLaren 750S Spider,https://www.dupontregistry.com/car/mclaren/750s--spider/2026/SBM14BCAXTW009970/612928,duPont REGISTRY,SBM14BCAXTW009970,,,duPont REGISTRY search card; id=612928; Stock # 05133
2026-09-15,750S,spider,2024,399000,,USD,"Boynton Beach, Florida, USA",dealer,2024 McLaren 750S Spider,https://www.classic.com/veh/2024-mclaren-750s-spider-sbm14bca0rw007637-4r3QLvn/,Classic.com,SBM14BCA0RW007637,,,Classic.com asterisk asking; 3k mi displayed; mileage blank (rounded Nk mi); fixed-price; seller:iLusso Boynton Beach
2026-09-15,750S,spider,2026,399999,,USD,"Costa Mesa, California, USA",dealer,2026 McLaren 750S Spider,https://www.classic.com/veh/2026-mclaren-750s-spider-sbm14bca3tw009860-pJ87jgn/,Classic.com,SBM14BCA3TW009860,McLaren Orange,Black,Classic.com asterisk asking; 3k mi displayed; mileage blank (rounded Nk mi); fixed-price; seller:Eurocar Inc.
2026-09-15,750S,spider,2027,416370,39,USD,"Charlotte, North Carolina, USA",dealer,2027 McLaren 750S Spider,https://www.classic.com/veh/2027-mclaren-750s-spider-sbm14bca9vw010630-nwd5JyW/,Classic.com,SBM14BCA9VW010630,,,Classic.com asterisk asking; exact miles displayed: 39 mi; fixed-price; seller:McLaren Charlotte
2026-09-15,750S,spider,2027,416750,37,USD,"Charlotte, North Carolina, USA",dealer,2027 McLaren 750S Spider,https://www.classic.com/veh/2027-mclaren-750s-spider-sbm14bca2vw010629-W9XjaLn/,Classic.com,SBM14BCA2VW010629,,,Classic.com asterisk asking; exact miles displayed: 37 mi; fixed-price; seller:McLaren Charlotte
2026-09-15,750S,spider,2026,418900,53,USD,"Charlotte, North Carolina, USA",dealer,2026 McLaren 750S Spider,https://www.classic.com/veh/2026-mclaren-750s-spider-sbm14bca9tw010172-nl17QgW/,Classic.com,SBM14BCA9TW010172,,,Classic.com asterisk asking; exact miles displayed: 53 mi; fixed-price; seller:McLaren Charlotte
2026-09-15,750S,spider,2024,418999,513,USD,"Scottsdale, Arizona, USA",dealer,2024 McLaren 750S Spider,https://www.classic.com/veh/2024-mclaren-750s-spider-sbm14bca8rw008650-4Z79Lqn/,Classic.com,SBM14BCA8RW008650,white,Black,Classic.com asterisk asking; exact miles displayed: 513 mi; fixed-price; seller:Luxury Auto Collection
2026-09-15,750S,spider,2025,421676,24,USD,"West Palm Beach, Florida, USA",dealer,2025 McLaren 750S Spider,https://www.classic.com/veh/2025-mclaren-750s-sbm14bca9sw009280-WkbPbRn/,Classic.com,SBM14BCA9SW009280,black,,Classic.com asterisk asking; exact miles displayed: 24 mi; fixed-price; seller:Jaguar Palm Beach
2026-09-15,750S,spider,2026,426100,42,USD,"Charlotte, North Carolina, USA",dealer,2026 McLaren 750S Spider,https://www.classic.com/veh/2026-mclaren-750s-spider-sbm14bca1tw010067-n1ygLgn/,Classic.com,SBM14BCA1TW010067,,,Classic.com asterisk asking; exact miles displayed: 42 mi; fixed-price; seller:McLaren Charlotte
2026-09-15,750S,spider,2027,431470,28,USD,"Charlotte, North Carolina, USA",dealer,2027 McLaren 750S Spider,https://www.classic.com/veh/2026-mclaren-750s-spider-sbm14bca6vw010245-nmyG3On/,Classic.com,SBM14BCA6VW010245,,,Classic.com asterisk asking; exact miles displayed: 28 mi; fixed-price; seller:McLaren Charlotte
2026-09-15,750S,spider,2026,434150,,USD,"Newtown Township, Pennsylvania, USA",dealer,2026 McLaren 750S Spider,https://www.classic.com/veh/2026-mclaren-750s-spider-sbm14bca4tw010130-p0r8jJn/,Classic.com,SBM14BCA4TW010130,,,Classic.com asterisk asking; 2k mi displayed; mileage blank (rounded Nk mi); fixed-price; seller:RDS Automotive Group
2026-09-15,750S,spider,2027,441235,28,USD,,dealer,2027 McLaren 750S Spider,https://www.classic.com/veh/2027-mclaren-750s-spider-techlux-convertible-sbm14-WxmJ6Rp/,Classic.com,,,,Classic.com asterisk asking; exact miles displayed: 28 mi; fixed-price; seller:RDS Automotive Group
2026-09-15,750S,spider,2026,452105,78,USD,"Newtown Township, Pennsylvania, USA",dealer,2026 McLaren 750S Spider,https://www.classic.com/veh/2026-mclaren-750s-spider-sbm14bca8tw010129-WkXaolp/,Classic.com,SBM14BCA8TW010129,,,Classic.com asterisk asking; exact miles displayed: 78 mi; fixed-price; seller:RDS Automotive Group
2026-09-15,750S,spider,2027,459749,4,USD,"Sterling, Virginia, USA",dealer,2027 McLaren 750S Spider,https://www.classic.com/veh/2027-mclaren-750s-spider-sbm14bca9vw010501-pPxd9jp/,Classic.com,SBM14BCA9VW010501,,,Classic.com asterisk asking; exact miles displayed: 4 mi; fixed-price; seller:Washington Exotics
2026-09-15,750S,spider,2024,459900,71,USD,"Addison, Texas, USA",dealer,2024 McLaren 750S Spider,https://www.classic.com/veh/2024-mclaren-750s-spider-sbm14bca2rw007882-nmvQVOW/,Classic.com,SBM14BCA2RW007882,,,Classic.com asterisk asking; exact miles displayed: 71 mi; fixed-price; seller:Exotic World Motor Cars
2026-09-15,750S,spider,2027,469769,23,USD,"Sterling, Virginia, USA",dealer,2027 McLaren 750S Spider,https://www.classic.com/veh/2027-mclaren-750s-spider-sbm14bca1vw010296-4awd1MW/,Classic.com,SBM14BCA1VW010296,,,Classic.com asterisk asking; exact miles displayed: 23 mi; fixed-price; seller:Washington Exotics
2026-09-15,750S,spider,2027,476295,43,USD,"Newtown Township, Pennsylvania, USA",dealer,2027 McLaren 750S Spider,https://www.classic.com/veh/2027-mclaren-750s-spider-sbm14bca3vw010557-n813g0W/,Classic.com,SBM14BCA3VW010557,,,Classic.com asterisk asking; exact miles displayed: 43 mi; fixed-price; seller:RDS Automotive Group
2026-09-15,570S,coupe,2017,104999,,USD,"Sacramento County, California, USA",dealer,2017 McLaren 570S Coupe,https://www.classic.com/veh/2017-mclaren-570s-coupe-sbm13daa5hw003762-n2rbk9n/,Classic.com,SBM13DAA5HW003762,,,Classic.com asterisk asking; 47k mi displayed; mileage blank (rounded Nk mi); fixed-price; seller:Bucketbuddy Auto Llc
2026-09-15,570S,coupe,2017,114995,,USD,"Orange County, Florida, USA",dealer,2017 McLaren 570S,https://www.classic.com/veh/2017-mclaren-570s-sbm13daa4hw001288-WL0x0kW/,Classic.com,SBM13DAA4HW001288,,,Classic.com asterisk asking; 30k mi displayed; mileage blank (rounded Nk mi); fixed-price; seller:M1 Motorsport
2026-09-15,570S,coupe,2017,115290,53872,USD,"Scottsdale, AZ",dealer,2017 McLaren 570S,https://www.cargurus.com/details/450298244,CarGurus,SBM13DAA7HW002483,Orange,Jet Black,Stock # C-002483; trim: Coupe; deal rating: GOOD_PRICE; exterior color: Orange; interior color: Jet Black
2026-09-15,570S,coupe,2017,119000,,USD,"El Cerrito, California, USA",dealer,2017 McLaren 570S Coupe,https://www.classic.com/veh/2017-mclaren-570s-sbm13daaxhw003871-n2oJJGW/,Classic.com,SBM13DAAXHW003871,,,Classic.com asterisk asking; 14k mi displayed; mileage blank (rounded Nk mi); fixed-price; seller:Eke Motorsports Inc In El Cerrito
2026-09-15,570S,coupe,2017,119329,46777,USD,"Fort Myers, FL",dealer,2017 McLaren 570S,https://www.cargurus.com/details/454209167,CarGurus,SBM13DAA5HW003423,Purple,Black,Stock # 003423; trim: Coupe; deal rating: GOOD_PRICE; exterior color: Purple; interior color: Black
2026-09-15,570S,coupe,2016,119550,,USD,"Costa Mesa, California, USA",dealer,2016 McLaren 570S Coupe,https://www.classic.com/veh/2016-mclaren-570s-coupe-sbm13daaxgw001147-47kGbB4/,Classic.com,SBM13DAAXGW001147,orange,,Classic.com asterisk asking; 27k mi displayed; mileage blank (rounded Nk mi); fixed-price; seller:Rosso Corsa
2026-09-15,570S,coupe,2016,122393,,USD,"Kelowna, CAN",dealer,2016 McLaren 570S Base,https://www.classic.com/veh/2016-mclaren-570s-base-sbm13daa9gw000197-WvewYMn/,Classic.com,SBM13DAA9GW000197,,,Classic.com asterisk asking; unparsed mileage text '18k km (11k mi)'; left blank; fixed-price; seller:August Luxury Motorcars; trim: Base
2026-09-15,570S,coupe,2016,122489,,USD,"Miami-Dade County, Florida, USA",dealer,2016 McLaren 570S,https://www.classic.com/veh/2016-mclaren-570s-base-sbm13daa5gw001122-nKjRa74/,Classic.com,SBM13DAA5GW001122,,,Classic.com asterisk asking; 14k mi displayed; mileage blank (rounded Nk mi); fixed-price; seller:Auto Cafe
2026-09-15,570S,coupe,2017,124995,,USD,"Chesterfield County, Virginia, USA",dealer,2017 McLaren 570S Base,https://www.classic.com/veh/2017-mclaren-570s-base-sbm13daa3hw003226-Wkyl7R4/,Classic.com,SBM13DAA3HW003226,,,Classic.com asterisk asking; 45k mi displayed; mileage blank (rounded Nk mi); fixed-price; seller:Davis Auto Sales; trim: Base
2026-09-15,570S,coupe,2016,127990,,USD,"Murray, Utah, USA",dealer,2016 McLaren 570S,https://www.classic.com/veh/2016-mclaren-570s-sbm13daa1gw001103-pdQ0674/,Classic.com,SBM13DAA1GW001103,,,Classic.com asterisk asking; 25k mi displayed; mileage blank (rounded Nk mi); fixed-price; seller:Secured Auto Group
2026-09-15,570S,coupe,2017,128991,,USD,"Tampa, Florida, USA",dealer,2017 McLaren 570S,https://www.classic.com/veh/2017-mclaren-570s-sbm13daa0hw001272-WNRaZYW/,Classic.com,SBM13DAA0HW001272,,,Classic.com asterisk asking; 14k mi displayed; mileage blank (rounded Nk mi); fixed-price; seller:Tampa Auto Gallery
2026-09-15,570S,coupe,2017,129998,,USD,"Boynton Beach, Florida, USA",dealer,2017 McLaren 570S,https://www.classic.com/veh/2017-mclaren-570s-sbm13daaxhw003224-4VNkyG4/,Classic.com,SBM13DAAXHW003224,,,Classic.com asterisk asking; 28k mi displayed; mileage blank (rounded Nk mi); fixed-price; seller:The Platinum Collection
2026-09-15,570S,coupe,2016,130250,21696,USD,"Enumclaw, WA",dealer,2016 McLaren 570S,https://www.cargurus.com/details/451642120,CarGurus,SBM13DAA2GW000395,,,Stock # 44; trim: Coupe; deal rating: FAIR_PRICE
2026-09-15,570S,coupe,2017,133299,19500,USD,"Jersey City, NJ",dealer,2017 McLaren 570S,https://www.cargurus.com/details/457099981,CarGurus,SBM13DAA7HW003178,,,Stock # 003178; trim: Coupe; deal rating: FAIR_PRICE
2026-09-15,570S,coupe,2019,134189,34101,USD,"ZIP 32811, USA",dealer,2019 McLaren 570S,https://www.cars.com/vehicledetail/af6ea873-7c09-4dbc-b387-9954efb390c3/,Cars.com,SBM13DAA6KW006645,gray,,Cars.com SRP vehicle-card JSON; seller:Maserati of Central Florida; exterior color: gray
2026-09-15,570S,coupe,2018,134991,39834,USD,"Houston, TX, USA",dealer,2018 McLaren 570S,https://www.dupontregistry.com/car/mclaren/570s/2018/SBM13DAA9JW005388/628163,duPont REGISTRY,SBM13DAA9JW005388,White,Black,duPont REGISTRY search card; id=628163; Stock # JW005388; exterior color: White; interior color: Black
2026-09-15,570S,coupe,2017,134995,21409,USD,"Joliet, IL, USA",dealer,2017 McLaren 570S,https://www.dupontregistry.com/car/mclaren/570s/2017/SBM13DAAXHW001974/619939,duPont REGISTRY,SBM13DAAXHW001974,Black,Beige,duPont REGISTRY search card; id=619939; Stock # 10761; exterior color: Black; interior color: Beige
2026-09-15,570S,coupe,2016,136995,20890,USD,"ZIP 75067, USA",dealer,2016 McLaren 570S,https://www.cars.com/vehicledetail/1d98fa7b-8ca2-47b8-86a7-9eed02a28a57/,Cars.com,SBM13DAA2GW001045,red,,Cars.com SRP vehicle-card JSON; seller:Auto Park Dallas; exterior color: red
2026-09-15,570S,coupe,2018,139092,,USD,"Miami, Florida, USA",dealer,2018 McLaren 570S,https://www.classic.com/veh/2018-mclaren-570s-coupe-sbm13daa6jw005106-WqkXx34/,Classic.com,SBM13DAA6JW005106,Blade Silver,Carbon Black/Jet Black/Mantis Green,Classic.com asterisk asking; 23k mi displayed; mileage blank (rounded Nk mi); fixed-price; seller:Brickell Luxury Motors
2026-09-15,570S,coupe,2017,139950,,USD,"Pompano Beach, Florida, USA",dealer,2017 McLaren 570S Coupe,https://www.classic.com/veh/2017-mclaren-570s-coupe-sbm13daa9hw003134-pJG2AL4/,Classic.com,SBM13DAA9HW003134,,,Classic.com asterisk asking; 21k mi displayed; mileage blank (rounded Nk mi); fixed-price; seller:The New Auto Toy Store
2026-09-15,570S,coupe,2016,139990,,USD,"New Albany, Indiana, USA",dealer,2016 McLaren 570S Base,https://www.classic.com/veh/2016-mclaren-570s-base-sbm13daaxgw000483-pgwyaqp/,Classic.com,SBM13DAAXGW000483,black,Black,Classic.com asterisk asking; 32k mi displayed; mileage blank (rounded Nk mi); fixed-price; seller:Hypercars; trim: Base
2026-09-15,570S,coupe,2017,139996,,USD,"Charlotte, North Carolina, USA",dealer,2017 McLaren 570S,https://www.classic.com/veh/2017-mclaren-570s-sbm13daa7hw003357-W9mbXkW/,Classic.com,SBM13DAA7HW003357,white,Red,Classic.com asterisk asking; 28k mi displayed; mileage blank (rounded Nk mi); fixed-price; seller:McLaren Charlotte
2026-09-15,570S,coupe,2017,141480,32837,USD,"ZIP 33612, USA",dealer,2017 McLaren 570S,https://www.cars.com/vehicledetail/32c6f579-40f5-4cdc-bb52-2efd35b6a6c1/,Cars.com,SBM13DAA0HW001949,purple,,"Cars.com SRP vehicle-card JSON; seller:Discovery Auto Center, LLC; exterior color: purple"
2026-09-15,570S,coupe,2018,144890,,USD,"Wexford, Pennsylvania, USA",dealer,2018 McLaren 570S,https://www.classic.com/veh/2018-mclaren-570s-sbm13faa2jw004420-nQdqdq4/,Classic.com,SBM13FAA2JW004420,,,Classic.com asterisk asking; 13k mi displayed; mileage blank (rounded Nk mi); fixed-price; seller:Maserati Of Pittsburgh
2026-09-15,570S,coupe,2017,145000,,USD,"Scottsdale, Arizona, USA",dealer,2017 McLaren 570S,https://www.classic.com/veh/2017-mclaren-570s-sbm13daa5hw001848-pe6mXM4/,Classic.com,SBM13DAA5HW001848,,,Classic.com asterisk asking; 22k mi displayed; mileage blank (rounded Nk mi); fixed-price; seller:Hubbard Auto Center
2026-09-15,570S,coupe,2017,145650,,USD,"Carrollton, Texas, USA",dealer,2017 McLaren 570S Base,https://www.classic.com/veh/2017-mclaren-570s-base-sbm13daa9hw001626-WvZM2mW/,Classic.com,SBM13DAA9HW001626,black,,Classic.com asterisk asking; 8k mi displayed; mileage blank (rounded Nk mi); fixed-price; seller:Earth MotorCars; trim: Base
2026-09-15,570S,coupe,2016,145990,,USD,"New Albany, Indiana, USA",dealer,2016 McLaren 570S Base,https://www.classic.com/veh/2016-mclaren-570s-base-sbm13daa8gw000384-4V7eJ6n/,Classic.com,SBM13DAA8GW000384,Orange,Black,Classic.com asterisk asking; 19k mi displayed; mileage blank (rounded Nk mi); fixed-price; seller:Hypercars; trim: Base
2026-09-15,570S,coupe,2019,146246,,USD,"Merrillville, Indiana, USA",dealer,2019 McLaren 570S Base,https://www.classic.com/veh/2019-mclaren-570s-sbm13faa0kw008208-WRE7Dln/,Classic.com,SBM13FAA0KW008208,Onyx Black,Carbon Black,Classic.com asterisk asking; 30k mi displayed; mileage blank (rounded Nk mi); fixed-price; seller:Sweis Infiniti Merrillville; trim: Base
2026-09-15,570S,coupe,2016,146950,,USD,"Bellingham, Washington, USA",dealer,2016 McLaren 570S,https://www.classic.com/veh/2016-mclaren-570s-sbm13daa6gw000285-WYYqllW/,Classic.com,SBM13DAA6GW000285,white,Jet Black,Classic.com asterisk asking; 11k mi displayed; mileage blank (rounded Nk mi); fixed-price; seller:Imports and Classics
2026-09-15,570S,coupe,2019,149200,,USD,"Glenview, Illinois, USA",dealer,2019 McLaren 570S Base,https://www.classic.com/veh/2019-mclaren-570s-sbm13daa2kw006500-nwKA2ln/,Classic.com,SBM13DAA2KW006500,purple,,Classic.com asterisk asking; 30k mi displayed; mileage blank (rounded Nk mi); fixed-price; seller:Glenview Luxury Imports; trim: Base
2026-09-15,570S,coupe,2020,155995,,USD,"Tampa, Florida, USA",dealer,2020 McLaren 570S,https://www.classic.com/veh/2020-mclaren-570s-sbm13faa3lw009063-nXwEk74/,Classic.com,SBM13FAA3LW009063,,,Classic.com asterisk asking; 26k mi displayed; mileage blank (rounded Nk mi); fixed-price; seller:Victory Auto Mall
2026-09-15,570S,coupe,2019,157589,16471,USD,"ZIP 33330, USA",dealer,2019 McLaren 570S Base,https://www.cars.com/vehicledetail/7190698e-e5af-4543-9c23-440806953c46/,Cars.com,SBM13DAA6KW007083,black,,Cars.com SRP vehicle-card JSON; seller:Lamborghini Broward; trim: Base; exterior color: black
2026-09-15,570S,coupe,2017,159990,,USD,"New Albany, Indiana, USA",dealer,2017 McLaren 570S Base,https://www.classic.com/veh/2017-mclaren-570s-sbm13daa1hw002785-WLlDrEW/,Classic.com,SBM13DAA1HW002785,Gray,Black,Classic.com asterisk asking; 18k mi displayed; mileage blank (rounded Nk mi); fixed-price; seller:Hypercars; trim: Base
2026-09-15,570S,coupe,2020,172000,,USD,"Westfield, Indiana, USA",dealer,2020 McLaren 570S,https://www.classic.com/veh/2020-mclaren-570s-sbm13daa6lw008607-4yDgJap/,Classic.com,SBM13DAA6LW008607,,,Classic.com asterisk asking; 9k mi displayed; mileage blank (rounded Nk mi); fixed-price; seller:Unlimited Motors
2026-09-15,570S,coupe,2017,179777,,USD,"Red Deer County, CAN",dealer,2017 McLaren 570S Coupe,https://www.classic.com/veh/2017-mclaren-570s-coupe-sbm13daa8hw001939-4AvAlMn/,Classic.com,SBM13DAA8HW001939,,,Classic.com asterisk asking; unparsed mileage text '27k km (16k mi)'; left blank; fixed-price; seller:Adrenalin Exotics
2026-09-15,570S,coupe,2017,189999,,USD,"Miami, FL, USA",dealer,2017 McLaren 570S,https://www.classic.com/veh/2017-mclaren-570s-sbm13daa5hw001719-4AAKY54/,Classic.com,SBM13DAA5HW001719,,,Classic.com asterisk asking; unparsed mileage text 'TMU'; left blank; fixed-price; seller:Miami Motorcars
2026-09-15,570S,coupe,2020,279996,,USD,"Charlotte, North Carolina, USA",dealer,2020 McLaren 620R,https://www.classic.com/veh/2020-mclaren-570s-620r-sbm13haa8lw620170-p0rZewn/,Classic.com,SBM13HAA8LW620170,,,Classic.com asterisk asking; 11k mi displayed; mileage blank (rounded Nk mi); fixed-price; seller:McLaren Charlotte; 620R
2026-09-15,570S,coupe,2020,289990,,USD,"New Albany, Indiana, USA",dealer,2020 McLaren 570S 620R,https://www.classic.com/veh/2020-mclaren-570s-620r-sbm13haa7lw620046-Wxm6VJp/,Classic.com,SBM13HAA7LW620046,,,Classic.com asterisk asking; 14k mi displayed; mileage blank (rounded Nk mi); fixed-price; seller:Hypercars; 620R
2026-09-15,570S,coupe,2020,299999,,USD,"New York, New York, USA",dealer,2020 McLaren 570S 620R,https://www.classic.com/veh/2020-mclaren-570s-620r-sbm13haa6lw620071-WkVYK0n/,Classic.com,SBM13HAA6LW620071,,,Classic.com asterisk asking; 6k mi displayed; mileage blank (rounded Nk mi); fixed-price; seller:Status Auto Group; 620R
2026-09-15,570S,coupe,2020,319000,,USD,"Boynton Beach, Florida, USA",dealer,2020 McLaren 570S 620R,https://www.classic.com/veh/2020-mclaren-570s-620r-sbm13haa8lw620041-nXwJlM4/,Classic.com,SBM13HAA8LW620041,,,Classic.com asterisk asking; 12k mi displayed; mileage blank (rounded Nk mi); fixed-price; seller:iLusso Boynton Beach; 620R
2026-09-15,570S,coupe,2020,329000,,USD,"Houston, Texas, USA",dealer,2020 McLaren 570S 620R,https://www.classic.com/veh/2020-mclaren-570s-620r-sbm13haa6lw620118-Wkyly04/,Classic.com,SBM13HAA6LW620118,,,Classic.com asterisk asking; 10k mi displayed; mileage blank (rounded Nk mi); fixed-price; seller:iLusso Houston; 620R
2026-09-15,570S,spider,2018,130080,43970,USD,"Costa Mesa, CA",dealer,2018 McLaren 570S,https://www.cargurus.com/details/454972790,CarGurus,SBM13FAA8JW004888,White,Black,Stock # 62679; trim: Spider RWD; deal rating: FAIR_PRICE; exterior color: White; interior color: Black
2026-09-15,570S,spider,2018,133888,16671,USD,"Dollard-Des Ormeaux, QC, USA",dealer,2018 McLaren 570S Spider,https://www.dupontregistry.com/car/mclaren/570s--spider/2018/SBM13FAA5JW004055/608060,duPont REGISTRY,SBM13FAA5JW004055,Black,Beige,duPont REGISTRY search card; id=608060; Stock # 832; exterior color: Black; interior color: Beige
2026-09-15,570S,spider,2019,134900,,USD,"Pittsburgh, Pennsylvania, USA",dealer,2019 McLaren 570S Spider,https://www.classic.com/veh/2019-mclaren-570s-spider-sbm13faa6kw008066-4yov0LW/,Classic.com,SBM13FAA6KW008066,,,Classic.com asterisk asking; 9k mi displayed; mileage blank (rounded Nk mi); fixed-price; seller:Lw Automotive
2026-09-15,570S,spider,2018,139500,,USD,"Sarasota County, Florida, USA",private,2018 McLaren 570S Spider,https://www.classic.com/veh/2018-mclaren-570s-spider-sbm13faa4jw005147-nKjXov4/,Classic.com,SBM13FAA4JW005147,,,Classic.com asterisk asking; 32k mi displayed; mileage blank (rounded Nk mi); fixed-price; seller:Private Seller
2026-09-15,570S,spider,2019,144989,,USD,"Boynton Beach, Florida, USA",dealer,2019 McLaren 570S Spider,https://www.classic.com/veh/2019-mclaren-570s-spider-sbm13faa5kw005787-nQdN3o4/,Classic.com,SBM13FAA5KW005787,,,Classic.com asterisk asking; 23k mi displayed; mileage blank (rounded Nk mi); fixed-price; seller:The Platinum Collection
2026-09-15,570S,spider,2019,145586,22059,USD,"Scottsdale, AZ",dealer,2019 McLaren 570S,https://www.cargurus.com/details/452336917,CarGurus,SBM13FAA7KW005693,Onyx Black,Carbon Black/McLaren Orange,Stock # ABC918; trim: Spider RWD; deal rating: GREAT_PRICE; exterior color: Onyx Black; interior color: Carbon Black/McLaren Orange
2026-09-15,570S,spider,2019,149999,,USD,"Clayton County, Georgia, USA",dealer,2019 McLaren 570S Spider,https://www.classic.com/veh/2019-mclaren-570s-spider-sbm13faa4kw006249-pEq5Yjp/,Classic.com,SBM13FAA4KW006249,,,Classic.com asterisk asking; 27k mi displayed; mileage blank (rounded Nk mi); fixed-price; seller:Atlanta Fine Cars
2026-09-15,570S,spider,2018,151265,20105,USD,"ZIP 28405, USA",dealer,2018 McLaren 570S Spider,https://www.cars.com/vehicledetail/6b4c89cb-32ca-44c0-87ab-d2a6a16478e8/,Cars.com,SBM13FAAXJW004603,white,Red,Cars.com SRP vehicle-card JSON; seller:Stevenson Hendrick Mazda Wilmington; exterior color: white
2026-09-15,570S,spider,2018,154216,16416,USD,"ZIP 32837, USA",dealer,2018 McLaren 570S Base,https://www.cars.com/vehicledetail/812f0097-00dd-42e7-946b-9b9aa5c7df19/,Cars.com,SBM13FAAXJW005556,Onyx Black,Carbon Black/Jet Black/Stone Gray,Cars.com SRP vehicle-card JSON; seller:Starling Chevrolet Orlando; trim: Base; exterior color: black
2026-09-15,570S,spider,2019,154992,26968,USD,"Greensboro, NC",dealer,2019 McLaren 570S,https://www.cargurus.com/details/457224285,CarGurus,SBM13FAA3KW006338,Blue,Carbon Black,Stock # U7277C; trim: Spider RWD; deal rating: FAIR_PRICE; exterior color: Blue; interior color: Carbon Black
2026-09-15,570S,spider,2019,157800,,USD,"Kane County, Illinois, USA",dealer,2019 McLaren 570S Spider,https://www.classic.com/veh/2019-mclaren-570s-spider-sbm13faa5kw007023-4Dqqeln/,Classic.com,SBM13FAA5KW007023,,,Classic.com asterisk asking; 25k mi displayed; mileage blank (rounded Nk mi); fixed-price; seller:5252 Motors
2026-09-15,570S,spider,2018,159912,,USD,"West Chicago, Illinois, USA",dealer,2018 McLaren 570S Spider,https://www.classic.com/veh/2018-mclaren-570s-spider-sbm13faa3jw005317-pPLJBjp/,Classic.com,SBM13FAA3JW005317,green,Black,Classic.com asterisk asking; 17k mi displayed; mileage blank (rounded Nk mi); fixed-price; seller:Chicago Motor Cars
2026-09-15,570S,spider,2019,159999,,USD,"Broward County, Florida, USA",dealer,2019 McLaren 570S Spider,https://www.classic.com/veh/2019-mclaren-570s-spider-sbm13faa6kw007550-W9kr704/,Classic.com,SBM13FAA6KW007550,Ventura Orange,Black,Classic.com asterisk asking; 10k mi displayed; mileage blank (rounded Nk mi); fixed-price; seller:Desert Auto Dealer
2026-09-15,570S,spider,2018,164100,9321,USD,"ZIP 98003, USA",dealer,2018 McLaren 570S SPIDER CONVERTIBLE 2D,https://www.cars.com/vehicledetail/808c6616-e095-4a23-ae84-c6c1faa9d366/,Cars.com,SBM13FAA8JW004602,blue,Black,Cars.com SRP vehicle-card JSON; seller:West State Motorsport; exterior color: blue
2026-09-15,570S,spider,2020,164990,,USD,"Cleveland, Ohio, USA",dealer,2020 McLaren 570S Spider,https://www.classic.com/veh/2020-mclaren-570s-spider-sbm13faa6lw009011-Wxoqv9n/,Classic.com,SBM13FAA6LW009011,Onyx Black,Black,Classic.com asterisk asking; 14k mi displayed; mileage blank (rounded Nk mi); fixed-price; seller:Marshall Goldman Cleveland
2026-09-15,570S,spider,2018,164995,13441,USD,"Joliet, IL, USA",dealer,2018 McLaren 570S Spider,https://www.dupontregistry.com/car/mclaren/570s--spider/2018/SBM13FAAXJW003712/576332,duPont REGISTRY,SBM13FAAXJW003712,Blue,Beige,duPont REGISTRY search card; id=576332; Stock # 9577; exterior color: Blue; interior color: Beige
2026-09-15,570S,spider,2018,165886,12685,USD,"Gilbert, AZ",dealer,2018 McLaren 570S,https://www.cargurus.com/details/458589525,CarGurus,SBM13FAA2JW004742,Mantis Green,Carbon Black/Jet Black/Mantis Green,Stock # 1124; trim: Spider RWD; deal rating: GOOD_PRICE; exterior color: Mantis Green; interior color: Carbon Black/Jet Black/Mantis Green
2026-09-15,570S,spider,2019,165990,,USD,"New Albany, Indiana, USA",dealer,2019 McLaren 570S Spider,https://www.classic.com/veh/2019-mclaren-570s-spider-sbm13faa5kw006373-45GMemW/,Classic.com,SBM13FAA5KW006373,Black,Black,Classic.com asterisk asking; 10k mi displayed; mileage blank (rounded Nk mi); fixed-price; seller:Hypercars
2026-09-15,570S,spider,2019,169990,,USD,"New Albany, Indiana, USA",dealer,2019 McLaren 570S Spider,https://www.classic.com/veh/2019-mclaren-570s-spider-sbm13faa7kw006424-4r36zLn/,Classic.com,SBM13FAA7KW006424,Silver,Black,Classic.com asterisk asking; 9k mi displayed; mileage blank (rounded Nk mi); fixed-price; seller:Hypercars
2026-09-15,570S,spider,2018,169999,,USD,"Irvine, California, USA",dealer,2018 McLaren 570S Spider,https://www.classic.com/veh/2018-mclaren-570s-spider-sbm13faa2jw005583-pea557p/,Classic.com,SBM13FAA2JW005583,,,Classic.com asterisk asking; 29k mi displayed; mileage blank (rounded Nk mi); fixed-price; seller:Scuderia Motorcars
2026-09-15,570S,spider,2020,190268,,USD,"Naples, Florida, USA",dealer,2020 McLaren 570S Spider,https://www.classic.com/veh/2020-mclaren-570s-spider-sbm13faa8lw009074-WY2N5Ap/,Classic.com,SBM13FAA8LW009074,blue,,Classic.com asterisk asking; 4k mi displayed; mileage blank (rounded Nk mi); fixed-price; seller:Naples Motorsports
2026-09-15,570GT,coupe,2017,102999,46738,USD,"ZIP 07083, USA",dealer,2017 McLaren 570GT Base,https://www.cars.com/vehicledetail/fdd0c74b-32ea-444b-a5b7-ec67dcb0bdb5/,Cars.com,SBM13GAA0HW002360,yellow,,Cars.com SRP vehicle-card JSON; seller:Autopia Motorcars Inc; 570GT; trim: Base; exterior color: yellow
2026-09-15,570GT,coupe,2017,110894,44128,USD,"ZIP 27526, USA",dealer,2017 McLaren 570GT Base,https://www.cars.com/vehicledetail/1b28ff76-b07a-4505-ae21-ad004232e32f/,Cars.com,SBM13GAA2HW002621,white,,Cars.com SRP vehicle-card JSON; seller:Karma Fuquay; 570GT; trim: Base; exterior color: white
2026-09-15,570GT,coupe,2017,119695,24438,USD,"ZIP 33409, USA",dealer,2017 McLaren 570GT Base,https://www.cars.com/vehicledetail/90861361-14b0-4be2-a46e-c2a4c1aa169d/,Cars.com,SBM13GAA5HW002354,gray,,Cars.com SRP vehicle-card JSON; seller:Marino Performance Motors; 570GT; trim: Base; exterior color: gray
2026-09-15,570GT,coupe,2017,119999,17188,USD,"ZIP 07083, USA",dealer,2017 McLaren 570GT Base,https://www.cars.com/vehicledetail/3cf66a7b-23ff-4867-9cdd-bd007eca94f3/,Cars.com,SBM13GAA2HW001436,white,,Cars.com SRP vehicle-card JSON; seller:Autopia Motorcars Inc; 570GT; trim: Base; exterior color: white
2026-09-15,570GT,coupe,2017,127491,28754,USD,"ZIP 77074, USA",dealer,2017 McLaren 570GT Base,https://www.cars.com/vehicledetail/c8095f00-cf75-44ce-95d9-9c936f2b1e63/,Cars.com,SBM13GAA4HW002023,black,Black,Cars.com SRP vehicle-card JSON; seller:ABZ Motors; 570GT; trim: Base; exterior color: black
2026-09-15,570GT,coupe,2018,128250,,USD,"City of Yonkers, New York, USA",dealer,2018 McLaren 570GT,https://www.classic.com/veh/2018-mclaren-570gt-sbm13gaa1jw005077-pJN9MGp/,Classic.com,SBM13GAA1JW005077,,,Classic.com asterisk asking; 25k mi displayed; mileage blank (rounded Nk mi); fixed-price; seller:Yonkers Auto Gallery; 570GT
2026-09-15,570GT,coupe,2017,129383,19624,USD,"ZIP 77057, USA",dealer,2017 McLaren 570GT Base,https://www.cars.com/vehicledetail/cc8635ba-acdf-48e6-b01d-ed407a60e25f/,Cars.com,SBM13GAA4HW002037,gray,,Cars.com SRP vehicle-card JSON; seller:TX Auto Group Houston; 570GT; trim: Base; exterior color: gray
2026-09-15,570GT,coupe,2018,129900,,USD,"Marysville, Ohio, USA",dealer,2018 McLaren 570GT,https://www.classic.com/veh/2018-mclaren-570gt-base-sbm13gaa9jw005196-pzmRk3W/,Classic.com,SBM13GAA9JW005196,white,,Classic.com asterisk asking; 18k mi displayed; mileage blank (rounded Nk mi); fixed-price; seller:Performance Luxury Sport; 570GT
2026-09-15,570GT,coupe,2017,129975,,USD,"Dallas, Texas, USA",dealer,2017 McLaren 570GT,https://www.classic.com/veh/2017-mclaren-570gt-sbm13gaa6hw002525-4Z1XEAp/,Classic.com,SBM13GAA6HW002525,,,Classic.com asterisk asking; 24k mi displayed; mileage blank (rounded Nk mi); fixed-price; seller:BOSS; 570GT
2026-09-15,570GT,coupe,2017,130991,15564,USD,"ZIP 85260, USA",dealer,2017 McLaren 570GT Base,https://www.cars.com/vehicledetail/08b459c3-f7d5-40f4-bddb-135d4746fa3c/,Cars.com,SBM13GAA3HW002580,black,,Cars.com SRP vehicle-card JSON; seller:Auto Boom LLC; 570GT; trim: Base; exterior color: black
2026-09-15,570GT,coupe,2017,134991,34740,USD,"ZIP 85260, USA",dealer,2017 McLaren 570GT Base,https://www.cars.com/vehicledetail/96dd880a-501d-4caa-ab45-14ef93bf22d9/,Cars.com,SBM13GAA3HW002420,,,Cars.com SRP vehicle-card JSON; seller:Auto Boom LLC; 570GT; trim: Base
2026-09-15,570GT,coupe,2017,136345,13482,USD,"ZIP 55343, USA",dealer,2017 McLaren 570GT Base,https://www.cars.com/vehicledetail/47cf3681-73da-4596-b661-eb5b60eca245/,Cars.com,SBM13GAA2HW002635,silver,,Cars.com SRP vehicle-card JSON; seller:Mainstreet Motor Company; 570GT; trim: Base; exterior color: silver
2026-09-15,570GT,coupe,2017,145990,,USD,"New Albany, Indiana, USA",dealer,2017 McLaren 570GT,https://www.classic.com/veh/2017-mclaren-570gt-sbm13gaa3hw001476-nBN0QQn/,Classic.com,SBM13GAA3HW001476,gray,Brown,Classic.com asterisk asking; 17k mi displayed; mileage blank (rounded Nk mi); fixed-price; seller:Hypercars; 570GT
2026-09-15,570GT,coupe,2019,162172,8990,USD,"ZIP 34104, USA",dealer,2019 McLaren 570GT Base,https://www.cars.com/vehicledetail/30ac208f-7c04-495d-af1e-eeb78b75504d/,Cars.com,SBM13GAA3KW005793,gray,,Cars.com SRP vehicle-card JSON; seller:Alfa Romeo of Naples; 570GT; trim: Base; exterior color: gray
2026-09-15,570GT,coupe,2017,169995,,USD,"Raleigh, North Carolina, USA",dealer,2017 McLaren 570GT,https://www.classic.com/veh/2017-mclaren-570gt-sbm13gaa2hw001520-4DBA2YW/,Classic.com,SBM13GAA2HW001520,,,Classic.com asterisk asking; 5k mi displayed; mileage blank (rounded Nk mi); fixed-price; seller:Carolina Exotic Cars; 570GT
2026-09-15,570GT,coupe,2018,199777,,USD,"Red Deer County, CAN",dealer,2018 McLaren 570GT Coupe,https://www.classic.com/veh/2018-mclaren-570gt-coupe-sbm13gaa2jw005184-nOlKogW/,Classic.com,SBM13GAA2JW005184,,,Classic.com asterisk asking; unparsed mileage text '14k km (8k mi)'; left blank; fixed-price; seller:Adrenalin Exotics; 570GT
2026-09-15,GT,coupe,2020,103000,,USD,"Mesquite, Texas, USA",dealer,2020 McLaren GT,https://www.classic.com/veh/2020-mclaren-gt-sbm22gca6lw000349-4Dwy2lp/,Classic.com,SBM22GCA6LW000349,,,Classic.com asterisk asking; 32k mi displayed; mileage blank (rounded Nk mi); fixed-price; seller:Texas Autos Direct
2026-09-15,GT,coupe,2021,123025,22831,USD,"Freeport, NY",dealer,2021 McLaren GT,https://www.cargurus.com/details/456955030,CarGurus,SBM22GCA6MW001406,,,Stock # O01406; trim: Coupe RWD; deal rating: GOOD_PRICE
2026-09-15,GT,coupe,2020,129250,,USD,"Tucson, Arizona, USA",dealer,2020 McLaren GT Stage 2 M Engineering,https://www.classic.com/veh/2020-mclaren-gt-stage-2-m-engineering-sbm22gca5lw0-nBvDj7n/,Classic.com,,,,Classic.com asterisk asking; 12k mi displayed; mileage blank (rounded Nk mi); fixed-price; seller:Jumbo Motorsports
2026-09-15,GT,coupe,2021,129900,,USD,"Tampa, Florida, USA",dealer,2021 McLaren GT Base,https://www.classic.com/veh/2021-mclaren-gt-sbm22gca2mw001189-pzOGgj4/,Classic.com,SBM22GCA2MW001189,,,Classic.com asterisk asking; 27k mi displayed; mileage blank (rounded Nk mi); fixed-price; seller:3 Percent Auto Group; trim: Base
2026-09-15,GT,coupe,2020,131488,28171,USD,"Hollywood, FL",dealer,2020 McLaren GT,https://www.cargurus.com/details/458526178,CarGurus,SBM22GCA8LW000207,Gray,,Stock # 000207T; trim: Coupe RWD; deal rating: GOOD_PRICE; exterior color: Gray
2026-09-15,GT,coupe,2020,131995,16678,USD,"Houston, TX",dealer,2020 McLaren GT,https://www.cargurus.com/details/457687026,CarGurus,SBM22GCA7LW000117,White,Black,Stock # LW000117; trim: Coupe RWD; deal rating: GREAT_PRICE; exterior color: White; interior color: Black
2026-09-15,GT,coupe,2020,134991,16791,USD,"ZIP 33764, USA",dealer,2020 McLaren GT Base,https://www.cars.com/vehicledetail/5ff2baba-7763-4cc6-a154-24428629c120/,Cars.com,SBM22GCA3LW000115,Storm Gray,Barolo,Cars.com SRP vehicle-card JSON; seller:Nissan of Clearwater; trim: Base; exterior color: gray
2026-09-15,GT,coupe,2020,134999,21278,USD,"Sterling, VA",dealer,2020 McLaren GT,https://www.cargurus.com/details/453318913,CarGurus,SBM22GCA3LW000468,Blue,Porcelain/Jet Black,Stock # LW000468Z; trim: Coupe RWD; deal rating: FAIR_PRICE; exterior color: Blue; interior color: Porcelain/Jet Black
2026-09-15,GT,coupe,2020,138411,19125,USD,"ZIP 32225, USA",dealer,2020 McLaren GT,https://www.cars.com/vehicledetail/3abf0427-35db-429a-b495-0fe771e5bebc/,Cars.com,SBM22GCA7LW000697,red,,Cars.com SRP vehicle-card JSON; seller:Land Rover Jacksonville; exterior color: red
2026-09-15,GT,coupe,2021,139900,,USD,"Columbia, South Carolina, USA",dealer,2021 McLaren GT Coupe,https://www.classic.com/veh/2021-mclaren-gt-coupe-sbm22gca4mw001307-WkbVz0n/,Classic.com,SBM22GCA4MW001307,,,Classic.com asterisk asking; 26k mi displayed; mileage blank (rounded Nk mi); fixed-price; seller:Exclusive Auto Wholesale (South Carolina)
2026-09-15,GT,coupe,2023,139975,,USD,"Dallas, Texas, USA",dealer,2023 McLaren GT,https://www.classic.com/veh/2023-mclaren-gt-sbm22gca3pw002548-n16G3gW/,Classic.com,SBM22GCA3PW002548,,,Classic.com asterisk asking; 1k mi displayed; mileage blank (rounded Nk mi); fixed-price; seller:BOSS
2026-09-15,GT,coupe,2023,140413,28714,USD,"Hinsdale, IL",dealer,2023 McLaren GT,https://www.cargurus.com/details/458192543,CarGurus,SBM22GCA3PW002789,Plateaux (Gray),,Stock # P1274; trim: RWD; deal rating: FAIR_PRICE; exterior color: Plateaux (Gray)
2026-09-15,GT,coupe,2023,145937,,USD,"Boynton Beach, Florida, USA",dealer,2023 McLaren GT,https://www.classic.com/veh/2023-mclaren-gt-sbm22gca5pw002843-WR1vEln/,Classic.com,SBM22GCA5PW002843,,,Classic.com asterisk asking; 15k mi displayed; mileage blank (rounded Nk mi); fixed-price; seller:The Platinum Collection
2026-09-15,GT,coupe,2020,147170,,USD,"Saint James, New York, USA",dealer,2020 McLaren GT,https://www.classic.com/veh/2020-mclaren-gt-sbm22gca7lw000330-nBk3XZW/,Classic.com,SBM22GCA7LW000330,Red,Black,Classic.com asterisk asking; 10k mi displayed; mileage blank (rounded Nk mi); fixed-price; seller:SR Auto Group
2026-09-15,GT,coupe,2023,148694,14848,USD,"ZIP 98005, USA",dealer,2023 McLaren GT Base,https://www.cars.com/vehicledetail/9e2d0d51-3a55-4d59-b798-a38094476f2d/,Cars.com,SBM22GCA3PW002498,Gray,Black,Cars.com SRP vehicle-card JSON; seller:Fields Motorcars Seattle; trim: Base
2026-09-15,GT,coupe,2021,149900,,USD,"Charlotte, North Carolina, USA",dealer,2021 McLaren GT,https://www.classic.com/veh/2021-mclaren-gt-sbm22gca5mw001512-Wj3Rkdp/,Classic.com,SBM22GCA5MW001512,blue,Black,Classic.com asterisk asking; 9k mi displayed; mileage blank (rounded Nk mi); fixed-price; seller:Tactical Fleet Charlotte
2026-09-15,GT,coupe,2022,149950,,USD,"Pompano Beach, Florida, USA",dealer,2022 McLaren GT Coupe,https://www.classic.com/veh/2022-mclaren-gt-coupe-sbm22gca3nw001977-Wj1Xxgn/,Classic.com,SBM22GCA3NW001977,,,Classic.com asterisk asking; 14k mi displayed; mileage blank (rounded Nk mi); fixed-price; seller:The New Auto Toy Store
2026-09-15,GT,coupe,2022,149990,,USD,"Denver, Colorado, USA",dealer,2022 McLaren GT Coupe,https://www.classic.com/veh/2022-mclaren-gt-coupe-sbm22gca1nw001637-WN7VGYp/,Classic.com,SBM22GCA1NW001637,white,,Classic.com asterisk asking; 14k mi displayed; mileage blank (rounded Nk mi); fixed-price; seller:Drake Motorcars
2026-09-15,GT,coupe,2020,150500,,USD,"Newtown Township, Pennsylvania, USA",dealer,2020 McLaren GT,https://www.classic.com/veh/2020-mclaren-gt-sbm22gca4lw000964-4yjmqXn/,Classic.com,SBM22GCA4LW000964,blue,,Classic.com asterisk asking; 10k mi displayed; mileage blank (rounded Nk mi); fixed-price; seller:RDS Automotive Group
2026-09-15,GT,coupe,2023,150990,,USD,"Palm Beach County, Florida, USA",dealer,2023 McLaren GT,https://www.classic.com/veh/2023-mclaren-gt-sbm22gca1pw003018-4rm2d5p/,Classic.com,SBM22GCA1PW003018,McLaren Orange,Jet Black,Classic.com asterisk asking; 14k mi displayed; mileage blank (rounded Nk mi); fixed-price; seller:Florida Performance Cars
2026-09-15,GT,coupe,2020,154042,13319,USD,"Pinellas Park, FL",dealer,2020 McLaren GT,https://www.cargurus.com/details/456740084,CarGurus,SBM22GCA4LW000348,Black,,Stock # P1117; trim: Coupe RWD; deal rating: FAIR_PRICE; exterior color: Black
2026-09-15,GT,coupe,2023,156389,15017,USD,"ZIP 33146, USA",dealer,2023 McLaren GT Base,https://www.cars.com/vehicledetail/2afc9121-14ce-4d54-ac9c-15e3b6f22f32/,Cars.com,SBM22GCA2PW002766,orange,,Cars.com SRP vehicle-card JSON; seller:THE COLLECTION; trim: Base; exterior color: orange
2026-09-15,GT,coupe,2023,157662,16639,USD,"Tulsa, OK",dealer,2023 McLaren GT,https://www.cargurus.com/details/441570469,CarGurus,SBM22GCA7PW002388,Yellow,Jet Black,Stock # PW002388; trim: RWD; deal rating: FAIR_PRICE; exterior color: Yellow; interior color: Jet Black
2026-09-15,GT,coupe,2023,158900,,USD,"Costa Mesa, California, USA",dealer,2023 McLaren GT,https://www.classic.com/veh/2023-mclaren-gt-sbm22gcaxpw002532-n81VjAW/,Classic.com,SBM22GCAXPW002532,black,,Classic.com asterisk asking; 12k mi displayed; mileage blank (rounded Nk mi); fixed-price; seller:iLusso Costa Mesa
2026-09-15,GT,coupe,2020,159195,,USD,"San Clemente, California, USA",dealer,2020 McLaren GT,https://www.classic.com/veh/2020-mclaren-gt-sbm22gca6lw000092-nQxGZw4/,Classic.com,SBM22GCA6LW000092,Gray,Brown (Tan),Classic.com asterisk asking; 9k mi displayed; mileage blank (rounded Nk mi); fixed-price; seller:European Exotic Center - San Clemente
2026-09-15,GT,coupe,2023,159600,,USD,"Marysville, Ohio, USA",dealer,2023 McLaren GT,https://www.classic.com/veh/2023-mclaren-gt-sbm22gca3pw002808-nKoAM7n/,Classic.com,SBM22GCA3PW002808,,,Classic.com asterisk asking; 9k mi displayed; mileage blank (rounded Nk mi); fixed-price; seller:Performance Luxury Sport
2026-09-15,GT,coupe,2023,159999,,USD,"Pompano Beach, Florida, USA",dealer,2023 McLaren GT,https://www.classic.com/veh/2023-mclaren-gt-sbm22gca8pw002318-4V2Q8v4/,Classic.com,SBM22GCA8PW002318,,,Classic.com asterisk asking; 4k mi displayed; mileage blank (rounded Nk mi); fixed-price; seller:Southeast Auto Showroom
2026-09-15,GT,coupe,2023,160190,5459,USD,"Pompano Beach, FL",dealer,2023 McLaren GT,https://www.cargurus.com/details/411980950,CarGurus,SBM22GCA1PW002838,White,Black,Stock # 912030; trim: RWD; deal rating: GOOD_PRICE; exterior color: White; interior color: Black
2026-09-15,GT,coupe,2023,161097,,USD,"Marietta, Georgia, USA",dealer,2023 McLaren GT,https://www.classic.com/veh/2023-mclaren-gt-sbm22gca4pw002400-nO7qq2n/,Classic.com,SBM22GCA4PW002400,,,Classic.com asterisk asking; 11k mi displayed; mileage blank (rounded Nk mi); fixed-price; seller:Atlanta Autos
2026-09-15,GT,coupe,2023,164676,7283,USD,"ZIP 33401, USA",dealer,2023 McLaren GT Base,https://www.cars.com/vehicledetail/41ae7d55-2978-4ed0-b688-57312976ca49/,Cars.com,SBM22GCAXPW002563,white,,Cars.com SRP vehicle-card JSON; seller:Jaguar Palm Beach; trim: Base; exterior color: white
2026-09-15,GT,coupe,2022,165900,,USD,"Santa Ana, California, USA",dealer,2022 McLaren GT,https://www.classic.com/veh/2022-mclaren-gt-sbm22gca3nw001719-nKxL97W/,Classic.com,SBM22GCA3NW001719,,,Classic.com asterisk asking; 13k mi displayed; mileage blank (rounded Nk mi); fixed-price; seller:Dux Llc
2026-09-15,GT,coupe,2023,165950,,USD,"Van Nuys, California, USA",dealer,2023 McLaren GT,https://www.classic.com/veh/2023-mclaren-gt-sbm22gca1pw002600-pea2Dzp/,Classic.com,SBM22GCA1PW002600,red,,Classic.com asterisk asking; 11k mi displayed; mileage blank (rounded Nk mi); fixed-price; seller:Land Rover Van Nuys
2026-09-15,GT,coupe,2023,167189,7400,USD,"ZIP 32811, USA",dealer,2023 McLaren GT Base,https://www.cars.com/vehicledetail/54d42f8b-7208-4bcb-97da-a8131cf4d675/,Cars.com,SBM22GCA5PW002762,red,,Cars.com SRP vehicle-card JSON; seller:Maserati of Central Florida; trim: Base; exterior color: red
2026-09-15,GT,coupe,2023,167698,,USD,"Las Vegas, Nevada, USA",dealer,2023 McLaren GT,https://www.classic.com/veh/2023-mclaren-gt-sbm22gca2pw002895-W9jr3ep/,Classic.com,SBM22GCA2PW002895,,,Classic.com asterisk asking; 8k mi displayed; mileage blank (rounded Nk mi); fixed-price; seller:Towbin Motorcars
2026-09-15,GT,coupe,2023,169779,4346,USD,"Sterling, VA",dealer,2023 McLaren GT,https://www.cargurus.com/details/446528100,CarGurus,SBM22GCA8PW002772,,Black,Stock # PW0379; trim: RWD; deal rating: GOOD_PRICE; interior color: Black
2026-09-15,GT,coupe,2023,169900,5776,USD,"ZIP 75244, USA",dealer,2023 McLaren GT Coupe,https://www.cars.com/vehicledetail/99747e6d-7303-4bd2-bda5-ad967277591f/,Cars.com,SBM22GCA8PW002724,blue,,Cars.com SRP vehicle-card JSON; seller:Tactical Fleet Dallas; exterior color: blue
2026-09-15,GT,coupe,2023,170076,10780,USD,"ZIP 94596, USA",dealer,2023 McLaren GT Certified Preowned,https://www.cars.com/vehicledetail/edad4717-a565-4887-8f2c-c1983c9f0e8d/,Cars.com,SBM22GCA1PW002788,orange,,Cars.com SRP vehicle-card JSON; seller:The Luxury Collection Walnut Creek; exterior color: orange
2026-09-15,GT,coupe,2023,170264,6075,USD,"Pinellas Park, FL",dealer,2023 McLaren GT,https://www.cargurus.com/details/444965444,CarGurus,SBM22GCA0PW002541,White,,Stock # P1090; trim: RWD; deal rating: FAIR_PRICE; exterior color: White
2026-09-15,GT,coupe,2023,171388,7332,USD,"Pinellas Park, FL",dealer,2023 McLaren GT,https://www.cargurus.com/details/455910689,CarGurus,SBM22GCA7PW002598,Gray,,Stock # P1110; trim: RWD; deal rating: FAIR_PRICE; exterior color: Gray
2026-09-15,GT,coupe,2023,171676,,USD,"West Palm Beach, Florida, USA",dealer,2023 McLaren GT,https://www.classic.com/veh/2023-mclaren-gt-sbm22gca9pw002957-nwkq0jn/,Classic.com,SBM22GCA9PW002957,black,Black,Classic.com asterisk asking; 6k mi displayed; mileage blank (rounded Nk mi); fixed-price; seller:Jaguar Palm Beach
2026-09-15,GT,coupe,2023,171990,3956,USD,"Beverly Hills, CA",dealer,2023 McLaren GT,https://www.cargurus.com/details/451393318,CarGurus,SBM22GCA0PW002796,Vermillion Red,Porcelain/Jet Black,Stock # 9833UC; trim: RWD; deal rating: GREAT_PRICE; exterior color: Vermillion Red; interior color: Porcelain/Jet Black
2026-09-15,GT,coupe,2023,173700,,USD,"Rock Hill, South Carolina, USA",dealer,2023 McLaren GT,https://www.classic.com/veh/2023-mclaren-gt-sbm22gca6pw002981-pJQdaVW/,Classic.com,SBM22GCA6PW002981,white,,Classic.com asterisk asking; 5k mi displayed; mileage blank (rounded Nk mi); fixed-price; seller:Chicago Motor Cars
2026-09-15,GT,coupe,2023,174995,,USD,"Houston, Texas, USA",dealer,2023 McLaren GT,https://www.classic.com/veh/2023-mclaren-gt-sbm22gca4pw002977-WqmA0qW/,Classic.com,SBM22GCA4PW002977,Orange,Black,Classic.com asterisk asking; 7k mi displayed; mileage blank (rounded Nk mi); fixed-price; seller:Autodynamics
2026-09-15,GT,coupe,2023,177700,,USD,"Rock Hill, South Carolina, USA",dealer,2023 McLaren GT,https://www.classic.com/veh/2023-mclaren-gt-sbm22gca3pw002484-4VmEd5p/,Classic.com,SBM22GCA3PW002484,orange,,Classic.com asterisk asking; 6k mi displayed; mileage blank (rounded Nk mi); fixed-price; seller:Chicago Motor Cars
2026-09-15,GT,coupe,2023,182172,,USD,"Naples, Florida, USA",dealer,2023 McLaren GT Coupe,https://www.classic.com/veh/2023-mclaren-gt-coupe-sbm22gcaxpw002904-4a9Y1x4/,Classic.com,SBM22GCAXPW002904,,,Classic.com asterisk asking; 7k mi displayed; mileage blank (rounded Nk mi); fixed-price; seller:Naples Motorsports
2026-09-15,GT,coupe,2023,186991,945,USD,"Tampa, Florida, USA",dealer,2023 McLaren GT,https://www.classic.com/veh/2023-mclaren-gt-sbm22gca7pw002715-peaAj7p/,Classic.com,SBM22GCA7PW002715,,,Classic.com asterisk asking; exact miles displayed: 945 mi; fixed-price; seller:Lux Auto Imports
