snapshot_date,model_family,body,model_year,asking_price_usd,mileage_miles,currency,location,seller_type,listing_title,listing_url,source,vin_or_stock,exterior_color,interior_color,notes
2026-09-15,SF90,coupe,2021,389912,23774,USD,"Naperville, Illinois, USA",dealer,Used 2021 Ferrari SF90 Stradale Coupe,https://www.cars.com/vehicledetail/8de3a770-933a-4c9e-b3cf-9f1133bf641a/?sid=9ac3e6b3-5b06-4789-a086-d9854afdd0b3,Cars.com,ZFF95NLA3M0268350,,,Classic.com asterisk asking; 23k mi displayed; mileage blank (rounded Nk mi); fixed-price; seller:Chicago Motor Cars
2026-09-15,SF90,coupe,2021,389995,19454,USD,"Houston, Texas, USA",dealer,2021 Ferrari SF90 Stradale,https://www.classic.com/veh/2021-ferrari-sf90-stradale-zff95nla6m0266737-Wqm10bW/,Classic.com,ZFF95NLA6M0266737,Black,Brown,Classic.com asterisk asking; 19k mi displayed; mileage blank (rounded Nk mi); fixed-price; seller:Houston Auto World; Stock # 66737; trim: Stradale AWD
2026-09-15,SF90,coupe,2021,399998,,USD,"Fort Lauderdale, Florida, USA",dealer,"2021 Ferrari SF90 Stradale Rosso Corsa Paint, Azzurro Santorini Interior, Suspension Lifter, Scuderia Shields AND MUCH MORE!!!",https://www.classic.com/veh/2021-ferrari-sf90-stradale-rosso-corsa-paint-azzur-pGZXmjW/,Classic.com,,,,Classic.com asterisk asking; 10k mi displayed; mileage blank (rounded Nk mi); fixed-price; seller:Carrio Motor Cars
2026-09-15,SF90,coupe,2021,429900,5578,USD,"Coral Gables, USA",dealer,2021 Ferrari SF90 Stradale,https://preowned.ferrari.com/en-US/vehicle/IljixbcgVnJGsKsQfDGsrnnONbdrFky%2FxQwHHbMeA637WOmxfPsGeVzIHXlNstR2uIYTFSPL%2FhUsxUH%2Bsfb5DBe37ulnKHobbTaDEL1LFA%3D%3D,Ferrari Approved (preowned.ferrari.com),ZFF95NLAXM0263968,Rosso Dino,,stock M0263968P
2026-09-15,SF90,coupe,2021,439985,2074,USD,"Edison, USA",dealer,2021 Ferrari SF90 Stradale,https://preowned.ferrari.com/en-US/vehicle/IljixbcgVnJGsKsQfDGsrvSnvrLfEpVlgpWAhA%2BxsWAA41mALgPVaflkUsdRQdbIuIYTFSPL%2FhVExUH%2BsfP3Dx637ulnKX8cbzSME7hKFg%3D%3D,Ferrari Approved (preowned.ferrari.com),ZFF95NLA0M0266751,Blu Nart,,stock F0266751TC
2026-09-15,SF90,coupe,2021,443988,2947,USD,"Honolulu, USA",dealer,2021 Ferrari SF90 Stradale,https://preowned.ferrari.com/en-US/vehicle/IljixbcgVnJGsKsQfDGsroqk51dfpJDK7bohZ%2BPZ5G%2B1Zs9eCNCjbsxnLsCvKRZ6uIYTFSPL%2FhVFxUH%2Bsfb2Ch237ulnKXkfbz%2BGHbpJFQ%3D%3D,Ferrari Approved (preowned.ferrari.com),ZFF95NLA1M0263602,Nero Daytona,,stock X1139A; Classic.com asterisk asking; 2k mi displayed; mileage blank (rounded Nk mi); fixed-price; seller:Velocity Honolulu; Classic.com asterisk asking; 2k mi displayed; mileage blank (rounded Nk mi); fixed-price; seller:Velocity Honolulu; Classic.com asterisk asking; 2k mi displayed; mileage blank (rounded Nk mi); fixed-price; seller:Velocity Honolulu; Classic.com asterisk asking; 2k mi displayed; mileage blank (rounded Nk mi); fixed-price; seller:Velocity Honolulu; Classic.com asterisk asking; 2k mi displayed; mileage blank (rounded Nk mi); fixed-price; seller:Velocity Honolulu; Classic.com asterisk asking; 2k mi displayed; mileage blank (rounded Nk mi); fixed-price; seller:Velocity Honolulu
2026-09-15,SF90,coupe,2021,447557,701,USD,"Rancho Mirage, USA",dealer,2021 Ferrari SF90 Stradale,https://preowned.ferrari.com/en-US/vehicle/IljixbcgVnJGsKsQfDGsruINcQA8IJsG9dHxIm89O7%2FKtHJJYiTAwSBNJZSdMjtCuIYTFSPL%2FhVGxUH%2BsfTxDBy37ulnK38baz%2BHE7ZNEg%3D%3D,Ferrari Approved (preowned.ferrari.com),ZFF95NLA2M0261163,Rosso Corsa,,stock PM0261163
2026-09-15,SF90,coupe,2021,449890,2017,USD,"St Louis, USA",dealer,2021 Ferrari SF90 Stradale,https://preowned.ferrari.com/en-US/vehicle/IljixbcgVnJGsKsQfDGsrgn9EQUZP1tB1aNog00%2B7Zmj2SDbQpICcqti40lbyibJuIYTFSPL%2FhVFxUH%2BsfPyAhi37ulnJX8baDCBFbhNFg%3D%3D,Ferrari Approved (preowned.ferrari.com),ZFF95NLA1M0266287,Bianco Avus,Rosso Ferrari,stock C1M0266287; Classic.com asterisk asking; 2k mi displayed; mileage blank (rounded Nk mi); fixed-price; seller:Cavallino Rosso St. Louis; Classic.com asterisk asking; 2k mi displayed; mileage blank (rounded Nk mi); fixed-price; seller:Cavallino Rosso St. Louis; Classic.com asterisk asking; 2k mi displayed; mileage blank (rounded Nk mi); fixed-price; seller:Cavallino Rosso St. Louis; Classic.com asterisk asking; 2k mi displayed; mileage blank (rounded Nk mi); fixed-price; seller:Cavallino Rosso St. Louis; Stock # C1M0266287; trim: Stradale AWD
2026-09-15,SF90,coupe,2021,450000,,USD,"San Juan, Puerto Rico, PRI",dealer,2021 Ferrari SF90 Stradale,https://www.classic.com/veh/2021-ferrari-sf90-stradale-zff95nla5m0263540-nXwL2b4/,Classic.com,ZFF95NLA5M0263540,,,Classic.com asterisk asking; 3k mi displayed; mileage blank (rounded Nk mi); fixed-price; seller:Ferrari Puerto Rico
2026-09-15,SF90,coupe,2021,469999,980,USD,"Phoenix, USA",dealer,2021 Ferrari SF90 Stradale,https://preowned.ferrari.com/en-US/vehicle/IljixbcgVnJGsKsQfDGsrj2JKk1uzPrHkZDK1F6sxL5OY3q8SIADpiLFNqnjE0C%2FuIYTFSPL%2FhVHxUH%2BsfHxCxa37ulnKHQabTKBE7tHGA%3D%3D,Ferrari Approved (preowned.ferrari.com),ZFF95NLA3M0264119,Rosso Corsa,,stock FP5380
2026-09-15,SF90,coupe,2021,478880,2196,USD,"Redwood City, USA",dealer,2021 Ferrari SF90 Stradale,https://preowned.ferrari.com/en-US/vehicle/IljixbcgVnJGsKsQfDGsrgK18qM%2F0O2T3c98X2%2Bo2tgxl7y%2FkOuuLX2%2By%2B1X2feouIYTFSPL%2FhVExUH%2Bsf3zDR637ulnK34ZbD%2BMEL5PFw%3D%3D,Ferrari Approved (preowned.ferrari.com),ZFF95NLA0M0268371,Nero Daytona,Rosso Ferrari,stock 268371; Stock # 1TM0268371; trim: Stradale AWD
2026-09-15,SF90,coupe,2021,479990,4096,USD,"Redwood City, USA",dealer,2021 Ferrari SF90 Stradale,https://preowned.ferrari.com/en-US/vehicle/IljixbcgVnJGsKsQfDGsrmwjMjp66CsmB%2FcqjGPT3j3TtyToWTLoUmXnna4QpGGouIYTFSPL%2FhUsxUH%2BsfbxDB237ulnJHgabjONF7dLEw%3D%3D,Ferrari Approved (preowned.ferrari.com),ZFF95NLAXM0263162,Bianco Avus,,stock 263162
2026-09-15,SF90,coupe,2021,479995,6098,USD,"Beverly Hills, California, USA",dealer,Used 2021 Ferrari SF90 Stradale,https://www.cars.com/vehicledetail/bdf751a7-e478-48b6-916d-02c35508060f/?attribution_type=p_one&sid=9ac3e6b3-5b06-4789-a086-d9854afdd0b3,Cars.com,ZFF95NLA7M0267184,Nero Daytona Metallic,Nero,Classic.com asterisk asking; 6k mi displayed; mileage blank (rounded Nk mi); fixed-price; seller:TBTFW; Stock # 267184; trim: Stradale AWD
2026-09-15,SF90,coupe,2021,486218,7691,USD,"Las Vegas, NV",dealer,2021 Ferrari SF90,https://www.cargurus.com/details/451062574,CarGurus,ZFF95NLA5M0268348,Grigio Ferro Metallic,Nero,Stock # STK268348; trim: Stradale AWD
2026-09-15,SF90,coupe,2021,539000,,USD,"Mesa, Arizona, USA",dealer,2021 Ferrari SF90 Stradale Assetto Fiorano,https://www.classic.com/veh/2021-ferrari-sf90-stradale-zff95nla0m0263607-WN2ZdrW/,Classic.com,ZFF95NLA0M0263607,,,Classic.com asterisk asking; 5k mi displayed; mileage blank (rounded Nk mi); fixed-price; seller:Gul Luxury; Assetto Fiorano
2026-09-15,SF90,coupe,2021,599000,,USD,"Addison, Texas, USA",dealer,2021 Ferrari SF90 Stradale,https://www.classic.com/veh/2021-ferrari-sf90-stradale-zff95nla9m0262813-4Ma3rx4/,Classic.com,ZFF95NLA9M0262813,,,Classic.com asterisk asking; 3k mi displayed; mileage blank (rounded Nk mi); fixed-price; seller:CarHaus
2026-09-15,SF90,coupe,2022,439589,10645,USD,"Davie, FL",dealer,Used 2022 Ferrari SF90 Stradale Base,https://www.cars.com/vehicledetail/f7b7451c-22f7-4d99-a94f-3a507acd847b/?sid=9ac3e6b3-5b06-4789-a086-d9854afdd0b3,Cars.com,ZFF95NLA3N0269483,White,,Stock # WN0269483PP; trim: Stradale AWD
2026-09-15,SF90,coupe,2022,443076,9837,USD,"Charlotte, North Carolina, USA",dealer,Used 2022 Ferrari SF90 Stradale Coupe,https://www.cars.com/vehicledetail/aa720773-c931-4e45-b507-74debf9c6a92/?sid=9ac3e6b3-5b06-4789-a086-d9854afdd0b3,Cars.com,ZFF95NLA2N0270530,,,Classic.com asterisk asking; 9k mi displayed; mileage blank (rounded Nk mi); fixed-price; seller:McLaren Charlotte
2026-09-15,SF90,coupe,2022,448240,1172,USD,"Portland, OR",dealer,2022 Ferrari SF90,https://www.cargurus.com/details/449754951,CarGurus,ZFF95NLA0N0282935,Rosso Corsa,Black,Stock # CN282935; trim: Stradale AWD
2026-09-15,SF90,coupe,2022,449948,7478,USD,"Marysville, Ohio, USA",dealer,Used 2022 Ferrari SF90 Stradale Base,https://www.cars.com/vehicledetail/327fc7cc-f715-418e-a63f-f4984e920265/?sid=9ac3e6b3-5b06-4789-a086-d9854afdd0b3,Cars.com,ZFF95NLA1N0285567,,,Classic.com asterisk asking; 7k mi displayed; mileage blank (rounded Nk mi); fixed-price; seller:Performance Luxury Sport
2026-09-15,SF90,coupe,2022,455777,,USD,"Mesquite, Texas, USA",dealer,2022 Ferrari SF90 Stradale Assetto Fiorano,https://www.classic.com/veh/2022-ferrari-sf90-stradale-assetto-fiorano-zff95nl-Wqm0xJW/,Classic.com,,,,Classic.com asterisk asking; 2k mi displayed; mileage blank (rounded Nk mi); fixed-price; seller:Texas Autos Direct; Assetto Fiorano
2026-09-15,SF90,coupe,2022,456402,2160,USD,"Mesquite, TX",dealer,Used 2022 Ferrari SF90 Stradale Base,https://www.cars.com/vehicledetail/ca9ca0ec-1aa5-4f16-9878-f89b016acf0c/?sid=9ac3e6b3-5b06-4789-a086-d9854afdd0b3,Cars.com,ZFF95NLA4N0274420,Rosso Corsa,Rosso Ferrari,Stock # 274420; trim: Stradale AWD
2026-09-15,SF90,coupe,2022,459900,2488,USD,"Addison, Texas, USA",dealer,Used 2022 Ferrari SF90 Stradale Base,https://www.cars.com/vehicledetail/d1be1e80-b012-4d41-8d1e-09fdf7a071c5/?sid=9ac3e6b3-5b06-4789-a086-d9854afdd0b3,Cars.com,ZFF95NLA3N0279513,,,Classic.com asterisk asking; 2k mi displayed; mileage blank (rounded Nk mi); fixed-price; seller:Tactical Fleet Dallas
2026-09-15,SF90,coupe,2022,459987,2866,USD,"Phoenix, USA",dealer,2022 Ferrari SF90 Stradale,https://preowned.ferrari.com/en-US/vehicle/IljixbcgVnJGsKsQfDGsrrZFpY0h2SSuJ4rpdrRS4r3ZnR10yvBxuegLSpSN8HJ8uIYTFSPL%2FhUsxkH%2Bv%2FD1DBm37ulnKXwfbDCGFLtGGQ%3D%3D,Ferrari Approved (preowned.ferrari.com),ZFF95NLAXN0285566,Violetto Dino,,stock FP5381
2026-09-15,SF90,coupe,2022,464900,2698,USD,"Fort Lauderdale, USA",dealer,2022 Ferrari SF90 Stradale,https://preowned.ferrari.com/en-US/vehicle/IljixbcgVnJGsKsQfDGsrrs3Ak%2B7X%2B20B3DGsJKFrD2NNvdGTyT5JmXBmjHG2yhfuIYTFSPL%2FhVMxkH%2BsPL1CBa37ulnKHodbjKHFrpKFQ%3D%3D,Ferrari Approved (preowned.ferrari.com),ZFF95NLA8N0277529,Grigio Titanio Metall,Red,stock FC2702B; Stock # FC2702B; trim: Stradale AWD
2026-09-15,SF90,coupe,2022,469051,895,USD,"Greensboro, USA",dealer,2022 Ferrari SF90 Stradale,https://preowned.ferrari.com/en-US/vehicle/IljixbcgVnJGsKsQfDGsrtmLyE%2FQKJ4kzwq3nY1BLPVIfteXxbGEqNvb%2Bdqv33cZuIYTFSPL%2FhVHxkH%2BsPL1CB637ulnJH8abjWHHL9KFQ%3D%3D,Ferrari Approved (preowned.ferrari.com),ZFF95NLA3N0277521,Rosso Corsa,Black,stock HCF6015; Classic.com asterisk asking; fixed-price; seller:Ferrari of Greensboro; Classic.com asterisk asking; fixed-price; seller:Ferrari of Greensboro; Classic.com asterisk asking; fixed-price; seller:Ferrari of Greensboro; Classic.com asterisk asking; fixed-price; seller:Ferrari of Greensboro; Classic.com asterisk asking; fixed-price; seller:Ferrari of Greensboro; Classic.com asterisk asking; fixed-price; seller:Ferrari of Greensboro; Stock # HCF6015; trim: Stradale AWD
2026-09-15,SF90,coupe,2022,470084,1729,USD,"Costa Mesa, CA",dealer,Used 2022 Ferrari SF90 Stradale Stradale,https://www.cars.com/vehicledetail/7ca21dea-6644-49f7-8801-4058ec1e4a94/?sid=9ac3e6b3-5b06-4789-a086-d9854afdd0b3,Cars.com,ZFF95NLA4N0280198,Bianco Cervino,Nero,Stock # N0280198A; trim: Stradale AWD
2026-09-15,SF90,coupe,2022,470478,879,USD,"Schaumburg, IL",dealer,2022 Ferrari SF90,https://www.cargurus.com/details/387228189,CarGurus,ZFF95NLA9N0274882,Rosso Scuderia,Rosso Ferrari,Stock # 74882; trim: Stradale AWD
2026-09-15,SF90,coupe,2022,473488,946,USD,"Newtown Square Bryn Mawr, USA",dealer,2022 Ferrari SF90 Stradale,https://preowned.ferrari.com/en-US/vehicle/IljixbcgVnJGsKsQfDGsrjjlLfW4vpMWXF5DcNwe8Pv%2BFTf0K%2BsNgpMFWD08PJaRuIYTFSPL%2FhVDxkH%2BsPz2DB637ulnLHofaT%2BEFb5NFw%3D%3D,Ferrari Approved (preowned.ferrari.com),ZFF95NLA7N0279661,Rosso Corsa,Nero,stock N0279661; Stock # N0279661; trim: Stradale AWD
2026-09-15,SF90,coupe,2022,485085,3601,USD,"Anaheim, CA",dealer,Used 2022 Ferrari SF90 Stradale Base,https://www.cars.com/vehicledetail/e9a534e1-97b6-49f4-b46a-ef9bde9ad4da/?sid=9ac3e6b3-5b06-4789-a086-d9854afdd0b3,Cars.com,ZFF95NLA7N0276274,Rosso Corsa,,Stock # 16705PC; trim: Stradale AWD
2026-09-15,SF90,coupe,2022,489988,,USD,"Pompano Beach, Florida, USA",dealer,2022 Ferrari SF90 Stradale Coupe,https://www.classic.com/veh/2022-ferrari-sf90-stradale-coupe-zff95nlaxn0274146-4yjR6dn/,Classic.com,ZFF95NLAXN0274146,,,Classic.com asterisk asking; 5k mi displayed; mileage blank (rounded Nk mi); fixed-price; seller:Sienna Motors
2026-09-15,SF90,coupe,2022,497628,1650,USD,"Duluth, GA",dealer,2022 Ferrari SF90,https://www.cargurus.com/details/441462358,CarGurus,ZFF95NLA7N0270796,Red,Black,Stock # S26000283; trim: Stradale AWD
2026-09-15,SF90,coupe,2022,499990,2846,USD,"Highlands Ranch, USA",dealer,2022 Ferrari SF90 Stradale,https://preowned.ferrari.com/en-US/vehicle/IljixbcgVnJGsKsQfDGsrlR1Jjm7fKsf9UNljxIa3%2BDaUv5TRXmkRLaaztMGPx7HuIYTFSPL%2FhVGxkH%2BsPz0Axa37ulnKnsfbjOGHLhKEg%3D%3D,Ferrari Approved (preowned.ferrari.com),ZFF95NLA2N0279499,Rosso Corsa,Nero,stock N0279499P; Classic.com asterisk asking; 2k mi displayed; mileage blank (rounded Nk mi); fixed-price; seller:Ferrari of Denver; Classic.com asterisk asking; 2k mi displayed; mileage blank (rounded Nk mi); fixed-price; seller:Ferrari of Denver; Classic.com asterisk asking; 2k mi displayed; mileage blank (rounded Nk mi); fixed-price; seller:Ferrari of Denver; Classic.com asterisk asking; 2k mi displayed; mileage blank (rounded Nk mi); fixed-price; seller:Ferrari of Denver; Classic.com asterisk asking; 2k mi displayed; mileage blank (rounded Nk mi); fixed-price; seller:Ferrari of Denver; Classic.com asterisk asking; 2k mi displayed; mileage blank (rounded Nk mi); fixed-price; seller:Ferrari of Denver; Stock # N0279499P; trim: Stradale AWD
2026-09-15,SF90,coupe,2022,529900,706,USD,"Anne Arundel County, Maryland, USA",dealer,2022 Ferrari SF90 Stradale Tailor Made,https://www.classic.com/veh/2022-ferrari-sf90-stradale-tailor-made-zff95nla6n0-nl1ezQW/,Classic.com,,,,Classic.com asterisk asking; fixed-price; seller:Marshall Goldman Maryland
2026-09-15,SF90,coupe,2022,549950,507,USD,"Los Angeles, California, USA",dealer,2022 Ferrari SF90 Stradale,https://www.classic.com/veh/2022-ferrari-sf90-stradale-zff95nla1n0276710-n1yEwwn/,Classic.com,ZFF95NLA1N0276710,,,Classic.com asterisk asking; fixed-price; seller:Fusion Luxury Motors
2026-09-15,SF90,coupe,2022,569900,,USD,"Atlanta, Georgia, USA",dealer,2022 Ferrari SF90 Assetto Fiorano,https://www.classic.com/veh/2022-ferrari-sf90-assetto-fiorano-zff95nla4n028506-WqOkrX4/,Classic.com,,,,Classic.com asterisk asking; 1k mi displayed; mileage blank (rounded Nk mi); fixed-price; seller:Road Show International; Assetto Fiorano
2026-09-15,SF90,coupe,2022,599000,480,USD,"Jackson, Mississippi, USA",dealer,2022 Ferrari SF90 Stradale Assetto Fiorano,https://www.classic.com/veh/2022-ferrari-sf90-stradale-assetto-fiorano-zff95nl-nKwd7Dn/,Classic.com,,,,Classic.com asterisk asking; fixed-price; seller:Motorcars of Jackson; Assetto Fiorano
2026-09-15,SF90,coupe,2022,599977,6241,USD,"Las Vegas, USA",dealer,2022 Ferrari SF90 Stradale,https://preowned.ferrari.com/en-US/vehicle/IljixbcgVnJGsKsQfDGsrh547ZGaBAS86IhCDwwAJpNCjormltbPyf1b7Y041rGRuIYTFSPL%2FhVFxkH%2BsPT1Ahm37ulnLnUcaTeAHblPEw%3D%3D,Ferrari Approved (preowned.ferrari.com),ZFF95NLA1N0271586,Extra Sample,,stock C271586; Classic.com asterisk asking; 6k mi displayed; mileage blank (rounded Nk mi); fixed-price; seller:Towbin Motorcars; Classic.com asterisk asking; 6k mi displayed; mileage blank (rounded Nk mi); fixed-price; seller:Towbin Motorcars; Classic.com asterisk asking; 6k mi displayed; mileage blank (rounded Nk mi); fixed-price; seller:Towbin Motorcars; Classic.com asterisk asking; 6k mi displayed; mileage blank (rounded Nk mi); fixed-price; seller:Towbin Motorcars
2026-09-15,SF90,coupe,2022,699999,,USD,"Costa Mesa, California, USA",dealer,2022 Ferrari SF90 Stradale Tailor Made,https://www.classic.com/veh/2022-ferrari-sf90-stradale-tailor-made-zff95nla8n0-4ymzXa4/,Classic.com,,,,Classic.com asterisk asking; 1k mi displayed; mileage blank (rounded Nk mi); fixed-price; seller:Eurocar Inc.
2026-09-15,SF90,coupe,2023,392860,7998,USD,"Salt Lake City, USA",dealer,2023 Ferrari SF90 Stradale,https://preowned.ferrari.com/en-US/vehicle/IljixbcgVnJGsKsQfDGsrupEssB%2FjfWL75Zg4%2Fa3VnZfLrFgKiNxY%2BxtMK6oHjT5uIYTFSPL%2FhUs2EH%2Bv%2FzwCBy37ulnJHkZbj%2BGELZIEQ%3D%3D,Ferrari Approved (preowned.ferrari.com),ZFF95NLAXP0289023,Rosso Corsa,,stock P0289023W
2026-09-15,SF90,coupe,2023,443900,522,USD,"Mesa, Arizona, USA",dealer,2023 Ferrari SF90 Stradale,https://www.classic.com/veh/2023-ferrari-sf90-stradale-zff95nla5p0293271-n8yXkKW/,Classic.com,ZFF95NLA5P0293271,,,Classic.com asterisk asking; fixed-price; seller:Gul Luxury
2026-09-15,SF90,coupe,2023,465225,3434,USD,"Fort Lauderdale, Florida, USA",dealer,Used 2023 Ferrari SF90 Stradale Base,https://www.cars.com/vehicledetail/38d516a5-e787-46fd-89ae-183480915be5/?attribution_type=isa&sid=9ac3e6b3-5b06-4789-a086-d9854afdd0b3,Cars.com,ZFF95NLA3P0294340,,,Classic.com asterisk asking; 3k mi displayed; mileage blank (rounded Nk mi); fixed-price; seller:Coast To Coast; Stock # P0294340; trim: Stradale AWD
2026-09-15,SF90,coupe,2023,468318,2516,USD,"Salt Lake City, USA",dealer,2023 Ferrari SF90 Stradale,https://preowned.ferrari.com/en-US/vehicle/IljixbcgVnJGsKsQfDGsroFJ%2BZZ%2Fz5KKx5gs63nwJFqJZX4FGvVcUKQCQ6O1fE%2FIuIYTFSPL%2FhVA2EH%2Bv%2F33Cx637uloJXQebTaEFLxIEA%3D%3D,Ferrari Approved (preowned.ferrari.com),ZFF95NLA4P0288711,Grigio Silverstone,,stock P0288711W
2026-09-15,SF90,coupe,2023,479912,,USD,"West Chicago, Illinois, USA",dealer,2023 Ferrari SF90 Stradale,https://www.classic.com/veh/2023-ferrari-sf90-stradale-zff95nla0p0296739-n2Qq094/,Classic.com,ZFF95NLA0P0296739,,,Classic.com asterisk asking; 2k mi displayed; mileage blank (rounded Nk mi); fixed-price; seller:Chicago Motor Cars
2026-09-15,SF90,coupe,2023,479998,5345,USD,"Fort Lauderdale, Florida, USA",dealer,2023 Ferrari SF90 Stradale,https://www.classic.com/veh/2023-ferrari-sf90-stradale-zff95nla1p0286494-pPL37Np/,Classic.com,ZFF95NLA1P0286494,White,Black,Classic.com asterisk asking; 5k mi displayed; mileage blank (rounded Nk mi); fixed-price; seller:1 Of 1 Motor Sports; Stock # 286494; trim: Stradale AWD
2026-09-15,SF90,coupe,2023,482000,2250,USD,"Sarasota, FL",dealer,Used 2023 Ferrari SF90 Stradale Base,https://www.cars.com/vehicledetail/723442eb-c9b9-4729-9edc-1834453d3e40/?sid=9ac3e6b3-5b06-4789-a086-d9854afdd0b3,Cars.com,ZFF95NLA0P0294022,White,Gray,Stock # A390906B; trim: Stradale AWD
2026-09-15,SF90,coupe,2023,484000,,USD,"Wylie, Texas, USA",dealer,2023 Ferrari SF90 Stradale,https://www.classic.com/veh/2023-ferrari-sf90-stradale-zff95nlaxp0290916-nQMNlNn/,Classic.com,ZFF95NLAXP0290916,,,Classic.com asterisk asking; 1k mi displayed; mileage blank (rounded Nk mi); fixed-price; seller:MC European
2026-09-15,SF90,coupe,2023,489000,5359,USD,"Thousand Oaks, USA",dealer,2023 Ferrari SF90 Stradale,https://preowned.ferrari.com/en-US/vehicle/IljixbcgVnJGsKsQfDGsruIIro5iE1qoJEWxjYvIWrb9P7aOB5iuaX8A9RJn5QnEuIYTFSPL%2FhVH2EH%2BvvLwDB637ulnKXQXbzeBFr1GFg%3D%3D,Ferrari Approved (preowned.ferrari.com),ZFF95NLA3P0297061,Nero,Nero,stock 297061; Classic.com asterisk asking; 5k mi displayed; mileage blank (rounded Nk mi); fixed-price; seller:Ferrari Westlake; Classic.com asterisk asking; 5k mi displayed; mileage blank (rounded Nk mi); fixed-price; seller:Ferrari Westlake; Classic.com asterisk asking; 5k mi displayed; mileage blank (rounded Nk mi); fixed-price; seller:Ferrari Westlake; Classic.com asterisk asking; 5k mi displayed; mileage blank (rounded Nk mi); fixed-price; seller:Ferrari Westlake; Stock # 297061; trim: Stradale AWD
2026-09-15,SF90,coupe,2023,489995,,USD,"San Clemente, California, USA",dealer,2023 Ferrari SF90 Stradale Assetto Fiorano,https://www.classic.com/veh/2023-ferrari-sf90-stradale-assetto-fiorano-zff95nl-WLANzxp/,Classic.com,,,,Classic.com asterisk asking; 4k mi displayed; mileage blank (rounded Nk mi); fixed-price; seller:European Exotic Center - San Clemente; Assetto Fiorano
2026-09-15,SF90,coupe,2023,489995,4195,USD,"San Clemente, CA",dealer,2023 Ferrari SF90,https://www.cargurus.com/details/455189126,CarGurus,ZFF95NLA4P0294329,Red,,Stock # S94329; trim: Stradale AWD
2026-09-15,SF90,coupe,2023,496049,1375,USD,"Chantilly, VA",dealer,2023 Ferrari SF90,https://www.cargurus.com/details/453019188,CarGurus,ZFF95NLA7P0296933,Rosso Dino,Nero,Stock # P296933; trim: Stradale AWD
2026-09-15,SF90,coupe,2023,496125,567,USD,"Plano, USA",dealer,2023 Ferrari SF90 Stradale,https://preowned.ferrari.com/en-US/vehicle/IljixbcgVnJGsKsQfDGsrmBf51aNou%2FbbQQeh3VlzTIdScoMyt5IjQKOlThVfWbNuIYTFSPL%2FhVM2EH%2BvvD1Dhi37ulnK34daTKCEL5JGA%3D%3D,Ferrari Approved (preowned.ferrari.com),ZFF95NLA8P0295547,Rosso Mugello,,stock Z0295547
2026-09-15,SF90,coupe,2023,499800,598,USD,"Coral Gables, Florida, USA",dealer,2023 Ferrari SF90 Stradale,https://www.classic.com/veh/2023-ferrari-sf90-stradale-zff95nla5p0291603-n201qop/,Classic.com,ZFF95NLA5P0291603,Black,Red,Classic.com asterisk asking; fixed-price; seller:Formula Sports Cars Miami; Stock # 291603; trim: Stradale AWD
2026-09-15,SF90,coupe,2023,510699,372,USD,"Greenwich, USA",dealer,2023 Ferrari SF90 Stradale,https://preowned.ferrari.com/en-US/vehicle/IljixbcgVnJGsKsQfDGsrv4P%2BKMT9Z4fcDoiy5L2qmrBk0dYqmalSDhkqbm2keOTuIYTFSPL%2FhVM2EH%2Bvv33Cx%2B37ulnK34abjOEHLZKGA%3D%3D,Ferrari Approved (preowned.ferrari.com),ZFF95NLA8P0298710,Rosso Corsa,,stock 52323C
2026-09-15,SF90,coupe,2023,519988,1715,USD,"Sterling, USA",dealer,2023 Ferrari SF90 Stradale,https://preowned.ferrari.com/en-US/vehicle/IljixbcgVnJGsKsQfDGsrlMx2P4qZj%2B2HacSnEnMQJPT8ElzdETYDP83Ut8xgDHPuIYTFSPL%2FhVH2EH%2BvvzxAh237uloJXUfbzeDHblGFQ%3D%3D,Ferrari Approved (preowned.ferrari.com),ZFF95NLA3P0299182,Extra Sample,,stock FF1286A
2026-09-15,SF90,coupe,2023,569000,535,USD,"Holland, Michigan, USA",dealer,2023 Ferrari SF90 Stradale,https://www.classic.com/veh/2023-ferrari-sf90-stradale-zff95nla5p0292265-4Aj7Jvn/,Classic.com,ZFF95NLA5P0292265,,,Classic.com asterisk asking; fixed-price; seller:European Autohaus
2026-09-15,SF90,coupe,2024,559999,,USD,"Costa Mesa, California, USA",dealer,2024 Ferrari SF90 Stradale,https://www.classic.com/veh/2024-ferrari-sf90-stradale-zff95nla6r0301008-nmqNGOn/,Classic.com,ZFF95NLA6R0301008,,,Classic.com asterisk asking; 1k mi displayed; mileage blank (rounded Nk mi); fixed-price; seller:Eurocar Inc.
2026-09-15,SF90,spider,2022,559899,,USD,"Scottsdale, Arizona, USA",dealer,2022 Ferrari SF90 Spider,https://www.classic.com/veh/2022-ferrari-sf90-spider-zff96nma6n0273149-nQdRGo4/,Classic.com,ZFF96NMA6N0273149,,,Classic.com asterisk asking; 3k mi displayed; mileage blank (rounded Nk mi); fixed-price; seller:Luxury Auto Collection
2026-09-15,SF90,spider,2022,580125,6169,USD,"Plano, USA",dealer,2022 Ferrari SF90 Spider,https://preowned.ferrari.com/en-US/vehicle/IljixbcgVnJGsKsQfDGsrudIg30AIgpmTBhdsw4azANxP0qJedlS6EG4SUxAHB7NuIYTFSDL%2FxVMxkH%2BsPD2CR237ulnJHkXazeCEbdPFA%3D%3D,Ferrari Approved (preowned.ferrari.com),ZFF96NMA8N0275632,Extra Sample,,stock N0275632
2026-09-15,SF90,spider,2022,595125,4181,USD,"Plano, USA",dealer,2022 Ferrari SF90 Spider,https://preowned.ferrari.com/en-US/vehicle/IljixbcgVnJGsKsQfDGsrp%2FttD0qIe9y9izTuZJ9OWBnM02HwWE2BO1cWDKnKeHMuIYTFSDL%2FxVGxkH%2Bv%2FbyDxm37ulnJHgWbjWAFLtNEg%3D%3D,Ferrari Approved (preowned.ferrari.com),ZFF96NMA2N0283256,Blu Tour De France,,stock Z0283256
2026-09-15,SF90,spider,2022,599000,996,USD,"Fort Lauderdale, USA",dealer,2022 Ferrari SF90 Spider,https://preowned.ferrari.com/en-US/vehicle/IljixbcgVnJGsKsQfDGsrqbD0w6nofw%2F3wTuTdSfqnKD4tgYiOrUEmNsunoK%2FCqouIYTFSDL%2FxVMxkH%2BsPf5Dxm37ulnKn0YbDKBE7pKGQ%3D%3D,Ferrari Approved (preowned.ferrari.com),ZFF96NMA8N0272956,Nero Daytona,,stock FC2812
2026-09-15,SF90,spider,2022,599000,996,USD,"Fort Lauderdale, Florida, USA",dealer,2022 Ferrari SF90 Spider Assetto Fiorano,https://www.classic.com/veh/2022-ferrari-sf90-spider-assetto-fiorano-zff96nma8-pgJd7PW/,Classic.com,,,,Classic.com asterisk asking; fixed-price; seller:Ferrari of Fort Lauderdale; Assetto Fiorano
2026-09-15,SF90,spider,2022,629900,826,USD,"Lake Bluff, USA",dealer,2022 Ferrari SF90 Spider,https://preowned.ferrari.com/en-US/vehicle/IljixbcgVnJGsKsQfDGsrtEUietd%2B26%2Fizpsfu0p3bi%2FcxgKOX74FWPB00gkGqowuIYTFSDL%2FxVMxkH%2Bv%2FD2DRu37ulnK30ebz6DFbdJFA%3D%3D,Ferrari Approved (preowned.ferrari.com),ZFF96NMA8N0285674,Rosso Mugello,,stock 285674
2026-09-15,SF90,spider,2022,631148,,USD,"Fort Lauderdale, Florida, USA",dealer,2022 Ferrari SF90 Spider Assetto Fiorano,https://www.classic.com/veh/2022-ferrari-sf90-spider-assetto-fiorano-zff96nma1-47jgPAp/,Classic.com,,,,Classic.com asterisk asking; 3k mi displayed; mileage blank (rounded Nk mi); fixed-price; seller:Holman Motorcars; Assetto Fiorano
2026-09-15,SF90,spider,2022,659811,2478,USD,"Mill Valley, USA",dealer,2022 Ferrari SF90 Spider,https://preowned.ferrari.com/en-US/vehicle/IljixbcgVnJGsKsQfDGsrmVuR0QrEVCObvsLtl%2Bn30zdbC9j3IVcXE1a2QTf8Ie8uIYTFSDL%2FxVHxkH%2BsPHzDh637ulnJX0cYTKDE7tNFQ%3D%3D,Ferrari Approved (preowned.ferrari.com),ZFF96NMA3N0274341,Extra Sample,,stock SC6403
2026-09-15,SF90,spider,2022,659811,,USD,"Mill Valley, California, USA",dealer,2022 Ferrari SF90 Spider Tailor Made,https://www.classic.com/veh/2022-ferrari-sf90-spider-tailor-made-zff96nma3n027-pzOGR34/,Classic.com,,,,Classic.com asterisk asking; 2k mi displayed; mileage blank (rounded Nk mi); fixed-price; seller:Ferrari of San Francisco
2026-09-15,SF90,spider,2022,659977,1050,USD,"Las Vegas, USA",dealer,2022 Ferrari SF90 Spider,https://preowned.ferrari.com/en-US/vehicle/IljixbcgVnJGsKsQfDGsrgs%2FCfG%2BV0tdnf2SN8Z3rRgaG%2F2lNE1G1ZcwRttKwXC7uIYTFSDL%2FxVNxkH%2Bv%2FH3CR%2B37ulnL3waajOCErxJFQ%3D%3D,Ferrari Approved (preowned.ferrari.com),ZFF96NMA9N0284730,Nero,,stock C284730; Classic.com asterisk asking; 1k mi displayed; mileage blank (rounded Nk mi); fixed-price; seller:Towbin Motorcars; Classic.com asterisk asking; 1k mi displayed; mileage blank (rounded Nk mi); fixed-price; seller:Towbin Motorcars; Classic.com asterisk asking; 1k mi displayed; mileage blank (rounded Nk mi); fixed-price; seller:Towbin Motorcars
2026-09-15,SF90,spider,2022,699000,311,USD,"Thousand Oaks, USA",dealer,2022 Ferrari SF90 Spider,https://preowned.ferrari.com/en-US/vehicle/IljixbcgVnJGsKsQfDGsrr%2FMHcJ5Qgb2VQlcR4hTOyetdaV7H%2F841SHDa6TRON7ouIYTFSDL%2FxVAxkH%2Bv%2FPyChi37uloKHwfaTOHHb1HFA%3D%3D,Ferrari Approved (preowned.ferrari.com),ZFF96NMA4N0286207,Giallo Montecarlo,,stock 286207; Classic.com asterisk asking; fixed-price; seller:Ferrari Westlake; Classic.com asterisk asking; fixed-price; seller:Ferrari Westlake; Classic.com asterisk asking; fixed-price; seller:Ferrari Westlake
2026-09-15,SF90,spider,2022,719999,867,USD,"Hinsdale, USA",dealer,2022 Ferrari SF90 Spider,https://preowned.ferrari.com/en-US/vehicle/IljixbcgVnJGsKsQfDGsrtG4Zi%2BgYwTTqxCFD67aORkeFICmE5yO1to8MFr0BFpMuIYTFSDL%2FxVCxkH%2Bv%2FP3Cx237ulnKnwXbDKCF7lGEQ%3D%3D,Ferrari Approved (preowned.ferrari.com),ZFF96NMA6N0286712,Extra Sample,,stock C286712; Classic.com asterisk asking; fixed-price; seller:Continental AutoSports; Classic.com asterisk asking; fixed-price; seller:Continental AutoSports; Classic.com asterisk asking; fixed-price; seller:Continental AutoSports
2026-09-15,SF90,spider,2022,739900,1518,USD,"Detroit, USA",dealer,2022 Ferrari SF90 Spider,https://preowned.ferrari.com/en-US/vehicle/IljixbcgVnJGsKsQfDGsrnY1BQKKRtGnCGTspK%2BF8WxUdSjzMX7%2BtuSVqb0DuXhluIYTFSDL%2FxVAxkH%2Bv%2FDwAhi37ulnL3UcbTOGEr1GEw%3D%3D,Ferrari Approved (preowned.ferrari.com),ZFF96NMA4N0285087,Extra Sample,,stock 285087
2026-09-15,SF90,spider,2022,1200000,514,USD,"Lake Bluff, USA",dealer,2022 Ferrari SF90 Spider,https://preowned.ferrari.com/en-US/vehicle/IljixbcgVnJGsKsQfDGsrm6%2BF9UGQMfCAiwxldYCEIqhJ02BAlVRYJMShtYt2iqpuIYTFSDL%2FxVExkH%2Bv%2FT3DBu37ulnKHUfYDOEHbpGGQ%3D%3D,Ferrari Approved (preowned.ferrari.com),ZFF96NMA0N0281764,Extra Sample,,stock 281764A
2026-09-15,SF90,spider,2023,550084,,USD,"West Covina, California, USA",dealer,2023 Ferrari SF90 Spider,https://www.classic.com/veh/2023-ferrari-sf90-spider-zff96nma9p0297920-n1GD3gp/,Classic.com,ZFF96NMA9P0297920,,,Classic.com asterisk asking; 6k mi displayed; mileage blank (rounded Nk mi); fixed-price; seller:Cartogo Llc
2026-09-15,SF90,spider,2023,571189,,USD,"Naples, Florida, USA",dealer,2023 Ferrari SF90 Spider,https://www.classic.com/veh/2023-ferrari-sf90-spider-zff96nma5p0298420-4ZwmR0n/,Classic.com,ZFF96NMA5P0298420,,,Classic.com asterisk asking; 3k mi displayed; mileage blank (rounded Nk mi); fixed-price; seller:Naples Luxury Imports
2026-09-15,SF90,spider,2023,579990,436,USD,"Newport Beach, USA",dealer,2023 Ferrari SF90 Spider,https://preowned.ferrari.com/en-US/vehicle/IljixbcgVnJGsKsQfDGsrjho7Ks4Op8awssMdsR54BVeyIx1MD9WgP%2F%2BeipZKiLWuIYTFSDL%2FxVG2EH%2BvvHzAhi37ulnKngZaDCAErZNFA%3D%3D,Ferrari Approved (preowned.ferrari.com),ZFF96NMA2P0294387,Grigio Titanio Metall,,stock NB5851T; Classic.com asterisk asking; fixed-price; seller:Ferrari of Newport Beach; Classic.com asterisk asking; fixed-price; seller:Ferrari of Newport Beach; Classic.com asterisk asking; fixed-price; seller:Ferrari of Newport Beach
2026-09-15,SF90,spider,2023,585125,1568,USD,"Plano, USA",dealer,2023 Ferrari SF90 Spider,https://preowned.ferrari.com/en-US/vehicle/IljixbcgVnJGsKsQfDGsrtb8nmHI1Tv7%2BqVh9sk3gaHZKDBFBi6BuRDtF8YAkWrIuIYTFSDL%2FxVN2EH%2Bv%2Fz1Ahe37ulnJHkXazeCErhPEw%3D%3D,Ferrari Approved (preowned.ferrari.com),ZFF96NMA9P0289588,Giallo Montecarlo,,stock P0289588; Classic.com asterisk asking; 1k mi displayed; mileage blank (rounded Nk mi); fixed-price; seller:Maserati of Plano; Classic.com asterisk asking; 1k mi displayed; mileage blank (rounded Nk mi); fixed-price; seller:Maserati of Plano; Classic.com asterisk asking; 1k mi displayed; mileage blank (rounded Nk mi); fixed-price; seller:Maserati of Plano
2026-09-15,SF90,spider,2023,589980,,USD,"Costa Mesa, California, USA",dealer,2023 Ferrari SF90 Spider,https://www.classic.com/veh/2023-ferrari-sf90-spider-zff96nmaxp0295819-pe2vLl4/,Classic.com,ZFF96NMAXP0295819,,,Classic.com asterisk asking; 2k mi displayed; mileage blank (rounded Nk mi); fixed-price; seller:Carbeeco Inc
2026-09-15,SF90,spider,2023,599900,829,USD,"Fort Lauderdale, USA",dealer,2023 Ferrari SF90 Spider,https://preowned.ferrari.com/en-US/vehicle/IljixbcgVnJGsKsQfDGsroU0DJyvPVge%2F56ymR2cQXRp6ICTDWfE%2FilnINVwEHZUuIYTFSDL%2FxVC2EH%2BvvLwDx637ulnJHQdbzCHHblHEg%3D%3D,Ferrari Approved (preowned.ferrari.com),ZFF96NMA6P0297051,Rosso Corsa,,stock FC2828
2026-09-15,SF90,spider,2023,629990,1488,USD,"Houston, USA",dealer,2023 Ferrari SF90 Spider,https://preowned.ferrari.com/en-US/vehicle/IljixbcgVnJGsKsQfDGsrpLMf6oY9JpzYfiRNHM%2B1DrJEeZyaAIAcrLEGGbn93kHuIYTFSDL%2FxVM2EH%2BvvL1DR%2B37ulnLHkYazeHFLxHGA%3D%3D,Ferrari Approved (preowned.ferrari.com),ZFF96NMA8P0297570,Rosso Corsa,,stock ZP0297570
2026-09-15,SF90,spider,2023,679900,931,USD,"Phoenix, USA",dealer,2023 Ferrari SF90 Spider,https://preowned.ferrari.com/en-US/vehicle/IljixbcgVnJGsKsQfDGsrr141HnYdRrwrBnmyezqRwD7VDGb3jkFnvhLsz%2BY%2BcxmuIYTFSDL%2FxVF2EH%2BvvP3Axy37ulnK3kaaT%2BGFrpPGA%3D%3D,Ferrari Approved (preowned.ferrari.com),ZFF96NMA1P0296793,Rosso Ferrari F1-75 Opaco,,stock CONSMRSFS
2026-09-15,SF90,spider,2023,699000,3223,USD,"Newport Beach, USA",dealer,2023 Ferrari SF90 Spider,https://preowned.ferrari.com/en-US/vehicle/IljixbcgVnJGsKsQfDGsrhrKRzs3Ie5RfizAhLaQjVk64PH3IrZTrgacGCMfn2XuuIYTFSDL%2FxVN2EH%2Bv%2FP1CBe37uluK3UbazGCHblLGA%3D%3D,Ferrari Approved (preowned.ferrari.com),ZFF96NMA9P0286528,Rosso Corsa,,stock OF12651C
2026-09-15,SF90,spider,2023,759700,755,USD,"Plainview, USA",dealer,2023 Ferrari SF90 Spider,https://preowned.ferrari.com/en-US/vehicle/IljixbcgVnJGsKsQfDGsrvbkx84DisvkvuKE27gS%2BJgSfrSz26UsJKZaZkNuW0TfuIYTFSDL%2FxUs2EH%2Bv%2FL2Cx%2B37ulnKnUcYTGNEbZHFQ%3D%3D,Ferrari Approved (preowned.ferrari.com),ZFF96NMAXP0287610,Rosso California,,stock P0287610
2026-09-15,SF90,spider,2024,549990,,USD,"Concord, California, USA",dealer,2024 Ferrari SF90 Spider,https://www.classic.com/veh/2024-ferrari-sf90-spider-zff96nma2r0305441-nKxrkvW/,Classic.com,ZFF96NMA2R0305441,,,Classic.com asterisk asking; 2k mi displayed; mileage blank (rounded Nk mi); fixed-price; seller:Elite Motor Cars
2026-09-15,SF90,spider,2024,569967,1631,USD,"Rancho Mirage, USA",dealer,2024 Ferrari SF90 Spider,https://preowned.ferrari.com/en-US/vehicle/IljixbcgVnJGsKsQfDGsrhSSj2V3q6GTZvGjuUqbOW0O%2FnjVEvNKoHtz8W6wVlDJuIYTFSDL%2FxUs2kH%2Ft%2FPyAhm37uloJHgdaDGFEL9GEg%3D%3D,Ferrari Approved (preowned.ferrari.com),ZFF96NMAXR0306286,Bianco Cervino,,stock TR0306286
2026-09-15,SF90,spider,2024,569999,,USD,"New York, New York, USA",dealer,2024 Ferrari SF90 Spider,https://www.classic.com/veh/2024-ferrari-sf90-spider-zff96nma9r0306229-WLOv5ln/,Classic.com,ZFF96NMA9R0306229,,,Classic.com asterisk asking; 2k mi displayed; mileage blank (rounded Nk mi); fixed-price; seller:Status Auto Group
2026-09-15,SF90,spider,2024,574900,905,USD,"Fort Lauderdale, Florida, USA",dealer,2024 Ferrari SF90 Spider,https://www.classic.com/veh/2024-ferrari-sf90-spider-zff96nma3r0306551-WkXObzp/,Classic.com,ZFF96NMA3R0306551,,,Classic.com asterisk asking; fixed-price; seller:Las Olas Autohaus
2026-09-15,SF90,spider,2024,579995,,USD,"Trenton, New Jersey, USA",dealer,2024 Ferrari SF90 Spider,https://www.classic.com/veh/2024-ferrari-sf90-spider-zff96nma0r0311612-WY2Zk7p/,Classic.com,ZFF96NMA0R0311612,,,Classic.com asterisk asking; 5k mi displayed; mileage blank (rounded Nk mi); fixed-price; seller:J&S AutoHaus Group
2026-09-15,SF90,spider,2024,580000,,USD,"Scottsdale, Arizona, USA",dealer,2024 Ferrari SF90 Spider,https://www.classic.com/veh/2024-ferrari-sf90-spider-zff96nma4r0305943-nXE3R1W/,Classic.com,ZFF96NMA4R0305943,,,Classic.com asterisk asking; 1k mi displayed; mileage blank (rounded Nk mi); fixed-price; seller:Hubbard Auto Center
2026-09-15,SF90,spider,2024,580699,122,USD,"Greenwich, USA",dealer,2024 Ferrari SF90 Spider,https://preowned.ferrari.com/en-US/vehicle/IljixbcgVnJGsKsQfDGsrrNJJLs1gS5EeZV0K8V1pVKq7TZPLJhyhok7CtYQcJt0uIYTFSDL%2FxVG2kH%2Ft%2FzwDBi37ulnL3oWbDaAE7tPEQ%3D%3D,Ferrari Approved (preowned.ferrari.com),ZFF96NMA2R0309067,Rosso Maranello,,stock 52310
2026-09-15,SF90,spider,2024,589985,1745,USD,"Palm Harbor, USA",dealer,2024 Ferrari SF90 Spider,https://preowned.ferrari.com/en-US/vehicle/IljixbcgVnJGsKsQfDGsrvh88hWnHcRbLnkZcnaX8eDMXnekoiRCCLswyLbTVad8uIYTFSDL%2FxVM2kH%2Ft%2FbwAh%2B37ulnJX4XYDeEFb1JEQ%3D%3D,Ferrari Approved (preowned.ferrari.com),ZFF96NMA8R0303080,Verde British,,stock T303080; Classic.com asterisk asking; 1k mi displayed; mileage blank (rounded Nk mi); fixed-price; seller:Ferrari of Tampa Bay; Classic.com asterisk asking; 1k mi displayed; mileage blank (rounded Nk mi); fixed-price; seller:Ferrari of Tampa Bay; Classic.com asterisk asking; 1k mi displayed; mileage blank (rounded Nk mi); fixed-price; seller:Ferrari of Tampa Bay
2026-09-15,SF90,spider,2024,595000,3477,USD,"Nashville Davidson County, USA",dealer,2024 Ferrari SF90 Spider,https://preowned.ferrari.com/en-US/vehicle/IljixbcgVnJGsKsQfDGsrq1IGoNIAM8Nx%2BR%2BNWYfGYk3PMUg5VJri1C%2B%2FjBXI0fVuIYTFSDL%2FxVC2kH%2Ft%2FbyDBa37ulnJX8dbjWEHbtOEA%3D%3D,Ferrari Approved (preowned.ferrari.com),ZFF96NMA6R0303269,Azzurro Dino,,stock C303269
2026-09-15,SF90,spider,2024,597900,142,USD,"Bellevue, USA",dealer,2024 Ferrari SF90 Spider,https://preowned.ferrari.com/en-US/vehicle/IljixbcgVnJGsKsQfDGsrroj0jGAj%2FO6PlVJk4oxvLJyeJUSwQqa%2Be9xxQJr7ndSuIYTFSDL%2FxVG2kH%2Ft%2F3zCRe37uloJHgdazOAFb9MEQ%3D%3D,Ferrari Approved (preowned.ferrari.com),ZFF96NMA2R0308338,Rosso Maranello,,stock 20088; Classic.com asterisk asking; fixed-price; seller:Ferrari of Seattle; Classic.com asterisk asking; fixed-price; seller:Ferrari of Seattle; Classic.com asterisk asking; fixed-price; seller:Ferrari of Seattle
2026-09-15,SF90,spider,2024,599874,986,USD,"Charlotte, USA",dealer,2024 Ferrari SF90 Spider,https://preowned.ferrari.com/en-US/vehicle/IljixbcgVnJGsKsQfDGsrtqKYfEiHZv0F3slnnrvP6W37vI%2Fi9YI3a4JdnIhYn9%2FuIYTFSDL%2FxVE2kH%2Bvvz5CBa37ulnJH8abjSNFrxGFw%3D%3D,Ferrari Approved (preowned.ferrari.com),ZFF96NMA0R0299929,Rosso Corsa,,stock PF2011; Classic.com asterisk asking; fixed-price; seller:Ferrari of Charlotte; Classic.com asterisk asking; fixed-price; seller:Ferrari of Charlotte; Classic.com asterisk asking; fixed-price; seller:Ferrari of Charlotte; Classic.com asterisk asking; fixed-price; seller:Ferrari of Charlotte; Classic.com asterisk asking; fixed-price; seller:Ferrari of Charlotte
2026-09-15,SF90,spider,2024,599900,1519,USD,"Phoenix, USA",dealer,2024 Ferrari SF90 Spider,https://preowned.ferrari.com/en-US/vehicle/IljixbcgVnJGsKsQfDGsrk4LU4pVtJlz%2BoDRBF2H0Ik9FHXOpDfCwGYoNfBNQ3ZXuIYTFSDL%2FxVA2kH%2Ft%2FL1Dhm37ulnKHUfYTSAEr9OFw%3D%3D,Ferrari Approved (preowned.ferrari.com),ZFF96NMA4R0307546,Azzurro Dino,,stock FP5347
2026-09-15,SF90,spider,2024,599988,427,USD,"Sterling, USA",dealer,2024 Ferrari SF90 Spider,https://preowned.ferrari.com/en-US/vehicle/IljixbcgVnJGsKsQfDGsrv3enEeDflLb8pixWdkOGPk52g0E9Lcw%2F8X3WLWzVEfSuIYTFSDL%2FxVB2kH%2FtvT2Dxu37ulnKHodbjeBHLpGGA%3D%3D,Ferrari Approved (preowned.ferrari.com),ZFF96NMA5R0311654,Giallo Montecarlo,,stock FF1230A
2026-09-15,SF90,spider,2024,599990,2667,USD,"Newport Beach, USA",dealer,2024 Ferrari SF90 Spider,https://preowned.ferrari.com/en-US/vehicle/IljixbcgVnJGsKsQfDGsrgU52oUqRaZNcqimERSJtRj9%2Bqb48y6kZqkf5zF0%2BNxfuIYTFSDL%2FxUs2kH%2Ft%2FD5CR237uloJXofbDeBErlJEA%3D%3D,Ferrari Approved (preowned.ferrari.com),ZFF96NMAXR0305932,Grigio Ferro,,stock NB5618C; Classic.com asterisk asking; 2k mi displayed; mileage blank (rounded Nk mi); fixed-price; seller:Ferrari of Newport Beach; Classic.com asterisk asking; 2k mi displayed; mileage blank (rounded Nk mi); fixed-price; seller:Ferrari of Newport Beach; Classic.com asterisk asking; 2k mi displayed; mileage blank (rounded Nk mi); fixed-price; seller:Ferrari of Newport Beach
2026-09-15,SF90,spider,2024,614317,3555,USD,"Newtown Square Bryn Mawr, USA",dealer,2024 Ferrari SF90 Spider,https://preowned.ferrari.com/en-US/vehicle/IljixbcgVnJGsKsQfDGsrplLMacgZXxE29xL3NIQ8q56tlZxhvykh59ZvAoU92EnuIYTFSDL%2FxVH2kH%2Ft%2FT4Ahy37uloKnoabjSMHLxJGA%3D%3D,Ferrari Approved (preowned.ferrari.com),ZFF96NMA3R0301883,Nero Opaco,,stock R0301883
2026-09-15,SF90,spider,2024,614795,2446,USD,"West Palm Beach, USA",dealer,2024 Ferrari SF90 Spider,https://preowned.ferrari.com/en-US/vehicle/IljixbcgVnJGsKsQfDGsrv9QZRlX9EVOdXtS8wGA4su1w5usUB6yoPiObO3RVz0CuIYTFSDL%2FxUs2kH%2FtvX2Cxu37ulnJX0cbzKDErtMEA%3D%3D,Ferrari Approved (preowned.ferrari.com),ZFF96NMAXR0310614,Blu Tour De France,,stock PF1259B
2026-09-15,SF90,spider,2024,619895,337,USD,"Orlando, USA",dealer,2024 Ferrari SF90 Spider,https://preowned.ferrari.com/en-US/vehicle/IljixbcgVnJGsKsQfDGsrlC%2FNje6cpe%2FVkAx7rWsvfvJyRtdUHXRWojF7pnt3x0tuIYTFSDL%2FxVC2kH%2FtvTwCRy37ulnK3wWajWNEbxMEQ%3D%3D,Ferrari Approved (preowned.ferrari.com),ZFF96NMA6R0311033,Grigio Silverstone,,stock C311033
2026-09-15,SF90,spider,2024,629700,690,USD,"Plainview, USA",dealer,2024 Ferrari SF90 Spider,https://preowned.ferrari.com/en-US/vehicle/IljixbcgVnJGsKsQfDGsroEpAcaSBr0oQecY1j9q%2B8khJC3LzOxeQFi327FkvP0UuIYTFSDL%2FxVC2kH%2Ft%2FX2Dhm37ulnK3kdbT%2BDFLlKFA%3D%3D,Ferrari Approved (preowned.ferrari.com),ZFF96NMA6R0300646,Argento Nurburgring,,stock FE2471
2026-09-15,SF90,spider,2024,630699,1315,USD,"Greenwich, USA",dealer,2024 Ferrari SF90 Spider,https://preowned.ferrari.com/en-US/vehicle/IljixbcgVnJGsKsQfDGsroL0VUDzV8IT0JJjS0y8Dqc7k8dj4fRx2z9AXL99eOSiuIYTFSDL%2FxVC2kH%2FtvT0DBi37ulnJXwXbTeMErtHFg%3D%3D,Ferrari Approved (preowned.ferrari.com),ZFF96NMA6R0311467,Rosso Magma,,stock 52329
2026-09-15,SF90,spider,2024,639900,167,USD,"Miami, USA",dealer,2024 Ferrari SF90 Spider,https://preowned.ferrari.com/en-US/vehicle/IljixbcgVnJGsKsQfDGsru5xb%2BfCZxNolTlnPCRDu9uxcvfwHFlT2kxJP6VL1Z1guIYTFSDL%2FxVH2kH%2Ft%2Fz3Che37ulnKHseaDeFE7pNGA%3D%3D,Ferrari Approved (preowned.ferrari.com),ZFF96NMA3R0309708,Grigio Medio,,stock R0309708CS
2026-09-15,SF90,spider,2024,644999,429,USD,"Costa Mesa, California, USA",dealer,2024 Ferrari SF90 Spider,https://www.classic.com/veh/2024-ferrari-sf90-spider-zff96nma9r0305095-nKxdwDW/,Classic.com,ZFF96NMA9R0305095,,,Classic.com asterisk asking; fixed-price; seller:Eurocar Inc.
2026-09-15,SF90,spider,2024,659000,540,USD,"Fort Lauderdale, USA",dealer,2024 Ferrari SF90 Spider,https://preowned.ferrari.com/en-US/vehicle/IljixbcgVnJGsKsQfDGsrlU1nmyCsH6XvJY2RZgXkxR2sif4FFAKkixDKgYaG0lZuIYTFSDL%2FxVN2kH%2Ft%2Ff5CRa37ulnL3UXbDWHHbpPEQ%3D%3D,Ferrari Approved (preowned.ferrari.com),ZFF96NMA9R0302939,Extra Sample,,stock FC2756
2026-09-15,SF90,spider,2024,699000,672,USD,"Boca Raton, USA",dealer,2024 Ferrari SF90 Spider,https://preowned.ferrari.com/en-US/vehicle/IljixbcgVnJGsKsQfDGsriXMOjce539EU7uUZ6Y9vKOVSFwrC2xSrH0ptdriOj0kuIYTFSDL%2FxUs2kH%2FtvT0Ahm37ulnJX0cYTGCFLpMFA%3D%3D,Ferrari Approved (preowned.ferrari.com),ZFF96NMAXR0311486,Azzurro La Plata,,stock BP1110
2026-09-15,SF90,spider,2024,699995,3074,USD,"San Antonio BEXAR, USA",dealer,2024 Ferrari SF90 Spider,https://preowned.ferrari.com/en-US/vehicle/IljixbcgVnJGsKsQfDGsrsrtnJAa2IEFopssY%2B%2FfDE9BsrCtDXpSmbeTxokMQNFeuIYTFSDL%2FxVH2kH%2Ft%2FTwAx637uloJHgdaDONErlOFA%3D%3D,Ferrari Approved (preowned.ferrari.com),ZFF96NMA3R0301091,Bianco Italia,,stock R0301091P
2026-09-15,SF90,spider,2024,729900,765,USD,"Fort Lauderdale, USA",dealer,2024 Ferrari SF90 Spider,https://preowned.ferrari.com/en-US/vehicle/IljixbcgVnJGsKsQfDGsrp6S7Bl%2BBBOrfaLQCRBp7qYlY0xgBeQdKgEzK89DmOSeuIYTFSDL%2FxVB2kH%2FtvX2Dx637ulnJXkZaTCME7dNFw%3D%3D,Ferrari Approved (preowned.ferrari.com),ZFF96NMA5R0310651,Viola Hong Kong,,stock FC2835
2026-09-15,SF90,spider,2025,574900,,USD,"Boynton Beach, Florida, USA",dealer,2025 Ferrari SF90 Spider,https://www.classic.com/veh/2025-ferrari-sf90-spider-zff96nma7s0312455-4ayOGB4/,Classic.com,ZFF96NMA7S0312455,,,Classic.com asterisk asking; 3k mi displayed; mileage blank (rounded Nk mi); fixed-price; seller:iLusso Boynton Beach
2026-09-15,SF90,spider,2025,575900,499,USD,"Roswell, USA",dealer,2025 Ferrari SF90 Spider,https://preowned.ferrari.com/en-US/vehicle/IljixbcgVnJGsKsQfDGsrhAQ2Azjmm3GiMPm9m2nqD9yhFGxSt%2BAdokoTAeIeABKuIYTFSDL%2FxVE20H%2FtvDwChu37ulnJHQXbzWBFLpMFw%3D%3D,Ferrari Approved (preowned.ferrari.com),ZFF96NMA0S0315004,Grigio Silverstone,,stock 334468B
2026-09-15,SF90,spider,2025,586884,684,USD,"Rancho Mirage, USA",dealer,2025 Ferrari SF90 Spider,https://preowned.ferrari.com/en-US/vehicle/IljixbcgVnJGsKsQfDGsrlelg%2Fz9EZd%2Bl%2FEq9%2BVDNKLUgvUYOzV%2FOPMQO7fjhEtkuIYTFSDL%2FxUs20H%2FtvDwAx637uloJHUdajOAFr9PGA%3D%3D,Ferrari Approved (preowned.ferrari.com),ZFF96NMAXS0315091,Blu Elettrico 2020,,stock PS0315091
2026-09-15,SF90,spider,2025,588800,613,USD,"Addison, Texas, USA",dealer,2025 Ferrari SF90 Spider,https://www.classic.com/veh/2025-ferrari-sf90-spider-zff96nmaxs3015091-nQBvVeW/,Classic.com,ZFF96NMAXS3015091,,,Classic.com asterisk asking; fixed-price; seller:Exotic World Motor Cars
2026-09-15,SF90,spider,2025,609977,2368,USD,"Newtown Square Bryn Mawr, USA",dealer,2025 Ferrari SF90 Spider,https://preowned.ferrari.com/en-US/vehicle/IljixbcgVnJGsKsQfDGsrrliRLtTpQWf%2BPfwQBij6POunPVHpR9ZLDF2uI10ZpLBuIYTFSDL%2FxVE20H%2Ftvf1DBa37uloL3QcYTSDFr9MFQ%3D%3D,Ferrari Approved (preowned.ferrari.com),ZFF96NMA0S0312569,Rubino Micalizzato,,stock S0312569
2026-09-15,SF90,spider,2025,614900,1925,USD,"Coral Gables, USA",dealer,2025 Ferrari SF90 Spider,https://preowned.ferrari.com/en-US/vehicle/IljixbcgVnJGsKsQfDGsrlW37McYzRHW%2BPGjL4JDWWEqQ9WwYXFf1fbemQDDUtwyuIYTFSDL%2FxVF20H%2Ftvf1Ch237ulnLn8YbzSHE7dIFg%3D%3D,Ferrari Approved (preowned.ferrari.com),ZFF96NMA1S0312502,Rosso Corsa,,stock S0312502P
2026-09-15,SF90,spider,2025,624900,213,USD,"Coral Gables, USA",dealer,2025 Ferrari SF90 Spider,https://preowned.ferrari.com/en-US/vehicle/IljixbcgVnJGsKsQfDGsrlxAN7XjKQHmkyyMUjQrvilTU5MEmngpS%2FKPy2r6eFqBuIYTFSDL%2FxVH20H%2FtvbwCB237ulnKH8cbjGGEb1GFw%3D%3D,Ferrari Approved (preowned.ferrari.com),ZFF96NMA3S0313022,Blu Elettrico 2020,,stock T0332363A
2026-09-15,SF90,spider,2025,626900,726,USD,"Coral Gables, USA",dealer,2025 Ferrari SF90 Spider,https://preowned.ferrari.com/en-US/vehicle/IljixbcgVnJGsKsQfDGsrqW8hO0K9BfxovBWV2gWpEmAGd1lQKx%2Bm%2FqX1q7lTNcJuIYTFSDL%2FxUs20H%2FtvH5Dxe37uloJXQWYDeAFLxKFQ%3D%3D,Ferrari Approved (preowned.ferrari.com),ZFF96NMAXS0314958,Grigio Scuro,,stock R0304731A
2026-09-15,SF90,spider,2025,639000,52,USD,"Mill Valley, USA",dealer,2025 Ferrari SF90 Spider,https://preowned.ferrari.com/en-US/vehicle/IljixbcgVnJGsKsQfDGsrtkIab8LtbnI95dDT1O68ayidLXLX5%2FBIxmzv2Rvs4ZDuIYTFSDL%2FxVA20H%2FtvH2Ah637ulnJX0cYTKMFLhLFg%3D%3D,Ferrari Approved (preowned.ferrari.com),ZFF96NMA4S0314681,Nero Daytona,,stock SC6435; Classic.com asterisk asking; fixed-price; seller:Ferrari of San Francisco; Classic.com asterisk asking; fixed-price; seller:Ferrari of San Francisco; Classic.com asterisk asking; fixed-price; seller:Ferrari of San Francisco; Classic.com asterisk asking; fixed-price; seller:Ferrari of San Francisco; Classic.com asterisk asking; fixed-price; seller:Ferrari of San Francisco
2026-09-15,SF90,spider,2025,639900,735,USD,"Coral Gables, USA",dealer,2025 Ferrari SF90 Spider,https://preowned.ferrari.com/en-US/vehicle/IljixbcgVnJGsKsQfDGsrmlX4hpPs3uxt%2BgxhFAHN8XHKvEcrTXJc7wZwRX10JT%2FuIYTFSDL%2FxVB20H%2FtvH4Chu37ulnKH8cbjGGHLlJFQ%3D%3D,Ferrari Approved (preowned.ferrari.com),ZFF96NMA5S0314804,Extra Sample,,stock TS257537A
2026-09-15,SF90,spider,2025,654999,,USD,"Huntington Beach, California, USA",dealer,2025 Ferrari SF90 Spider,https://www.classic.com/veh/2025-ferrari-sf90-spider-zff96nma3s0312551-4ZlMgLW/,Classic.com,ZFF96NMA3S0312551,,,Classic.com asterisk asking; 1k mi displayed; mileage blank (rounded Nk mi); fixed-price; seller:Quantum Cars
2026-09-15,SF90,spider,2025,677900,605,USD,"Beverly Hills, California, USA",dealer,2025 Ferrari SF90 Spider,https://www.classic.com/veh/2025-ferrari-sf90-spider-zff96nma0s0312460-nBaxwK4/,Classic.com,ZFF96NMA0S0312460,,,Classic.com asterisk asking; fixed-price; seller:Marshall Goldman Beverly Hills
2026-09-15,SF90,spider,2025,689900,1256,USD,"Torrance, USA",dealer,2025 Ferrari SF90 Spider,https://preowned.ferrari.com/en-US/vehicle/IljixbcgVnJGsKsQfDGsrtdpoTn%2BUQxY%2FchcAHtM5p79JRyODEdXA6GKmvY299PquIYTFSDL%2FxVB20H%2FtvP5DRy37ulnJXwXazeMHbpMGQ%3D%3D,Ferrari Approved (preowned.ferrari.com),ZFF96NMA5S0316973,Bianco Italia,,stock 316973; Classic.com asterisk asking; 1k mi displayed; mileage blank (rounded Nk mi); fixed-price; seller:Ferrari South Bay; Classic.com asterisk asking; 1k mi displayed; mileage blank (rounded Nk mi); fixed-price; seller:Ferrari South Bay; Classic.com asterisk asking; 1k mi displayed; mileage blank (rounded Nk mi); fixed-price; seller:Ferrari South Bay; Classic.com asterisk asking; 1k mi displayed; mileage blank (rounded Nk mi); fixed-price; seller:Ferrari South Bay; Classic.com asterisk asking; 1k mi displayed; mileage blank (rounded Nk mi); fixed-price; seller:Ferrari South Bay
2026-09-15,SF90,spider,2025,750000,320,USD,"Carmel, California, USA",private,2025 Ferrari SF90 Spider Tailor Made,https://www.classic.com/veh/2025-ferrari-sf90-spider-tailor-made-zff96nma2s031-nQZoeNW/,Classic.com,,,,Classic.com asterisk asking; fixed-price; seller:Private Seller
2026-09-15,296,coupe,2022,279000,,USD,"Boynton Beach, Florida, USA",dealer,2022 Ferrari 296 GTB,https://www.classic.com/veh/2022-ferrari-296-gtb-zff99sla8n0287612-p0GZoyW/,Classic.com,ZFF99SLA8N0287612,,,Classic.com asterisk asking; 15k mi displayed; mileage blank (rounded Nk mi); fixed-price; seller:iLusso Boynton Beach
2026-09-15,296,coupe,2022,285125,7126,USD,"Plano, USA",dealer,2022 Ferrari 296 GTB,https://preowned.ferrari.com/en-US/vehicle/IljixbcgVnJGsKsQfDGsrqT4pEpFNLSQW8hnmVzu1qPJI%2Fh0G9Rsjk%2BC6yyba1EbuIYTFS%2FW%2FhVExkH%2Bv%2Fb5Dhy37ulnKHQbazeBF7dOGA%3D%3D,Ferrari Approved (preowned.ferrari.com),ZFF99SLA0N0283943,Rosso Imola,Nero,stock A0283943; Stock # A0283943; trim: RWD
2026-09-15,296,coupe,2022,289395,5104,USD,,dealer,Used 2022 Ferrari 296 GTB Coupe,https://www.cars.com/vehicledetail/12c9715b-80bd-4f6a-a277-a7e59a776c4f/?sid=e047f6d6-ed7e-4b55-9d2d-f362b72f1692,Cars.com,ZFF99SLA4N0279880,,,
2026-09-15,296,coupe,2022,295125,2677,USD,"Plano, USA",dealer,2022 Ferrari 296 GTB,https://preowned.ferrari.com/en-US/vehicle/IljixbcgVnJGsKsQfDGsrojXBz%2BUeZH4i7EpIhJCqt8%2FZKWH65%2F%2BXGAtlliGihHOuIYTFS%2FW%2FhUsxkH%2Bv%2FD3Axq37ulnL30bbzKDHbZPGQ%3D%3D,Ferrari Approved (preowned.ferrari.com),ZFF99SLAXN0285795,Nero,Nero,stock Z0285795; Classic.com asterisk asking; 2k mi displayed; mileage blank (rounded Nk mi); fixed-price; seller:Maserati of Plano; Classic.com asterisk asking; 2k mi displayed; mileage blank (rounded Nk mi); fixed-price; seller:Maserati of Plano; Classic.com asterisk asking; 2k mi displayed; mileage blank (rounded Nk mi); fixed-price; seller:Maserati of Plano; Stock # Z0285795; trim: RWD
2026-09-15,296,coupe,2022,299100,4609,USD,"Fishers, Indiana, USA",dealer,Used 2022 Ferrari 296 GTB Base,https://www.cars.com/vehicledetail/4b4d9306-0b18-4f67-80ae-b9b2cec7b8c7/?attribution_type=isa&sid=e047f6d6-ed7e-4b55-9d2d-f362b72f1692,Cars.com,ZFF99SLA6N0279878,Red,,Classic.com asterisk asking; 4k mi displayed; mileage blank (rounded Nk mi); fixed-price; seller:Fishers Imports - North East; Stock # WJ9878; trim: RWD
2026-09-15,296,coupe,2022,299989,630,USD,"Phoenix, USA",dealer,2022 Ferrari 296 GTB,https://preowned.ferrari.com/en-US/vehicle/IljixbcgVnJGsKsQfDGsrvUjZHuiDgcVu41MMb1IJ59oTPVkHRTFLjo%2FXHHyieI%2FuIYTFS%2FW%2FhVHxkH%2Bv%2FH3DRi37ulnKHUfYTSBErlHFw%3D%3D,Ferrari Approved (preowned.ferrari.com),ZFF99SLA3N0284777,Grigio Scuro,Nero,stock FP5041A; Stock # ZFP2612; trim: RWD
2026-09-15,296,coupe,2022,309995,2349,USD,"Edison, USA",dealer,2022 Ferrari 296 GTB,https://preowned.ferrari.com/en-US/vehicle/IljixbcgVnJGsKsQfDGsrjBQXEYnyV%2BiYXD8kjQfknv6uxZTsmEMBzRcnJ%2FUb1mWuIYTFS%2FW%2FhUsxkH%2Bv%2FP3Dxy37ulnK3ocbz6NFr9LEQ%3D%3D,Ferrari Approved (preowned.ferrari.com),ZFF99SLAXN0286753,Nero,,stock F0286753C
2026-09-15,296,coupe,2022,319900,4565,USD,"North Charlotte, NC",dealer,2022 Ferrari 296 GTB,https://www.cargurus.com/details/458869042,CarGurus,ZFF99SLA9N0285383,Red,,Stock # TN0285383; trim: RWD
2026-09-15,296,coupe,2022,329988,2170,USD,"Honolulu, USA",dealer,2022 Ferrari 296 GTB,https://preowned.ferrari.com/en-US/vehicle/IljixbcgVnJGsKsQfDGsrpwDp5xNWPPX%2FQhJpXviR6ucxRCzmGkXmMvFfqtuNkVfuIYTFS%2FW%2FhVGxkH%2Bv%2FL2CRi37ulnKnkcajOFHLdJEQ%3D%3D,Ferrari Approved (preowned.ferrari.com),ZFF99SLA2N0287637,Rosso Imola,,stock CX1152; Classic.com asterisk asking; 2k mi displayed; mileage blank (rounded Nk mi); fixed-price; seller:Velocity Honolulu; Classic.com asterisk asking; 2k mi displayed; mileage blank (rounded Nk mi); fixed-price; seller:Velocity Honolulu; Classic.com asterisk asking; 2k mi displayed; mileage blank (rounded Nk mi); fixed-price; seller:Velocity Honolulu; Classic.com asterisk asking; 2k mi displayed; mileage blank (rounded Nk mi); fixed-price; seller:Velocity Honolulu; Classic.com asterisk asking; 2k mi displayed; mileage blank (rounded Nk mi); fixed-price; seller:Velocity Honolulu
2026-09-15,296,coupe,2023,303076,11640,USD,"Charlotte, North Carolina, USA",dealer,Used 2023 Ferrari 296 GTB Coupe,https://www.cars.com/vehicledetail/14f532e0-4921-4f41-b9db-1cad88c68877/?sid=e047f6d6-ed7e-4b55-9d2d-f362b72f1692,Cars.com,ZFF99SLA3P0293935,Rosso Corsa,Nero,Classic.com asterisk asking; 11k mi displayed; mileage blank (rounded Nk mi); fixed-price; seller:McLaren Charlotte; Stock # P0293935; trim: RWD
2026-09-15,296,coupe,2023,309900,8023,USD,"Torrance, USA",dealer,2023 Ferrari 296 GTB,https://preowned.ferrari.com/en-US/vehicle/IljixbcgVnJGsKsQfDGsrtkm2LRFWjmiYPydbuHKfO3k%2BoLcR5BrV%2B4RXRCsdeEMuIYTFS%2FW%2FhVD2EH%2Bv%2FzyCBq37ulnJXwfYTWMF79HEg%3D%3D,Ferrari Approved (preowned.ferrari.com),ZFF99SLA7P0289225,Rosso Imola,Nero,stock 289225; Classic.com asterisk asking; 8k mi displayed; mileage blank (rounded Nk mi); fixed-price; seller:Ferrari South Bay; Classic.com asterisk asking; 8k mi displayed; mileage blank (rounded Nk mi); fixed-price; seller:Ferrari South Bay; Classic.com asterisk asking; 8k mi displayed; mileage blank (rounded Nk mi); fixed-price; seller:Ferrari South Bay; Classic.com asterisk asking; 8k mi displayed; mileage blank (rounded Nk mi); fixed-price; seller:Ferrari South Bay; Classic.com asterisk asking; 8k mi displayed; mileage blank (rounded Nk mi); fixed-price; seller:Ferrari South Bay; Stock # 289225; trim: RWD
2026-09-15,296,coupe,2023,328699,767,USD,"Greenwich, USA",dealer,2023 Ferrari 296 GTB,https://preowned.ferrari.com/en-US/vehicle/IljixbcgVnJGsKsQfDGsrkEqPcvwdSAzgL9%2F%2Fe5%2F1SPq2lCtqaqCvOs3ifL2XZUtuIYTFS%2FW%2FhUs2EH%2BvvDyCh%2B37ulnLH0ebjCDEr9PEg%3D%3D,Ferrari Approved (preowned.ferrari.com),ZFF99SLAXP0295200,Bianco Cervino,Blu Sterling,stock 52288; Stock # 52288; trim: RWD
2026-09-15,296,coupe,2023,329900,2368,USD,"Torrance, USA",dealer,2023 Ferrari 296 GTB,https://preowned.ferrari.com/en-US/vehicle/IljixbcgVnJGsKsQfDGsrtKUqRbgw7A8UB4j3l5AuLVNj7vQTynBPWrQWvn0HASGuIYTFS%2FW%2FhVG2EH%2BvvL5Ax237uloJHUdajWEFrdHEQ%3D%3D,Ferrari Approved (preowned.ferrari.com),ZFF99SLA2P0297992,Rosso Imola,Sabbia,stock 297992; Classic.com asterisk asking; 2k mi displayed; mileage blank (rounded Nk mi); fixed-price; seller:Ferrari South Bay; Classic.com asterisk asking; 2k mi displayed; mileage blank (rounded Nk mi); fixed-price; seller:Ferrari South Bay; Classic.com asterisk asking; 2k mi displayed; mileage blank (rounded Nk mi); fixed-price; seller:Ferrari South Bay; Stock # BP0297992; trim: RWD
2026-09-15,296,coupe,2023,329990,2040,USD,"Houston, USA",dealer,2023 Ferrari 296 GTB,https://preowned.ferrari.com/en-US/vehicle/IljixbcgVnJGsKsQfDGsrk9WgVtg2QARxM%2BrJX1K%2F5WXvu4o54EMJC00FDrCzHZquIYTFS%2FW%2FhVM2EH%2BvvDwDhe37ulnLXocbzaEE7hGEg%3D%3D,Ferrari Approved (preowned.ferrari.com),ZFF99SLA8P0295048,Rosso Imola,,stock ZP0295048
2026-09-15,296,coupe,2023,329995,6161,USD,"Charlotte, USA",dealer,2023 Ferrari 296 GTB,https://preowned.ferrari.com/en-US/vehicle/IljixbcgVnJGsKsQfDGsrv5olOBf%2By8bOaXtEogZU4Ki5YVmtgfk3BDaKfAlFf4MuIYTFS%2FW%2FhVN2EH%2BvvTwAhi37ulnJX0WYDGGEbxOEw%3D%3D,Ferrari Approved (preowned.ferrari.com),ZFF99SLA9P0291087,Rosso Corsa,,stock PF18896; Classic.com asterisk asking; 6k mi displayed; mileage blank (rounded Nk mi); fixed-price; seller:Ferrari of Charlotte; Classic.com asterisk asking; 6k mi displayed; mileage blank (rounded Nk mi); fixed-price; seller:Ferrari of Charlotte; Classic.com asterisk asking; 6k mi displayed; mileage blank (rounded Nk mi); fixed-price; seller:Ferrari of Charlotte; Classic.com asterisk asking; 6k mi displayed; mileage blank (rounded Nk mi); fixed-price; seller:Ferrari of Charlotte; Classic.com asterisk asking; 6k mi displayed; mileage blank (rounded Nk mi); fixed-price; seller:Ferrari of Charlotte
2026-09-15,296,coupe,2023,330165,994,USD,"Dallas, TX",dealer,2023 Ferrari 296 GTB,https://www.cargurus.com/details/453846119,CarGurus,ZFF99SLAXP0294418,Grigio Silverstone Metallic,Rosso Ferrari,Stock # T10234; trim: RWD
2026-09-15,296,coupe,2023,334895,5498,USD,"Orlando, USA",dealer,2023 Ferrari 296 GTB,https://preowned.ferrari.com/en-US/vehicle/IljixbcgVnJGsKsQfDGsrjspTBzkaDpNLwVHkxIvjuiI62iESuw2Oi2ca4KkyrNeuIYTFS%2FW%2FhVG2EH%2Bv%2FzzCha37ulnJHkdbTCEHL9OEA%3D%3D,Ferrari Approved (preowned.ferrari.com),ZFF99SLA2P0289309,Bianco Cervino,,stock C289309
2026-09-15,296,coupe,2023,334900,5476,USD,"Roswell, USA",dealer,2023 Ferrari 296 GTB,https://preowned.ferrari.com/en-US/vehicle/IljixbcgVnJGsKsQfDGsrv5%2Fz476T%2Blk7RZhMNdUOQMLIhbUbv0jBEElM%2BOubtePuIYTFS%2FW%2FhUs2EH%2Bvvz1Ahq37ulnJHQdbz%2BNErpIEw%3D%3D,Ferrari Approved (preowned.ferrari.com),ZFF99SLAXP0299585,Bianco Cervino,,stock C1474
2026-09-15,296,coupe,2023,335084,1251,USD,"Costa Mesa, California, USA",dealer,Used 2023 Ferrari 296 GTB Base,https://www.cars.com/vehicledetail/b0997a4c-1bdc-4d8d-989f-ae0fc3c7ed44/?sid=e047f6d6-ed7e-4b55-9d2d-f362b72f1692,Cars.com,ZFF99SLA7P0297969,,,Classic.com asterisk asking; fixed-price; seller:Eurocar Inc.
2026-09-15,296,coupe,2023,339900,467,USD,"Lake Bluff, USA",dealer,2023 Ferrari 296 GTB,https://preowned.ferrari.com/en-US/vehicle/IljixbcgVnJGsKsQfDGsrq4DrMgVXQTCfrRq59OvwsFDNR0Vy6S0p6vrWSlxkGXCuIYTFS%2FW%2FhVC2EH%2BvvL5CR237ulnJHkdbTKNFrtHEg%3D%3D,Ferrari Approved (preowned.ferrari.com),ZFF99SLA6P0297932,Bianco Cervino,Rosso Ferrari,stock 297932; Stock # 297932; trim: RWD
2026-09-15,296,coupe,2023,341148,2286,USD,"Fort Lauderdale, Florida, USA",dealer,Used 2023 Ferrari 296 GTB Base,https://www.cars.com/vehicledetail/42257e14-3dd2-4212-beab-43598bc08626/?sid=e047f6d6-ed7e-4b55-9d2d-f362b72f1692,Cars.com,ZFF99SLA6P0294447,,,Classic.com asterisk asking; 2k mi displayed; mileage blank (rounded Nk mi); fixed-price; seller:Holman Motorcars
2026-09-15,296,coupe,2023,345084,2382,USD,,dealer,Used 2023 Ferrari 296 GTB Base,https://www.cars.com/vehicledetail/5a1f232b-3ca4-4db3-83a5-d15e065c0b5c/?sid=e047f6d6-ed7e-4b55-9d2d-f362b72f1692,Cars.com,ZFF99SLA3P0297032,,,
2026-09-15,296,coupe,2023,349900,,USD,"Village of Farmingdale, New York, USA",dealer,2023 Ferrari 296 GTB,https://www.classic.com/veh/2023-ferrari-296-gtb-zff99sla6p0295209-476PXMp/,Classic.com,ZFF99SLA6P0295209,,,Classic.com asterisk asking; 1k mi displayed; mileage blank (rounded Nk mi); fixed-price; seller:Motorcar Classics
2026-09-15,296,coupe,2023,350099,1875,USD,"Keyport, NJ",dealer,2023 Ferrari 296 GTB,https://www.cargurus.com/details/451170886,CarGurus,ZFF99SLA5P0289238,Black,Black,trim: RWD
2026-09-15,296,coupe,2024,289998,17376,USD,"Monroe, NC",dealer,2024 Ferrari 296 GTB,https://www.cargurus.com/details/446969394,CarGurus,ZFF99SLA7R0300615,Red,Brown (Beige),Stock # T-00615; trim: RWD
2026-09-15,296,coupe,2024,318999,3258,USD,"Greensboro, USA",dealer,2024 Ferrari 296 GTB,https://preowned.ferrari.com/en-US/vehicle/IljixbcgVnJGsKsQfDGsrijhnfOYE2Hmj3igDfrRkRGk2RhPR7JNQ5C4ZPlu5D1cuIYTFS%2FW%2FhVG2kH%2Ft%2FHxDBm37ulnKHoebTSGE7lLGA%3D%3D,Ferrari Approved (preowned.ferrari.com),ZFF99SLA2R0304166,Bianco Avus,,stock C6498
2026-09-15,296,coupe,2024,319990,2404,USD,"Golden Valley, USA",dealer,2024 Ferrari 296 GTB,https://preowned.ferrari.com/en-US/vehicle/IljixbcgVnJGsKsQfDGsri4AmWmVcfIJEb3zmgE%2BnMV77ZWWwmjUTCfEL17%2BOOBZuIYTFS%2FW%2FhVF2kH%2Ft%2FL2Cx637ulnJHgYbTeDEblKGA%3D%3D,Ferrari Approved (preowned.ferrari.com),ZFF99SLA1R0307611,Nero,,stock R0307611P
2026-09-15,296,coupe,2024,324900,3170,USD,"Coral Gables, USA",dealer,2024 Ferrari 296 GTB,https://preowned.ferrari.com/en-US/vehicle/IljixbcgVnJGsKsQfDGsrlfDloaIGk6OB%2B9zkMRbEgq19vfNakVIWnz4Hk04hfWnuIYTFS%2FW%2FhVD2kH%2Ft%2FH3CR637ulnK3gabjWEErtLEw%3D%3D,Ferrari Approved (preowned.ferrari.com),ZFF99SLA7R0304731,Blu Pozzi,,stock T0329881A
2026-09-15,296,coupe,2024,329989,1145,USD,"Phoenix, USA",dealer,2024 Ferrari 296 GTB,https://preowned.ferrari.com/en-US/vehicle/IljixbcgVnJGsKsQfDGsroifOmMoR3YC4ARV3poa31EmvIU2W0dRjItEpsA%2Fw%2F3NuIYTFS%2FW%2FhVN2kH%2Ft%2FT1DR237ulnKHUfYTSAELZLFQ%3D%3D,Ferrari Approved (preowned.ferrari.com),ZFF99SLA9R0301572,Rosso Corsa,Crema,stock CONSIGNZUSP; Stock # F01886A; trim: RWD
2026-09-15,296,coupe,2024,329999,,USD,"Fort Lauderdale, Florida, USA",dealer,2024 Ferrari 296 GTB,https://www.classic.com/veh/2024-ferrari-296-gtb-zff99sla5r0303755-WkVbgBn/,Classic.com,ZFF99SLA5R0303755,,,Classic.com asterisk asking; 1k mi displayed; mileage blank (rounded Nk mi); fixed-price; seller:TxT Charlie
2026-09-15,296,coupe,2024,330298,968,USD,,dealer,"Used 2024 Ferrari 296 GTB GTB -968 Miles, Carbon Fiber Driving Zone, Passenger Display",https://www.cars.com/vehicledetail/c7b2608a-0f56-4e9c-b06e-b2234234fff3/?sid=e047f6d6-ed7e-4b55-9d2d-f362b72f1692,Cars.com,ZFF99SLA2R0307634,,,
2026-09-15,296,coupe,2024,339000,49,USD,"Westfield, Indiana, USA",dealer,2024 Ferrari 296 GTB,https://www.classic.com/veh/2024-ferrari-296-gtb-zff99sla3r0302362-nKj3954/,Classic.com,ZFF99SLA3R0302362,,,Classic.com asterisk asking; fixed-price; seller:Unlimited Motors
2026-09-15,296,coupe,2024,339700,2316,USD,"Plainview, USA",dealer,2024 Ferrari 296 GTB,https://preowned.ferrari.com/en-US/vehicle/IljixbcgVnJGsKsQfDGsrrl1QHuMusez2v1995FtPbth6JaUfwYdOxbS4ER9MGJhuIYTFS%2FW%2FhVF2kH%2Ft%2FL2Che37ulnK38WbjSCHb5JEg%3D%3D,Ferrari Approved (preowned.ferrari.com),ZFF99SLA1R0307608,Bianco Cervino,Nero,stock R0307608; Stock # R0307608; trim: RWD
2026-09-15,296,coupe,2024,339990,122,USD,"Las Vegas, USA",dealer,2024 Ferrari 296 GTB,https://preowned.ferrari.com/en-US/vehicle/IljixbcgVnJGsKsQfDGsrtJPA8Ps2JTU%2BDtajcz21IjuIrfMAXLGqHtyt%2FiO5YC2uIYTFS%2FW%2FhVG2kH%2FtvX4Ax%2B37ulnKn0XbjCGFLlKEg%3D%3D,Ferrari Approved (preowned.ferrari.com),ZFF99SLA2R0310890,Rosso Corsa,,stock C310890
2026-09-15,296,coupe,2024,340084,3211,USD,"Costa Mesa, California, USA",dealer,Used 2024 Ferrari 296 GTB Base,https://www.cars.com/vehicledetail/456d9085-b8b1-4d5a-a963-75944e7088d4/?sid=e047f6d6-ed7e-4b55-9d2d-f362b72f1692,Cars.com,ZFF99SLA3R0302121,,,Classic.com asterisk asking; 3k mi displayed; mileage blank (rounded Nk mi); fixed-price; seller:Eurocar Inc.
2026-09-15,296,coupe,2024,342700,1484,USD,"Plainview, USA",dealer,2024 Ferrari 296 GTB,https://preowned.ferrari.com/en-US/vehicle/IljixbcgVnJGsKsQfDGsrp%2BgSEpzs6APxS18InmTnvzVEqOtrNgCHjIsyvVktak4uIYTFS%2FW%2FhVC2kH%2Ft%2Fz0Ahy37ulnKHkfYTODHbxJGQ%3D%3D,Ferrari Approved (preowned.ferrari.com),ZFF99SLA6R0309483,Blu Swaters,Sabbia,stock FE2445; Stock # FE2445; trim: RWD
2026-09-15,296,coupe,2024,342985,458,USD,"Palm Harbor, USA",dealer,2024 Ferrari 296 GTB,https://preowned.ferrari.com/en-US/vehicle/IljixbcgVnJGsKsQfDGsrr5Dek%2Bcsqi689xL98NsWhQkThKx4EVBdDjjMoz3MYaouIYTFS%2FW%2FhVD2kH%2FtvTwDx%2B37ulnJX4XYDeEErpLEw%3D%3D,Ferrari Approved (preowned.ferrari.com),ZFF99SLA7R0311050,Rosso Corsa,,stock T311050; Classic.com asterisk asking; fixed-price; seller:Ferrari of Tampa Bay; Classic.com asterisk asking; fixed-price; seller:Ferrari of Tampa Bay; Classic.com asterisk asking; fixed-price; seller:Ferrari of Tampa Bay; Classic.com asterisk asking; fixed-price; seller:Ferrari of Tampa Bay; Classic.com asterisk asking; fixed-price; seller:Ferrari of Tampa Bay
2026-09-15,296,coupe,2024,345800,1060,USD,"Bellevue, USA",dealer,2024 Ferrari 296 GTB,https://preowned.ferrari.com/en-US/vehicle/IljixbcgVnJGsKsQfDGsrgsMTEzESMz%2FARB7mqlxSND3yf2DOB7GwOd7Pfw0Vcq2uIYTFS%2FW%2FhVN2kH%2Ft%2FDyCxi37ulnLn8daDOBFLxKFw%3D%3D,Ferrari Approved (preowned.ferrari.com),ZFF99SLA9R0305217,Viola Hong Kong,,stock 20073A; Classic.com asterisk asking; 1k mi displayed; mileage blank (rounded Nk mi); fixed-price; seller:Ferrari of Seattle; Classic.com asterisk asking; 1k mi displayed; mileage blank (rounded Nk mi); fixed-price; seller:Ferrari of Seattle; Classic.com asterisk asking; 1k mi displayed; mileage blank (rounded Nk mi); fixed-price; seller:Ferrari of Seattle
2026-09-15,296,coupe,2024,349900,567,USD,"Charlotte, North Carolina, USA",dealer,Used 2024 Ferrari 296 GTB Base,https://www.cars.com/vehicledetail/69697c25-f407-445c-a2d7-d4a45b2b5ffb/?sid=e047f6d6-ed7e-4b55-9d2d-f362b72f1692,Cars.com,ZFF99SLA0R0299923,,,Classic.com asterisk asking; fixed-price; seller:Tactical Fleet Charlotte
2026-09-15,296,coupe,2024,349999,3115,USD,"Hinsdale, USA",dealer,2024 Ferrari 296 GTB,https://preowned.ferrari.com/en-US/vehicle/IljixbcgVnJGsKsQfDGsruW%2FIrPDCDC7PzZP6YuE9C4pD0TSeLzfIjGa%2FUWUxk2luIYTFS%2FW%2FhVB2kH%2Ft%2FP4Ah237uloKHgXbj%2BNHLtNEg%3D%3D,Ferrari Approved (preowned.ferrari.com),ZFF99SLA5R0306882,Rosso Corsa,,stock 9749; Classic.com asterisk asking; 3k mi displayed; mileage blank (rounded Nk mi); fixed-price; seller:Continental AutoSports; Classic.com asterisk asking; 3k mi displayed; mileage blank (rounded Nk mi); fixed-price; seller:Continental AutoSports; Classic.com asterisk asking; 3k mi displayed; mileage blank (rounded Nk mi); fixed-price; seller:Continental AutoSports
2026-09-15,296,coupe,2024,354309,2350,USD,"Westmont, Illinois, USA",dealer,Used 2024 Ferrari 296 GTB GTB,https://www.cars.com/vehicledetail/4e48beac-a544-4687-b46b-a726e726c29d/?attribution_type=p_one&sid=e047f6d6-ed7e-4b55-9d2d-f362b72f1692,Cars.com,ZFF99SLA0R0302402,,,Classic.com asterisk asking; 2k mi displayed; mileage blank (rounded Nk mi); fixed-price; seller:Ogden Lincoln of Westmont
2026-09-15,296,coupe,2024,359000,354,USD,"Thousand Oaks, USA",dealer,2024 Ferrari 296 GTB,https://preowned.ferrari.com/en-US/vehicle/IljixbcgVnJGsKsQfDGsru3qRsRlO8GmqflO%2FOaoGtQbWPS6XoiqVXz4%2BtnhOd4duIYTFS%2FW%2FhVA2kH%2Ft%2FzxCx237uloKHwfaTODFbZGFQ%3D%3D,Ferrari Approved (preowned.ferrari.com),ZFF99SLA4R0309112,Grigio Scuro,,stock 309112; Classic.com asterisk asking; fixed-price; seller:Ferrari Los Angeles; Classic.com asterisk asking; fixed-price; seller:Ferrari Los Angeles; Classic.com asterisk asking; fixed-price; seller:Ferrari Los Angeles; Classic.com asterisk asking; fixed-price; seller:Ferrari Los Angeles; Classic.com asterisk asking; fixed-price; seller:Ferrari Los Angeles
2026-09-15,296,coupe,2024,359888,222,USD,"Edison, USA",dealer,2024 Ferrari 296 GTB,https://preowned.ferrari.com/en-US/vehicle/IljixbcgVnJGsKsQfDGsrqZEMJjDX%2FOwi4i1%2F5OW%2FKMWIPWqSJJ9W2ph%2BovcZjR%2BuIYTFS%2FW%2FhVF2kH%2Ft%2FzzCBm37ulnJHkbbzOGHbZNFw%3D%3D,Ferrari Approved (preowned.ferrari.com),ZFF99SLA1R0309326,Rosso Imola,,stock F0309326T
2026-09-15,296,coupe,2024,359895,967,USD,"Orlando, USA",dealer,2024 Ferrari 296 GTB,https://preowned.ferrari.com/en-US/vehicle/IljixbcgVnJGsKsQfDGsrv9stxhRRcIK7jx856EO3UuryrxKb2C72aHWYQbQc765uIYTFS%2FW%2FhVE2kH%2Ft%2F30Cx237ulnKXUaYDOBEb9NEw%3D%3D,Ferrari Approved (preowned.ferrari.com),ZFF99SLA0R0308412,Rosso Imola,,stock C308412
2026-09-15,296,coupe,2024,359995,,USD,"Houston, Texas, USA",dealer,2024 Ferrari 296 GTB Assetto Fiorano,https://www.classic.com/veh/2024-ferrari-296-gtb-zff99sla7r0309802-nlxoDvn/,Classic.com,ZFF99SLA7R0309802,,,Classic.com asterisk asking; 1k mi displayed; mileage blank (rounded Nk mi); fixed-price; seller:Autodynamics; Assetto Fiorano
2026-09-15,296,coupe,2024,360699,964,USD,"Greenwich, USA",dealer,2024 Ferrari 296 GTB,https://preowned.ferrari.com/en-US/vehicle/IljixbcgVnJGsKsQfDGsrrC3VT9ucpeMglwB8b8dgRXAZuvr7Sm4dyxmN%2FJBlM6XuIYTFS%2FW%2FhVD2kH%2Ft%2FP5Dhi37ulnJHwabzOMEblHFw%3D%3D,Ferrari Approved (preowned.ferrari.com),ZFF99SLA7R0306947,Rosso Maranello,Nero,stock 52315; Stock # 52315; trim: RWD
2026-09-15,296,coupe,2024,361234,438,USD,"Miami, Florida, USA",dealer,2024 Ferrari 296 GTB Assetto Fiorano,https://www.classic.com/veh/2024-ferrari-296-gtb-assetto-fiorano-zff99slaxr030-nQdO3g4/,Classic.com,,,,Classic.com asterisk asking; fixed-price; seller:Brickell Luxury Motors; Assetto Fiorano
2026-09-15,296,coupe,2024,362989,946,USD,"Phoenix, USA",dealer,2024 Ferrari 296 GTB,https://preowned.ferrari.com/en-US/vehicle/IljixbcgVnJGsKsQfDGsrigAXGtX95eZiRDPuIIAHRpLdZ9vUn%2BSkMIj%2FEzzeLPbuIYTFS%2FW%2FhVE2kH%2Ft%2FL5CBu37ulnKHUfYTSAEbpHFA%3D%3D,Ferrari Approved (preowned.ferrari.com),ZFF99SLA0R0307924,Blu Le Mans,Blu Medio,stock F01875A; Stock # F01875A; trim: RWD
2026-09-15,296,coupe,2024,390988,455,USD,,dealer,Used 2024 Ferrari 296 GTB Base,https://www.cars.com/vehicledetail/4d8c203f-f296-42e6-8829-fcbbe1984dc4/?sid=e047f6d6-ed7e-4b55-9d2d-f362b72f1692,Cars.com,ZFF99SLAXR0306599,,,
2026-09-15,296,coupe,2024,399000,378,USD,"Thousand Oaks, USA",dealer,2024 Ferrari 296 GTB,https://preowned.ferrari.com/en-US/vehicle/IljixbcgVnJGsKsQfDGsrrfedlUGR9Bx0praUAZ%2BM2m2%2FMEhT6EcVR9mGuHCjarcuIYTFS%2FW%2FhVG2kH%2Ft%2Fb0Dxu37uloKHwfaTOBEr9PEw%3D%3D,Ferrari Approved (preowned.ferrari.com),ZFF99SLA2R0303454,Grigio Silverstone,,stock 303454; Classic.com asterisk asking; fixed-price; seller:Ferrari Los Angeles; Classic.com asterisk asking; fixed-price; seller:Ferrari Los Angeles; Classic.com asterisk asking; fixed-price; seller:Ferrari Los Angeles
2026-09-15,296,coupe,2024,474493,940,USD,"San Juan, Puerto Rico, PRI",dealer,2024 Ferrari 296 GTB,https://www.classic.com/veh/2024-ferrari-296-gtb-zff99sla9r0303757-p0rl9yn/,Classic.com,ZFF99SLA9R0303757,,,Classic.com asterisk asking; fixed-price; seller:Ferrari Puerto Rico
2026-09-15,296,coupe,2025,332989,2436,USD,"Phoenix, USA",dealer,2025 Ferrari 296 GTB,https://preowned.ferrari.com/en-US/vehicle/IljixbcgVnJGsKsQfDGsrp37AFUNw%2FR80NsaS5qFheLi7dzkUFz51jiROCEWNzOXuIYTFS%2FW%2FhUs20H%2FtvbyAhy37ulnKHUfYTSAFbxOGQ%3D%3D,Ferrari Approved (preowned.ferrari.com),ZFF99SLAXS0313283,Bianco Avus,Nero,stock FP5276; Stock # FP5276; trim: RWD
2026-09-15,296,coupe,2025,339888,167,USD,"Westlake Village, California, USA",dealer,2025 Ferrari 296 GTB,https://www.classic.com/veh/2025-ferrari-296-gtb-zff99sla9s0315283-n36dyA4/,Classic.com,ZFF99SLA9S0315283,Bianco Cervino,Black and White,Classic.com asterisk asking; fixed-price; seller:GP Motorsports; Stock # C096; trim: RWD
2026-09-15,296,coupe,2025,339895,181,USD,"Orlando, USA",dealer,2025 Ferrari 296 GTB,https://preowned.ferrari.com/en-US/vehicle/IljixbcgVnJGsKsQfDGsri%2ByPaONm7sKCuUymOz3G6Wl1QFrAHcYE5FdhGTfAovOuIYTFS%2FW%2FhVG20H%2FtvL1Chm37uloJXUbaTKGEbZKFw%3D%3D,Ferrari Approved (preowned.ferrari.com),ZFF99SLA2S0317506,Rosso Imola,,stock C317506
2026-09-15,296,coupe,2025,339900,471,USD,"Detroit, USA",dealer,2025 Ferrari 296 GTB,https://preowned.ferrari.com/en-US/vehicle/IljixbcgVnJGsKsQfDGsrh97gsLQNd3HpByPl9oZRfIxOqczVKlk2pJKXZ0%2FBfw3uIYTFS%2FW%2FhVE20H%2FtffzCxm37ulnL3UcbTOBEL5MFA%3D%3D,Ferrari Approved (preowned.ferrari.com),ZFF99SLA0S0322316,Blu Tour De France,,stock 322316
2026-09-15,296,coupe,2025,339977,2705,USD,"Las Vegas, USA",dealer,2025 Ferrari 296 GTB,https://preowned.ferrari.com/en-US/vehicle/IljixbcgVnJGsKsQfDGsruWO%2F2wAxlur4EwHBLQ2I0YqXfL9JcWh%2FE3NFP0Gq3BuuIYTFS%2FW%2FhVM20H%2FtfT1Dxe37ulnKn0fbDKBELpHGA%3D%3D,Ferrari Approved (preowned.ferrari.com),ZFF99SLA8S0321558,Grigio Scuro,,stock P2256; Classic.com asterisk asking; 2k mi displayed; mileage blank (rounded Nk mi); fixed-price; seller:Towbin Motorcars; Classic.com asterisk asking; 2k mi displayed; mileage blank (rounded Nk mi); fixed-price; seller:Towbin Motorcars; Classic.com asterisk asking; 2k mi displayed; mileage blank (rounded Nk mi); fixed-price; seller:Towbin Motorcars
2026-09-15,296,coupe,2025,339990,5276,USD,"Houston, USA",dealer,2025 Ferrari 296 GTB,https://preowned.ferrari.com/en-US/vehicle/IljixbcgVnJGsKsQfDGsrkvW7Yjouj7pCAymVihyWjdHeyepuwM%2F1zg2iryc9ARHuIYTFS%2FW%2FhVA20H%2Ftvz5Axe37ulnK3QZajCNHL5LEw%3D%3D,Ferrari Approved (preowned.ferrari.com),ZFF99SLA4S0319998,Rosso Imola,Rosso Ferrari,stock ZS0319998; Stock # ZS0319998; trim: RWD
2026-09-15,296,coupe,2025,347860,1958,USD,"Salt Lake City, USA",dealer,2025 Ferrari 296 GTB,https://preowned.ferrari.com/en-US/vehicle/IljixbcgVnJGsKsQfDGsriJmEYOQ7iL7%2F8WvtR0yztY8iGUW1B9x9ORxTw3lzk6suIYTFS%2FW%2FhVD20H%2Ftv34DRm37ulnK3ocajSEELhNGA%3D%3D,Ferrari Approved (preowned.ferrari.com),ZFF99SLA7S0318876,Rosso Corsa,Black,stock S0318876T; Stock # S0318876T; trim: RWD
2026-09-15,296,coupe,2025,348777,319,USD,"Las Vegas, USA",dealer,2025 Ferrari 296 GTB,https://preowned.ferrari.com/en-US/vehicle/IljixbcgVnJGsKsQfDGsrmkU5fs9xeUh4Jl91VbBhkjaIOXotqkaH0NDGfDcC4u2uIYTFS%2FW%2FhVD20H%2Ftvz0DB237ulnKX8cbzWGHblGEQ%3D%3D,Ferrari Approved (preowned.ferrari.com),ZFF99SLA7S0319462,Rosso Corsa,,stock F3482A; Classic.com asterisk asking; fixed-price; seller:Towbin Motorcars; Classic.com asterisk asking; fixed-price; seller:Towbin Motorcars; Classic.com asterisk asking; fixed-price; seller:Towbin Motorcars
2026-09-15,296,coupe,2025,360699,1121,USD,"Greenwich, USA",dealer,2025 Ferrari 296 GTB,https://preowned.ferrari.com/en-US/vehicle/IljixbcgVnJGsKsQfDGsrtRRi9swAS2r0RwLGd6O8SBjvGpUjiaIv6h%2B5Dz8WnYYuIYTFS%2FW%2FhVB20H%2FtfT1CB%2B37ulnKnwabTeAEb5KEw%3D%3D,Ferrari Approved (preowned.ferrari.com),ZFF99SLA5S0321520,Blu Tour De France,Blu Sterling,stock 52320; Stock # 52320; trim: RWD
2026-09-15,296,coupe,2025,379900,40,USD,"Lake Bluff, USA",dealer,2025 Ferrari 296 GTB,https://preowned.ferrari.com/en-US/vehicle/IljixbcgVnJGsKsQfDGsrimI8UjEWJgcwuGRqWiSRxXvlXZeaAcOLTcKHTywgh20uIYTFS%2FW%2FhVD20H%2Ftvz5Axu37ulnKngbaDCDFLdMFw%3D%3D,Ferrari Approved (preowned.ferrari.com),ZFF99SLA7S0319994,Rosso Corsa,,stock 319994
2026-09-15,296,coupe,2025,379995,800,USD,"Raleigh, North Carolina, USA",dealer,2025 Ferrari 296 GTB,https://www.classic.com/veh/2025-ferrari-296-gtb-zff99sla1s0315276-pgJ51vW/,Classic.com,ZFF99SLA1S0315276,,,Classic.com asterisk asking; fixed-price; seller:Carolina Exotic Cars
2026-09-15,296,coupe,2025,410000,115,USD,"Lake Bluff, USA",dealer,2025 Ferrari 296 GTB,https://preowned.ferrari.com/en-US/vehicle/IljixbcgVnJGsKsQfDGsrv6SSJ2YHOUyv4Jrhfsldu2rtGyLO0TYmAqp66KGSysmuIYTFS%2FW%2FhUs20H%2FtvHzCB237ulnKnwaajSAHLhOFA%3D%3D,Ferrari Approved (preowned.ferrari.com),ZFF99SLAXS0314322,Grigio Silverstone,,stock 314322
2026-09-15,296,coupe,2025,459900,103,USD,"Lake Bluff, USA",dealer,2025 Ferrari 296 GTB,https://preowned.ferrari.com/en-US/vehicle/IljixbcgVnJGsKsQfDGsrkDZ2haR8yXvuIukWwK9b7PEoO8UTpnZdPFTmJOSL4oquIYTFS%2FW%2FhVA20H%2Ftv35Cxm37ulnKnwaajSAErdMEQ%3D%3D,Ferrari Approved (preowned.ferrari.com),ZFF99SLA4S0318916,Bianco Cervino,,stock 318916
2026-09-15,296,coupe,2025,460900,795,USD,"Miami, USA",dealer,2025 Ferrari 296 GTB,https://preowned.ferrari.com/en-US/vehicle/IljixbcgVnJGsKsQfDGsruHOvaiTM4%2FHh78J6uMdOB%2B2KsY655KtPb%2BKi%2BmQiL5HuIYTFS%2FW%2FhVE20H%2FtvH1Dh637ulnKHseaDeFEL1PFg%3D%3D,Ferrari Approved (preowned.ferrari.com),ZFF99SLA0S0314541,Nero Opaco,,stock S0314541CSA
2026-09-15,296,coupe,2026,1887888,250,USD,"San Luis Obispo, California, USA",dealer,2026 Ferrari 296 GTB,https://www.classic.com/veh/2026-ferrari-296-gtb-zff13dla4t0330737-pgwYQwp/,Classic.com,ZFF13DLA4T0330737,,,Classic.com asterisk asking; fixed-price; seller:Porsche San Luis Obispo
2026-09-15,296,spider,2023,369120,8014,USD,"Mill Valley, USA",dealer,2023 Ferrari 296 GTS,https://preowned.ferrari.com/en-US/vehicle/IljixbcgVnJGsKsQfDGsrj3Fod1cG2xjIIK%2Bb8aby6mO0S0EKjz%2B%2FH3QZ32c5ozAuIYTHCfW%2FxVD2EH%2BvvX5CBu37ulnJX0cYTKDF79IGA%3D%3D,Ferrari Approved (preowned.ferrari.com),ZFF01SMA7P0290924,Rosso Imola,Nero,stock ST0716; Stock # ST0716; trim: RWD
2026-09-15,296,spider,2023,369120,,USD,"Mill Valley, California, USA",dealer,2023 Ferrari 296 GTS Assetto Fiorano,https://www.classic.com/veh/2023-ferrari-296-gts-assetto-fiorano-zff01sma7p029-pGXBZb4/,Classic.com,,,,Classic.com asterisk asking; 8k mi displayed; mileage blank (rounded Nk mi); fixed-price; seller:Ferrari of San Francisco; Assetto Fiorano
2026-09-15,296,spider,2023,369970,230,USD,"Portland, Oregon, USA",dealer,2023 Ferrari 296 GTS,https://www.classic.com/veh/2023-ferrari-296-gts-zff01sma2p0298350-nwOMZKn/,Classic.com,ZFF01SMA2P0298350,Gray,Red,Classic.com asterisk asking; fixed-price; seller:Elusive Motors; Stock # 298350A; trim: RWD
2026-09-15,296,spider,2023,377989,2130,USD,"Phoenix, USA",dealer,2023 Ferrari 296 GTS,https://preowned.ferrari.com/en-US/vehicle/IljixbcgVnJGsKsQfDGsrsFHNi%2FWwZQSCbWGBzFdz22WgVPfKsq1qnaKjIRIxJRkuIYTHCfW%2FxVN2EH%2BvvD3Ahu37ulnKHUfYTSBE7pIFA%3D%3D,Ferrari Approved (preowned.ferrari.com),ZFF01SMA9P0295784,Rosso Corsa Metallizzato,,stock FP5300A
2026-09-15,296,spider,2023,389900,806,USD,"Detroit, USA",dealer,2023 Ferrari 296 GTS,https://preowned.ferrari.com/en-US/vehicle/IljixbcgVnJGsKsQfDGsrrteb43HxALf1V4Wgw5JV2YIHOg8ZrV%2FTaN7RKQbNYuNuIYTHCfW%2FxVG2EH%2BvvHwDBa37ulnL3UcbTOGEbtIEg%3D%3D,Ferrari Approved (preowned.ferrari.com),ZFF01SMA2P0294069,Blu Tour De France,,stock FP2418
2026-09-15,296,spider,2023,399000,3154,USD,"Mill Valley, USA",dealer,2023 Ferrari 296 GTS,https://preowned.ferrari.com/en-US/vehicle/IljixbcgVnJGsKsQfDGsrjNBKsO8v%2BBNL8BjANARHQL9diwNrHC0X%2Fhhb%2FqK78sbuIYTHCfW%2FxVE2EH%2BvvL4Aha37ulnJX0cYTKCE7hPFQ%3D%3D,Ferrari Approved (preowned.ferrari.com),ZFF01SMA0P0297889,Extra Sample,,stock S0297889
2026-09-15,296,spider,2023,415000,2413,USD,"Boca Raton, USA",dealer,2023 Ferrari 296 GTS,https://preowned.ferrari.com/en-US/vehicle/IljixbcgVnJGsKsQfDGsrlQfesFsa9jn0jlmt5VerwUz7kXuFHtPpyYPAUx%2FMybBuIYTHCfW%2FxVC2EH%2Bvv3zCB637ulnJX0cYTGCFr5IEg%3D%3D,Ferrari Approved (preowned.ferrari.com),ZFF01SMA6P0298321,Blu Tour De France,,stock BP1113
2026-09-15,296,spider,2023,418985,1525,USD,"Palm Harbor, USA",dealer,2023 Ferrari 296 GTS,https://preowned.ferrari.com/en-US/vehicle/IljixbcgVnJGsKsQfDGsrvEfIssemvhxPj%2FyQo6bqLWhKrRC7TZVsmsL0Kj7jeSbuIYTHCfW%2FxVB2EH%2BvvfzDBu37ulnJX4XYDeEFr5MEA%3D%3D,Ferrari Approved (preowned.ferrari.com),ZFF01SMA5P0292364,Extra Sample,,stock T292364; Classic.com asterisk asking; 1k mi displayed; mileage blank (rounded Nk mi); fixed-price; seller:Ferrari of Tampa Bay; Classic.com asterisk asking; 1k mi displayed; mileage blank (rounded Nk mi); fixed-price; seller:Ferrari of Tampa Bay; Classic.com asterisk asking; 1k mi displayed; mileage blank (rounded Nk mi); fixed-price; seller:Ferrari of Tampa Bay; Classic.com asterisk asking; 1k mi displayed; mileage blank (rounded Nk mi); fixed-price; seller:Ferrari of Tampa Bay; Classic.com asterisk asking; 1k mi displayed; mileage blank (rounded Nk mi); fixed-price; seller:Ferrari of Tampa Bay
2026-09-15,296,spider,2023,499000,,USD,"West Palm Beach, Florida, USA",dealer,2023 Ferrari 296 GTS Assetto Fiorano,https://www.classic.com/veh/2023-ferrari-296-gts-assetto-fiorano-zff01sma4p029-pewYlrn/,Classic.com,,,,Classic.com asterisk asking; 1k mi displayed; mileage blank (rounded Nk mi); fixed-price; seller:Lamborghini Palm Beach; Assetto Fiorano
2026-09-15,296,spider,2023,499995,1716,USD,,dealer,Used 2023 Ferrari 296 GTS Base,https://www.cars.com/vehicledetail/30fd850a-c241-4070-a6c6-9ceca265c981/?attribution_type=p_one&sid=26051b8a-b147-4b82-82e4-dc207870ddd4,Cars.com,ZFF01SMA4P0290931,,,
2026-09-15,296,spider,2023,569000,876,USD,"Mill Valley, USA",dealer,2023 Ferrari 296 GTS,https://preowned.ferrari.com/en-US/vehicle/IljixbcgVnJGsKsQfDGsrn42uKeodXrdQHOQdLYTIPpbcUp0FtyIIg2rTRtWIqJLuIYTHCfW%2FxVN2EH%2BvvH1CBy37ulnJX0cYTKDHb9IFw%3D%3D,Ferrari Approved (preowned.ferrari.com),ZFF01SMA9P0294523,Extra Sample,,stock SC6409; Classic.com asterisk asking; fixed-price; seller:Ferrari of San Francisco; Classic.com asterisk asking; fixed-price; seller:Ferrari of San Francisco; Classic.com asterisk asking; fixed-price; seller:Ferrari of San Francisco; Classic.com asterisk asking; fixed-price; seller:Ferrari of San Francisco; Classic.com asterisk asking; fixed-price; seller:Ferrari of San Francisco
2026-09-15,296,spider,2024,359585,4294,USD,"Ventura, CA",dealer,Used 2024 Ferrari 296 GTS Base,https://www.cars.com/vehicledetail/9647ea3b-1d16-4e28-913c-a86859115208/?sid=26051b8a-b147-4b82-82e4-dc207870ddd4,Cars.com,ZFF01SMA6R0308963,Rosso Mugello,Brown (Beige Tradizione),Stock # H429; trim: RWD
2026-09-15,296,spider,2024,379085,4463,USD,"Costa Mesa, California, USA",dealer,Used 2024 Ferrari 296 GTS Convertible,https://www.cars.com/vehicledetail/1bf10033-12ef-4546-980b-765d84b8a62c/?sid=26051b8a-b147-4b82-82e4-dc207870ddd4,Cars.com,ZFF01SMA9R0304261,,,Classic.com asterisk asking; 4k mi displayed; mileage blank (rounded Nk mi); fixed-price; seller:iLusso Costa Mesa
2026-09-15,296,spider,2024,384995,191,USD,"Saint James, New York, USA",dealer,2024 Ferrari 296 GTS,https://www.classic.com/veh/2024-ferrari-296-gts-zff01sma9r0304258-nwXmDyW/,Classic.com,ZFF01SMA9R0304258,,,Classic.com asterisk asking; fixed-price; seller:SR Auto Group
2026-09-15,296,spider,2024,399000,1233,USD,"Beverly Hills, USA",dealer,2024 Ferrari 296 GTS,https://preowned.ferrari.com/en-US/vehicle/IljixbcgVnJGsKsQfDGsrpSbpTCfhGgmG8VXHwz5vATflmO37yClpAPl59812EN0uIYTHCfW%2FxVB2kH%2FtvT3Cx637ulnLHkbaDKFFLdHFw%3D%3D,Ferrari Approved (preowned.ferrari.com),ZFF01SMA5R0311711,Blu Corsa,,stock 311711; Classic.com asterisk asking; 1k mi displayed; mileage blank (rounded Nk mi); fixed-price; seller:Ferrari Beverly Hills; Classic.com asterisk asking; 1k mi displayed; mileage blank (rounded Nk mi); fixed-price; seller:Ferrari Beverly Hills; Classic.com asterisk asking; 1k mi displayed; mileage blank (rounded Nk mi); fixed-price; seller:Ferrari Beverly Hills
2026-09-15,296,spider,2024,399900,,USD,"Anne Arundel County, Maryland, USA",dealer,2024 Ferrari 296 GTS,https://www.classic.com/veh/2024-ferrari-296-gts-zff01sma8r0310178-nweY7yp/,Classic.com,ZFF01SMA8R0310178,,,Classic.com asterisk asking; 2k mi displayed; mileage blank (rounded Nk mi); fixed-price; seller:Marshall Goldman Maryland
2026-09-15,296,spider,2024,399900,2277,USD,"Charlotte, North Carolina, USA",dealer,Used 2024 Ferrari 296 GTS Convertible,https://www.cars.com/vehicledetail/6991f236-bfe4-435f-b1ea-0e02aa350526/?sid=26051b8a-b147-4b82-82e4-dc207870ddd4,Cars.com,ZFF01SMA2R0311116,White,Gray,Classic.com asterisk asking; 2k mi displayed; mileage blank (rounded Nk mi); fixed-price; seller:Tactical Fleet Charlotte; Stock # MR0311116; trim: RWD
2026-09-15,296,spider,2024,399988,324,USD,"Sterling, USA",dealer,2024 Ferrari 296 GTS,https://preowned.ferrari.com/en-US/vehicle/IljixbcgVnJGsKsQfDGsrhCYpXOnSZqm6WixmV1Fz4%2Fp4z7WR1n1f8%2BIS6PVh2QfuIYTHCfW%2FxVB2kH%2FtvfyCxy37ulnKHodbjeAEbtJEg%3D%3D,Ferrari Approved (preowned.ferrari.com),ZFF01SMA5R0312213,Rosso Scuderia,Black,stock FF1156; Stock # FF1156; trim: RWD
2026-09-15,296,spider,2024,399989,686,USD,"Ashburn, Virginia, USA",dealer,2024 FERRARI 296 GTS,https://www.classic.com/veh/2024-ferrari-296-gts-zff01sma2r0312220-nQdG8N4/,Classic.com,ZFF01SMA2R0312220,,,Classic.com asterisk asking; fixed-price; seller:Intersport Performance
2026-09-15,296,spider,2024,399997,1753,USD,"Phoenix, USA",dealer,2024 Ferrari 296 GTS,https://preowned.ferrari.com/en-US/vehicle/IljixbcgVnJGsKsQfDGsrs9wQvjLHxkE8ofIufsXPmmINclUxxAl6OsO%2BpcR%2BTi7uIYTHCfW%2FxVA2kH%2FtvT1CRi37ulnJX0XYTGBHbxLEg%3D%3D,Ferrari Approved (preowned.ferrari.com),ZFF01SMA4R0311537,Argento Nurburgring,,stock CONSIGNPK296; Stock # CONSIGNPK296; trim: RWD
2026-09-15,296,spider,2024,401676,3007,USD,"West Palm Beach, Florida, USA",dealer,Used 2024 Ferrari 296 GTS Base,https://www.cars.com/vehicledetail/b0981bfd-2524-4abd-9556-9cc7a7515f46/?sid=26051b8a-b147-4b82-82e4-dc207870ddd4,Cars.com,ZFF01SMA4R0311568,Blue,Black,Classic.com asterisk asking; 3k mi displayed; mileage blank (rounded Nk mi); fixed-price; seller:Jaguar Palm Beach; Stock # PA11810A; trim: RWD
2026-09-15,296,spider,2024,409900,105,USD,"Fort Lauderdale, USA",dealer,2024 Ferrari 296 GTS,https://preowned.ferrari.com/en-US/vehicle/IljixbcgVnJGsKsQfDGsrut0KvPypWZQT4zIqp%2FX0Yndf6fZKPDYO4q2Ibqq1yFJuIYTHCfW%2FxVF2kH%2Ft%2FP5Dhy37ulnKH4cbzCHE75JEg%3D%3D,Ferrari Approved (preowned.ferrari.com),ZFF01SMA1R0306943,Nero,,stock FC2771
2026-09-15,296,spider,2024,414352,3367,USD,"Shawnee, Kansas, USA",dealer,Used 2024 Ferrari 296 GTS Base,https://www.cars.com/vehicledetail/1e501e17-b618-4174-9c71-823531124bb0/?attribution_type=isa&sid=26051b8a-b147-4b82-82e4-dc207870ddd4,Cars.com,ZFF01SMA9R0312215,,,Classic.com asterisk asking; 3k mi displayed; mileage blank (rounded Nk mi); fixed-price; seller:Aristocrat Motors
2026-09-15,296,spider,2024,415995,567,USD,"Redwood City, USA",dealer,2024 Ferrari 296 GTS,https://preowned.ferrari.com/en-US/vehicle/IljixbcgVnJGsKsQfDGsriP%2FTv8iQBb4v70YGJiurWTIevJ1lOzhTX9SoutqJv9JuIYTHCfW%2FxVH2kH%2Ft%2Ff5DB%2B37ulnKHodbjeBELdIEA%3D%3D,Ferrari Approved (preowned.ferrari.com),ZFF01SMA3R0302960,Rosso Fuoco,Nero,stock 302960; Stock # CR0302960A; trim: RWD
2026-09-15,296,spider,2024,418603,1059,USD,"West Palm Beach, FL",dealer,Used 2024 Ferrari 296 GTS Base,https://www.cars.com/vehicledetail/a0a4ca8a-1138-4ee8-89a7-ef44af76252e/?attribution_type=isa&sid=26051b8a-b147-4b82-82e4-dc207870ddd4,Cars.com,ZFF01SMA5R0311529,Nero Daytona Metallic,Iroko,Stock # VU-69528A; trim: RWD
2026-09-15,296,spider,2024,425000,349,USD,"Fort Lauderdale, USA",dealer,2024 Ferrari 296 GTS,https://preowned.ferrari.com/en-US/vehicle/IljixbcgVnJGsKsQfDGsrmWzw9J8frBncpUC%2Bwyr9ii90RsqBC7WSOlDc451QtHMuIYTHCfW%2FxVC2kH%2FtvT3CB%2B37ulnK3oabzOMHLpGGQ%3D%3D,Ferrari Approved (preowned.ferrari.com),ZFF01SMA6R0311720,Rosso Corsa,,stock FP7464
2026-09-15,296,spider,2024,432900,329,USD,"Roswell, USA",dealer,2024 Ferrari 296 GTS,https://preowned.ferrari.com/en-US/vehicle/IljixbcgVnJGsKsQfDGsrp9dSHH6tUCjZmdh2dYtccVjlPKwneQMBl%2B2Trh%2Bo%2B%2BeuIYTHCfW%2FxUs2kH%2FtvT3CB237ulnK34ZaTKHF71KFQ%3D%3D,Ferrari Approved (preowned.ferrari.com),ZFF01SMAXR0311722,Blu Corsa,,stock C1472; Classic.com asterisk asking; fixed-price; seller:Maserati of Atlanta; Classic.com asterisk asking; fixed-price; seller:Maserati of Atlanta; Classic.com asterisk asking; fixed-price; seller:Maserati of Atlanta
2026-09-15,296,spider,2024,448147,2463,USD,,dealer,Used 2024 Ferrari 296 GTS Base,https://www.cars.com/vehicledetail/73749d5a-0400-40a0-9f96-b8f987d011ed/?sid=26051b8a-b147-4b82-82e4-dc207870ddd4,Cars.com,ZFF01SMA5R0300840,,,
2026-09-15,296,spider,2024,449147,2064,USD,,dealer,Used 2024 Ferrari 296 GTS Base,https://www.cars.com/vehicledetail/615060a9-b280-4c40-8fc1-d6d413ccaa9b/?sid=26051b8a-b147-4b82-82e4-dc207870ddd4,Cars.com,ZFF01SMAXR0308979,,,
2026-09-15,296,spider,2024,449890,791,USD,"St Louis, USA",dealer,2024 Ferrari 296 GTS,https://preowned.ferrari.com/en-US/vehicle/IljixbcgVnJGsKsQfDGsrqgmZHSdWiqsqpXN2dUYkXZBBpuKqs9VGOXqjMXFyZLguIYTHCfW%2FxVM2kH%2Ft%2FH4Dx637ulnJHQcYDSNFblJGA%3D%3D,Ferrari Approved (preowned.ferrari.com),ZFF01SMA8R0304851,Rosso Formula 1 2007,Nero,stock CPR0304851; Classic.com asterisk asking; fixed-price; seller:Cavallino Rosso St. Louis; Classic.com asterisk asking; fixed-price; seller:Cavallino Rosso St. Louis; Classic.com asterisk asking; fixed-price; seller:Cavallino Rosso St. Louis; Stock # CPR0304851; trim: RWD
2026-09-15,296,spider,2024,449890,89,USD,"St Louis, USA",dealer,2024 Ferrari 296 GTS,https://preowned.ferrari.com/en-US/vehicle/IljixbcgVnJGsKsQfDGsrjm061%2B1wY25t5ScQyZDvAfvQTYJxxTa8lo%2FfXo98k3CuIYTHCfW%2FxVG2kH%2Ft%2FH2Cxe37ulnLnsWbz%2BHEbxJFA%3D%3D,Ferrari Approved (preowned.ferrari.com),ZFF01SMA2R0304618,Verde Kers,Black (Charcoal),stock CPR0304618; Classic.com asterisk asking; fixed-price; seller:Cavallino Rosso St. Louis; Classic.com asterisk asking; fixed-price; seller:Cavallino Rosso St. Louis; Stock # CPR0304618; trim: RWD
2026-09-15,296,spider,2024,455000,1167,USD,"Nashville Davidson County, USA",dealer,2024 Ferrari 296 GTS,https://preowned.ferrari.com/en-US/vehicle/IljixbcgVnJGsKsQfDGsrq9CR6s59ws%2FhEoJFRQURQ3XrAlTsbk8Vx9thmclDRcnuIYTHCfW%2FxVN2kH%2Ft%2F3yDhq37ulnK3wWajKEFr5NEg%3D%3D,Ferrari Approved (preowned.ferrari.com),ZFF01SMA9R0308245,Aluminum Lucido,,stock C308245
2026-09-15,296,spider,2024,469888,880,USD,"Downers Grove, Illinois, USA",dealer,2024 Ferrari 296 GTS,https://www.classic.com/veh/2024-ferrari-296-gts-zff01sma4r0311117-nBxk0Bp/,Classic.com,ZFF01SMA4R0311117,,,Classic.com asterisk asking; fixed-price; seller:Chicago Auto Place
2026-09-15,296,spider,2024,494995,275,USD,"San Antonio BEXAR, USA",dealer,2024 Ferrari 296 GTS,https://preowned.ferrari.com/en-US/vehicle/IljixbcgVnJGsKsQfDGsrlRisrSFWlwr6uYxKpF7Lo5I94Phe3QWV5Ls1V9ckYWNuIYTHCfW%2FxVM2kH%2FtvT3Cxe37ulnJH8caD%2BEErhMEA%3D%3D,Ferrari Approved (preowned.ferrari.com),ZFF01SMA8R0311718,Rosso Corsa Metallizzato,,stock R0311718P
2026-09-15,296,spider,2024,495084,996,USD,"Costa Mesa, California, USA",dealer,Used 2024 Ferrari 296 GTS *ATELIER SPEC * PASSENGER DISPLAY*,https://www.cars.com/vehicledetail/284ef101-bab8-4eb8-81c2-b66a2902ab68/?sid=26051b8a-b147-4b82-82e4-dc207870ddd4,Cars.com,ZFF01SMA2R0311570,,,Classic.com asterisk asking; fixed-price; seller:Eurocar Inc.
2026-09-15,296,spider,2025,389000,2500,USD,"Beverly Hills, USA",dealer,2025 Ferrari 296 GTS,https://preowned.ferrari.com/en-US/vehicle/IljixbcgVnJGsKsQfDGsrrJt35x95G5QmrCZtOpXIw2O8oWsnYDupS1GSBKn98oBuIYTHCfW%2FxVG20H%2FtfT4Dhq37ulnJX0daTSNFLdNFg%3D%3D,Ferrari Approved (preowned.ferrari.com),ZFF01SMA2S0321845,Nero,Pelle Bianca,stock 321845; Classic.com asterisk asking; 2k mi displayed; mileage blank (rounded Nk mi); fixed-price; seller:Ferrari Beverly Hills; Classic.com asterisk asking; 2k mi displayed; mileage blank (rounded Nk mi); fixed-price; seller:Ferrari Beverly Hills; Classic.com asterisk asking; 2k mi displayed; mileage blank (rounded Nk mi); fixed-price; seller:Ferrari Beverly Hills; Classic.com asterisk asking; 2k mi displayed; mileage blank (rounded Nk mi); fixed-price; seller:Ferrari Beverly Hills; Classic.com asterisk asking; 2k mi displayed; mileage blank (rounded Nk mi); fixed-price; seller:Ferrari Beverly Hills; Stock # 321845; trim: RWD
2026-09-15,296,spider,2025,389000,1099,USD,"Fort Lauderdale, USA",dealer,2025 Ferrari 296 GTS,https://preowned.ferrari.com/en-US/vehicle/IljixbcgVnJGsKsQfDGsro389yEm9rHAmEjjakDu69hXa%2FqpvkqzcAivdsU82RFcuIYTHCfW%2FxVD20H%2FtvzyCRu37ulnL30Ybz6DHLhHFg%3D%3D,Ferrari Approved (preowned.ferrari.com),ZFF01SMA7S0319234,Nero,,stock FC2746
2026-09-15,296,spider,2025,389990,1348,USD,"West Hollywood, California, USA",dealer,2025 Ferrari 296 GTS,https://www.classic.com/veh/2025-ferrari-296-gts-zff01sma6s0315675-WvGgaXp/,Classic.com,ZFF01SMA6S0315675,Rosso Corsa,Black (Charcoal),Classic.com asterisk asking; 1k mi displayed; mileage blank (rounded Nk mi); fixed-price; seller:Specialty Car Collection; Stock # 315675; trim: RWD
2026-09-15,296,spider,2025,399999,2667,USD,"San Diego, USA",dealer,2025 Ferrari 296 GTS,https://preowned.ferrari.com/en-US/vehicle/IljixbcgVnJGsKsQfDGsrsPHTtQwbixAZYs5H%2FugLOvUIRTOhfi3EpJ%2Fc8YupQP3uIYTHCfW%2FxUs20H%2FtfX4CBa37ulnJHsYbzOBFrpGEg%3D%3D,Ferrari Approved (preowned.ferrari.com),ZFF01SMAXS0320829,Rosso Dino,Black,stock SD5783P; Classic.com asterisk asking; 2k mi displayed; mileage blank (rounded Nk mi); fixed-price; seller:Ferrari of San Diego; Classic.com asterisk asking; 2k mi displayed; mileage blank (rounded Nk mi); fixed-price; seller:Ferrari of San Diego; Classic.com asterisk asking; 2k mi displayed; mileage blank (rounded Nk mi); fixed-price; seller:Ferrari of San Diego; Classic.com asterisk asking; 2k mi displayed; mileage blank (rounded Nk mi); fixed-price; seller:Ferrari of San Diego; Classic.com asterisk asking; 2k mi displayed; mileage blank (rounded Nk mi); fixed-price; seller:Ferrari of San Diego; Stock # SD5783P; trim: RWD
2026-09-15,296,spider,2025,405985,1100,USD,"Arcadia, CA",dealer,2025 Ferrari 296 GTS,https://www.cargurus.com/details/447396995,CarGurus,ZFF01SMA1S0314921,Red,Black,Stock # 314921; trim: RWD
2026-09-15,296,spider,2025,409585,407,USD,"Edison, USA",dealer,2025 Ferrari 296 GTS,https://preowned.ferrari.com/en-US/vehicle/IljixbcgVnJGsKsQfDGsrvYyI2t6hNafhnBw28SCazTDkYrwq926gJ3lU2RSNZlpuIYTHCfW%2FxVE20H%2FtfDzDB637ulnKnsfbj%2BMELZGGA%3D%3D,Ferrari Approved (preowned.ferrari.com),ZFF01SMA0S0325361,Bianco Cervino,,stock F0325361C
2026-09-15,296,spider,2025,409995,768,USD,"Houston, Texas, USA",dealer,2025 Ferrari 296 GTS,https://www.classic.com/veh/2025-ferrari-296-gts-zff01sma9s0314178-nQBV6OW/,Classic.com,ZFF01SMA9S0314178,[RCD] Rosso Corsa,Brown (Tan),Classic.com asterisk asking; fixed-price; seller:Autodynamics; trim: RWD
2026-09-15,296,spider,2025,415000,3421,USD,"Austin, USA",dealer,2025 Ferrari 296 GTS,https://preowned.ferrari.com/en-US/vehicle/IljixbcgVnJGsKsQfDGsrk82b6BrRVNqNXAwv2lddN27muT%2BU64SDxPLrHjZaOuBuIYTHCfW%2FxVM20H%2FtvzyCha37ulnJX0fbjCEE71NGA%3D%3D,Ferrari Approved (preowned.ferrari.com),ZFF01SMA8S0319209,Nero Daytona,Cuoio,stock 262082A; Stock # 262082A; trim: RWD
2026-09-15,296,spider,2025,416699,849,USD,"Greenwich, USA",dealer,2025 Ferrari 296 GTS,https://preowned.ferrari.com/en-US/vehicle/IljixbcgVnJGsKsQfDGsrvpXyn8b%2Bg%2BKjOq6fY5fujohovI4oGCghMUI5qgy%2Fi6kuIYTHCfW%2FxVM20H%2FtvHyDBi37ulnLHQYazCAFLxIFA%3D%3D,Ferrari Approved (preowned.ferrari.com),ZFF01SMA8S0314267,Bianco Avus,Nero,stock F2822A; Stock # F2822A; trim: RWD
2026-09-15,296,spider,2025,419995,4010,USD,"San Antonio BEXAR, USA",dealer,2025 Ferrari 296 GTS,https://preowned.ferrari.com/en-US/vehicle/IljixbcgVnJGsKsQfDGsrjm%2FaPmfh76D6TIMtjMwWxsryrbJNMjWiL2WvJXfUYwPuIYTHCfW%2FxVG20H%2FtvH0Ahe37uloJHgdaDONEb1HFg%3D%3D,Ferrari Approved (preowned.ferrari.com),ZFF01SMA2S0314488,Aluminum Lucido,,stock S0314488P
2026-09-15,296,spider,2025,420990,156,USD,"Edison, USA",dealer,2025 Ferrari 296 GTS,https://preowned.ferrari.com/en-US/vehicle/IljixbcgVnJGsKsQfDGsriZ5%2F44yExO0hiio%2B4cfJcAU5gjp%2B5YYrgO3cLQJdJ5JuIYTHCfW%2FxVD20H%2FtfT5Ahq37ulnKHUfYDOGEL9IEA%3D%3D,Ferrari Approved (preowned.ferrari.com),ZFF01SMA7S0321985,Rosso Corsa,,stock F0321985C
2026-09-15,296,spider,2025,423999,53,USD,"Costa Mesa, CA",dealer,2025 Ferrari 296 GTS,https://www.cargurus.com/details/435610392,CarGurus,ZFF01SMA2S0317455,Nero Daytona,Orange,Stock # S0317455; trim: RWD
2026-09-15,296,spider,2025,424995,995,USD,"West Palm Beach, USA",dealer,2025 Ferrari 296 GTS,https://preowned.ferrari.com/en-US/vehicle/IljixbcgVnJGsKsQfDGsrr5hvHqjRIO1ivY4QF0oahcjgMjDhPIDsOUZDpvks%2FWjuIYTHCfW%2FxVA20H%2FtvHyCRu37ulnJXwYYTOMELpLFA%3D%3D,Ferrari Approved (preowned.ferrari.com),ZFF01SMA4S0314234,Bianco Avus,,stock S0314234; Classic.com asterisk asking; 1k mi displayed; mileage blank (rounded Nk mi); fixed-price; seller:Ferrari of Palm Beach; Classic.com asterisk asking; 1k mi displayed; mileage blank (rounded Nk mi); fixed-price; seller:Ferrari of Palm Beach; Classic.com asterisk asking; 1k mi displayed; mileage blank (rounded Nk mi); fixed-price; seller:Ferrari of Palm Beach; Classic.com asterisk asking; 1k mi displayed; mileage blank (rounded Nk mi); fixed-price; seller:Ferrari of Palm Beach; Classic.com asterisk asking; 1k mi displayed; mileage blank (rounded Nk mi); fixed-price; seller:Ferrari of Palm Beach
2026-09-15,296,spider,2025,429990,630,USD,"Redwood City, USA",dealer,2025 Ferrari 296 GTS,https://preowned.ferrari.com/en-US/vehicle/IljixbcgVnJGsKsQfDGsrlc7zhnU0sUKb0nrIOVehrk7AzcqQNtxHnG208c01Q91uIYTHCfW%2FxVE20H%2FtfT4Cxy37ulnK38cbDSHEblPFQ%3D%3D,Ferrari Approved (preowned.ferrari.com),ZFF01SMA0S0321813,Bianco Avus,Rosso Ferrari,stock 321813; Stock # TS0321813; trim: RWD
2026-09-15,296,spider,2025,429995,953,USD,"San Antonio BEXAR, USA",dealer,2025 Ferrari 296 GTS,https://preowned.ferrari.com/en-US/vehicle/IljixbcgVnJGsKsQfDGsrlO7ZKrAsvVOWRPegQt20DmlFX3N0eU1ogriNHh%2FPKScuIYTHCfW%2FxVA20H%2FtfDwCRe37ulnKngfazeEELlPFQ%3D%3D,Ferrari Approved (preowned.ferrari.com),ZFF01SMA4S0325038,Rosso Monza,Nero,stock S0325038P; Stock # S0325038P; trim: RWD
2026-09-15,296,spider,2025,436125,1514,USD,"Plano, USA",dealer,2025 Ferrari 296 GTS,https://preowned.ferrari.com/en-US/vehicle/IljixbcgVnJGsKsQfDGsrj18zDGke%2BqtLo8A8bBDUtVK4ZMNwVxx0PEVpwYNDU2uuIYTHCfW%2FxVN20H%2Ftvz3DR%2B37uloJHgdaDCDF7hIGQ%3D%3D,Ferrari Approved (preowned.ferrari.com),ZFF01SMA9S0319770,Rosso Mugello,Nero,stock Z0319770; Classic.com asterisk asking; 1k mi displayed; mileage blank (rounded Nk mi); fixed-price; seller:Maserati of Plano; Classic.com asterisk asking; 1k mi displayed; mileage blank (rounded Nk mi); fixed-price; seller:Maserati of Plano; Stock # Z0319770; trim: RWD
2026-09-15,296,spider,2025,439795,178,USD,"WILLIAMSVILLE, USA",dealer,2025 Ferrari 296 GTS,https://preowned.ferrari.com/en-US/vehicle/IljixbcgVnJGsKsQfDGsrnI2lIolnnC4p0fVG3mNPUQxbO2ZIUBWx7IW1oPIxTR%2FuIYTHCfW%2FxVD20H%2Ftv31Axe37ulnKnwdazeBF7dPEQ%3D%3D,Ferrari Approved (preowned.ferrari.com),ZFF01SMA7S0318598,Bianco Avus,,stock UP0333A; Classic.com asterisk asking; fixed-price; seller:Maranello Maserati Of Western New York; Classic.com asterisk asking; fixed-price; seller:Maranello Maserati Of Western New York
2026-09-15,296,spider,2025,439988,321,USD,"Sterling, USA",dealer,2025 Ferrari 296 GTS,https://preowned.ferrari.com/en-US/vehicle/IljixbcgVnJGsKsQfDGsrsgqGDv1G56RwkBJHEdqdtrpcwTBA%2Brcu53tzydjISzauIYTHCfW%2FxVH20H%2FtvL3DBa37ulnJHkdbTWBHblIEg%3D%3D,Ferrari Approved (preowned.ferrari.com),ZFF01SMA3S0317769,Nero Daytona,Brown,stock CFF3532; Stock # CFF3532; trim: RWD
2026-09-15,296,spider,2025,450699,1184,USD,"Greenwich, USA",dealer,2025 Ferrari 296 GTS,https://preowned.ferrari.com/en-US/vehicle/IljixbcgVnJGsKsQfDGsrjjS77D0hoPZhTKaRqN0lbQ8oCRAvnckHflLB6CmPDExuIYTHCfW%2FxUs20H%2FtvzxCBa37uloJHgdaDCGEblNFQ%3D%3D,Ferrari Approved (preowned.ferrari.com),ZFF01SMAXS0319129,Bianco Cervino,,stock 52266
2026-09-15,296,spider,2025,469888,222,USD,"Edison, USA",dealer,2025 Ferrari 296 GTS,https://preowned.ferrari.com/en-US/vehicle/IljixbcgVnJGsKsQfDGsrojZlSfaYKFzAxm9YJMbl1NFBt8JYhXKgeIvwXsy962MuIYTHCfW%2FxVN20H%2FtfTwDhe37ulnJXwfYTCFF7hLEg%3D%3D,Ferrari Approved (preowned.ferrari.com),ZFF01SMA9S0321048,Extra Sample,,stock F0321048C
2026-09-15,296,spider,2025,475000,,USD,"New York, New York, USA",private,2025 Ferrari 296 GTS Tailor Made,https://www.classic.com/veh/2025-ferrari-296-gts-tailor-made-zff01sma2s0319044-476o5Bp/,Classic.com,ZFF01SMA2S0319044,,,Classic.com asterisk asking; 1k mi displayed; mileage blank (rounded Nk mi); fixed-price; seller:Private Seller
2026-09-15,296,spider,2025,489990,851,USD,"Houston, USA",dealer,2025 Ferrari 296 GTS,https://preowned.ferrari.com/en-US/vehicle/IljixbcgVnJGsKsQfDGsroTos2Hbte9hgzj3n%2BHyrYdSq2UFJT4eNfmKc1bjKHGcuIYTHCfW%2FxVA20H%2FtvL4DRm37ulnLHkYazeHFb5KEg%3D%3D,Ferrari Approved (preowned.ferrari.com),ZFF01SMA4S0317876,Bianco Italia Opaco,,stock ZS0317876
2026-09-15,296,spider,2025,490699,1044,USD,"Greenwich, USA",dealer,2025 Ferrari 296 GTS,https://preowned.ferrari.com/en-US/vehicle/IljixbcgVnJGsKsQfDGsrsncxffvIbzYIjq9fPYQSf4qL8m8L%2BMVE9p0ysl4M9%2FduIYTHCfW%2FxVF20H%2FtvL5Ch237ulnKHUZazCNFbtIFQ%3D%3D,Ferrari Approved (preowned.ferrari.com),ZFF01SMA1S0317902,Extra Sample,,stock 52313
2026-09-15,296,spider,2025,549000,59,USD,"Newtown Square Bryn Mawr, USA",dealer,2025 Ferrari 296 GTS,https://preowned.ferrari.com/en-US/vehicle/IljixbcgVnJGsKsQfDGsrjQqq6%2Fq4i5GLSsmDTalCYUMvBilHt53rU8Ufuh4x3gluIYTHCfW%2FxVN20H%2Ftff2CRm37ulnK3QcbT6ME71JEg%3D%3D,Ferrari Approved (preowned.ferrari.com),ZFF01SMA9S0322636,Bianco Fuji,,stock S0322636
2026-09-15,296,spider,2025,549000,792,USD,"Thousand Oaks, USA",dealer,2025 Ferrari 296 GTS,https://preowned.ferrari.com/en-US/vehicle/IljixbcgVnJGsKsQfDGsrlh79G8sLe19cPEK0njC5leZOdMhbzBjV77Jzbu6HU0UuIYTHCfW%2FxVA20H%2Ftfb2Ch%2B37uloJXofbDGEHLxNEQ%3D%3D,Ferrari Approved (preowned.ferrari.com),ZFF01SMA4S0323600,Verde Pino 18,,stock 323600
2026-09-15,296,spider,2025,549000,792,USD,"Thousand Oaks, California, USA",dealer,2025 Ferrari 296 GTS Assetto Fiorano,https://www.classic.com/veh/2025-ferrari-296-gts-assetto-fiorano-zff01sma4s032-4rvPal4/,Classic.com,,,,Classic.com asterisk asking; fixed-price; seller:Ferrari Westlake; Assetto Fiorano
2026-09-15,296,spider,2026,423996,1745,USD,"Costa Mesa, CA",dealer,2026 Ferrari 296 GTS,https://www.cargurus.com/details/458379573,CarGurus,ZFF01SMA3T0327462,Green,Brown,Stock # 054; trim: RWD
2026-09-15,296,spider,2026,429900,101,USD,"Fort Lauderdale, USA",dealer,2026 Ferrari 296 GTS,https://preowned.ferrari.com/en-US/vehicle/IljixbcgVnJGsKsQfDGsrnfRcpIOnGhPo6OMrIOBh6tc9702bKwxyB6TOUZ9X2z9uIYTHCfW%2FxVE3EH%2FtfzyDRa37ulnK30eajKAEbZIEg%3D%3D,Ferrari Approved (preowned.ferrari.com),ZFF01SMA0T0329279,Argento Nurburgring,,stock FC2816; Classic.com asterisk asking; fixed-price; seller:Ferrari of Fort Lauderdale; Classic.com asterisk asking; fixed-price; seller:Ferrari of Fort Lauderdale; Classic.com asterisk asking; fixed-price; seller:Ferrari of Fort Lauderdale; Classic.com asterisk asking; fixed-price; seller:Ferrari of Fort Lauderdale; Classic.com asterisk asking; fixed-price; seller:Ferrari of Fort Lauderdale
2026-09-15,296,spider,2026,429988,498,USD,"Sterling, USA",dealer,2026 Ferrari 296 GTS,https://preowned.ferrari.com/en-US/vehicle/IljixbcgVnJGsKsQfDGsri%2BaNxcz7%2BJuUZMQ08Rl%2FSFIKE4fRAu4fq2LdksMP2aEuIYTHCfW%2FxUs3EH%2FtPXxCRy37ulnJX0ebTGBHb9LFg%3D%3D,Ferrari Approved (preowned.ferrari.com),ZFF01SMAXT0330133,Bianco Avus,,stock FF1345A
2026-09-15,296,spider,2026,444495,228,USD,"Edison, USA",dealer,2026 Ferrari 296 GTS,https://preowned.ferrari.com/en-US/vehicle/IljixbcgVnJGsKsQfDGsrq8EpQsoUnF0Q4M9U0sONaqnioM%2BKNaZF%2FlxcuQCqCqpuIYTHCfW%2FxVD3EH%2FtfP2Dh%2B37ulnKnkcaj%2BBF7pOEQ%3D%3D,Ferrari Approved (preowned.ferrari.com),ZFF01SMA7T0326640,Bianco Cervino,,stock F0326640C
2026-09-15,296,spider,2026,469995,377,USD,"Naples, USA",dealer,2026 Ferrari 296 GTS,https://preowned.ferrari.com/en-US/vehicle/IljixbcgVnJGsKsQfDGsroUjw3B8eRSnM7ia6DHohRBmpiril1c1PQGAo9%2FN5WhJuIYTHCfW%2FxVN3EH%2FtfD2Dha37ulnKnoabD6MFrZJFg%3D%3D,Ferrari Approved (preowned.ferrari.com),ZFF01SMA9T0325649,Azzurro California,,stock FN540A; Classic.com asterisk asking; fixed-price; seller:Ferrari of Naples; Classic.com asterisk asking; fixed-price; seller:Ferrari of Naples; Classic.com asterisk asking; fixed-price; seller:Ferrari of Naples; Classic.com asterisk asking; fixed-price; seller:Ferrari of Naples; Classic.com asterisk asking; fixed-price; seller:Ferrari of Naples
2026-09-15,812,coupe,2018,429900,46273,USD,"Dallas, TX",dealer,2018 Ferrari 812,https://www.cargurus.com/details/456429074,CarGurus,ZFF83CLA8J0233630,,Brown (Tan),Stock # MJ0233630; trim: Superfast RWD
2026-09-15,812,coupe,2018,450373,16916,USD,"Joliet, IL",dealer,Used 2018 Ferrari 812 Superfast Base,https://www.cars.com/vehicledetail/a7cd852d-58ca-4f56-970c-0cac07a240e5/?sid=0845a619-c37b-4aa4-bd5e-77a08eb86df2,Cars.com,ZFF83CLA1J0234635,Rosso Corsa,Nero,Stock # 10632; trim: Superfast RWD
2026-09-15,812,coupe,2018,459900,22328,USD,"Norwood, USA",dealer,2018 Ferrari 812 Superfast,https://preowned.ferrari.com/en-US/vehicle/IljixbcgVnJGsKsQfDGsrgQUAaIk0Eh%2BG4pR%2BaANFJ1zRGIDoWqgT7HBqN%2B3oq0quIYTFCXG%2FhVEwkH%2BtPLxDh%2B37ulnKXQZaDOGFLdPEQ%3D%3D,Ferrari Approved (preowned.ferrari.com),ZFF83CLA0J0237140,Rosso Corsa,Black,stock P32464; Classic.com asterisk asking; 22k mi displayed; mileage blank (rounded Nk mi); fixed-price; seller:Boch Exotics; Classic.com asterisk asking; 22k mi displayed; mileage blank (rounded Nk mi); fixed-price; seller:Boch Exotics; Stock # P32464; trim: Superfast RWD
2026-09-15,812,coupe,2018,488650,22064,USD,"Salt Lake City, USA",dealer,2018 Ferrari 812 Superfast,https://preowned.ferrari.com/en-US/vehicle/IljixbcgVnJGsKsQfDGsrl2qlgTRm%2B3uVOQd3ABR7Pai5KkuVLXOMOaEndP13JopuIYTFCXG%2FhVNwkH%2BtPfzCx637ulnKnUcYT%2BCFblKFQ%3D%3D,Ferrari Approved (preowned.ferrari.com),ZFF83CLA9J0232311,Bianco Avus,,stock J0232311W
2026-09-15,812,coupe,2018,499900,20226,USD,"Norwood, USA",dealer,2018 Ferrari 812 Superfast,https://preowned.ferrari.com/en-US/vehicle/IljixbcgVnJGsKsQfDGsrnaLiF7Elo1uiwdE3MtKMI9iApBXZJktcvBe6nSguen6uIYTFCXG%2FhVHwkH%2BtPbxCBa37ulnKXkZaDCEHb9GEw%3D%3D,Ferrari Approved (preowned.ferrari.com),ZFF83CLA3J0233129,Rosso Corsa,Rosso Ferrari,stock P32521; Classic.com asterisk asking; 20k mi displayed; mileage blank (rounded Nk mi); fixed-price; seller:Boch Exotics; Classic.com asterisk asking; 20k mi displayed; mileage blank (rounded Nk mi); fixed-price; seller:Boch Exotics; Stock # P32521; trim: Superfast RWD
2026-09-15,812,coupe,2018,519900,17834,USD,,dealer,Used 2018 Ferrari 812 Superfast Base,https://www.cars.com/vehicledetail/359f2df5-2460-43dc-849d-34541f079b7a/?sid=0845a619-c37b-4aa4-bd5e-77a08eb86df2,Cars.com,ZFF83CLA3J0233146,,,
2026-09-15,812,coupe,2018,539998,17333,USD,,dealer,Used 2018 Ferrari 812 Superfast Base,https://www.cars.com/vehicledetail/243566b6-c0b3-476c-bf6c-8cc6ab131efa/?sid=0845a619-c37b-4aa4-bd5e-77a08eb86df2,Cars.com,ZFF83CLA9J0233121,,,
2026-09-15,812,coupe,2018,545888,12060,USD,"Edison, USA",dealer,2018 Ferrari 812 Superfast,https://preowned.ferrari.com/en-US/vehicle/IljixbcgVnJGsKsQfDGsrjz8%2Fjfcz030i3u7E5%2FC2luSh2L7VLW4as%2F2dQGFHaPXuIYTFCXG%2FhVNwkH%2BtPPxAh637ulnK3odaTCCHbdIGA%3D%3D,Ferrari Approved (preowned.ferrari.com),ZFF83CLA9J0236181,Nero,,stock F0236181TA
2026-09-15,812,coupe,2018,549990,13689,USD,"Houston, USA",dealer,2018 Ferrari 812 Superfast,https://preowned.ferrari.com/en-US/vehicle/IljixbcgVnJGsKsQfDGsrsN4tAnVQE3HwAF28%2F7ZAFF6a4H%2FDhlief9bSaID0fKzuIYTFCXG%2FhVCwkH%2BtPbxChe37ulnKX8bbzaHFbZHFA%3D%3D,Ferrari Approved (preowned.ferrari.com),ZFF83CLA6J0233108,Rosso Corsa,,stock ZJ0233108
2026-09-15,812,coupe,2018,579890,5930,USD,"St Louis, USA",dealer,2018 Ferrari 812 Superfast,https://preowned.ferrari.com/en-US/vehicle/IljixbcgVnJGsKsQfDGsroZ7SLaf6xNE7WlUYTIoX8qmt40Mvxz%2B4dzT%2FjMW7XoQuIYTFCXG%2FhVBwkH%2BtPf0Axi37ulnJHkdbTKAFr1JEw%3D%3D,Ferrari Approved (preowned.ferrari.com),ZFF83CLA5J0232497,Nero Daytona,,stock CPJ0232497; Classic.com asterisk asking; 5k mi displayed; mileage blank (rounded Nk mi); fixed-price; seller:Cavallino Rosso St. Louis; Classic.com asterisk asking; 5k mi displayed; mileage blank (rounded Nk mi); fixed-price; seller:Cavallino Rosso St. Louis
2026-09-15,812,coupe,2018,599900,7800,USD,"Addison, Texas, USA",dealer,2018 Ferrari 812 Superfast,https://www.classic.com/veh/2018-ferrari-812-superfast-zff83cla8j0235703-nQN7MNW/,Classic.com,ZFF83CLA8J0235703,,,Classic.com asterisk asking; 7k mi displayed; mileage blank (rounded Nk mi); fixed-price; seller:Tactical Fleet Dallas; Stock # MJ0235703; trim: Superfast RWD
2026-09-15,812,coupe,2018,599995,6734,USD,"Beverly Hills, California, USA",dealer,Used 2018 Ferrari 812 Superfast Base,https://www.cars.com/vehicledetail/60209e11-8e5f-4515-8b62-f79fb77ded2e/?attribution_type=isa&sid=0845a619-c37b-4aa4-bd5e-77a08eb86df2,Cars.com,ZFF83CLA9J0237654,,,Classic.com asterisk asking; 6k mi displayed; mileage blank (rounded Nk mi); fixed-price; seller:TBTFW
2026-09-15,812,coupe,2018,616888,,USD,"San Luis Obispo, California, USA",dealer,2018 Ferrari 812 Superfast,https://www.classic.com/veh/2018-ferrari-812-superfast-zff83cla2j0232490-p6mJNGW/,Classic.com,ZFF83CLA2J0232490,,,Classic.com asterisk asking; 6k mi displayed; mileage blank (rounded Nk mi); fixed-price; seller:Porsche San Luis Obispo
2026-09-15,812,coupe,2018,620699,3355,USD,"Greenwich, USA",dealer,2018 Ferrari 812 Superfast,https://preowned.ferrari.com/en-US/vehicle/IljixbcgVnJGsKsQfDGsrsbtoEauHY4RoHqTinrVAs8em8re6chUUIDJ7VB5RjtxuIYTFCXG%2FhVMwkH%2BtPH4Cha37ulnLnUXbz6BFrpPFg%3D%3D,Ferrari Approved (preowned.ferrari.com),ZFF83CLA8J0234809,Rosso 70 Anni,,stock 52306
2026-09-15,812,coupe,2018,659895,6994,USD,"West Palm Beach, USA",dealer,2018 Ferrari 812 Superfast,https://preowned.ferrari.com/en-US/vehicle/IljixbcgVnJGsKsQfDGsrtrN9VFhcAu0isJriVtL%2FNXqEfWSo1%2FLEBA8%2BcA1DruluIYTFCXG%2FhVDwkH%2BtPH4Cxi37ulnKnUcYTOBE71LFQ%3D%3D,Ferrari Approved (preowned.ferrari.com),ZFF83CLA7J0234817,Rosso Fuoco,,stock F1465A; Classic.com asterisk asking; 7k mi displayed; mileage blank (rounded Nk mi); fixed-price; seller:Ferrari of Palm Beach; Classic.com asterisk asking; 7k mi displayed; mileage blank (rounded Nk mi); fixed-price; seller:Ferrari of Palm Beach; Classic.com asterisk asking; 7k mi displayed; mileage blank (rounded Nk mi); fixed-price; seller:Ferrari of Palm Beach; Classic.com asterisk asking; 7k mi displayed; mileage blank (rounded Nk mi); fixed-price; seller:Ferrari of Palm Beach; Classic.com asterisk asking; 7k mi displayed; mileage blank (rounded Nk mi); fixed-price; seller:Ferrari of Palm Beach
2026-09-15,812,coupe,2019,380373,33168,USD,"Joliet, IL",dealer,Used 2019 Ferrari 812 Superfast Base,https://www.cars.com/vehicledetail/e4802edb-797d-4d6f-922c-1b94dc0f63e3/?sid=0845a619-c37b-4aa4-bd5e-77a08eb86df2,Cars.com,ZFF83CLAXK0246994,Rosso Corsa,Nero,Stock # 10411; trim: Superfast RWD
2026-09-15,812,coupe,2019,449995,11879,USD,"Tampa, Florida, USA",dealer,2019 Ferrari 812 Superfast,https://www.classic.com/veh/2019-ferrari-812-superfast-zff83cla3k0238705-nwORovn/,Classic.com,ZFF83CLA3K0238705,Red,Black,Classic.com asterisk asking; 11k mi displayed; mileage blank (rounded Nk mi); fixed-price; seller:European Exotic Center - Tampa; Stock # T38705; trim: Superfast RWD
2026-09-15,812,coupe,2019,450373,23467,USD,"Joliet, IL",dealer,Used 2019 Ferrari 812 Superfast Base,https://www.cars.com/vehicledetail/d1d5f3fa-087d-4c74-ab5f-872bde49d6fd/?sid=0845a619-c37b-4aa4-bd5e-77a08eb86df2,Cars.com,ZFF83CLAXK0246235,Nero DS 1250,Nero,Stock # 10725; trim: Superfast RWD
2026-09-15,812,coupe,2019,470799,16496,USD,"Hollywood, Florida, USA",dealer,Used 2019 Ferrari 812 Superfast Base,https://www.cars.com/vehicledetail/12d0e0a1-8aaf-4e33-b740-46eac72b2498/?sid=0845a619-c37b-4aa4-bd5e-77a08eb86df2,Cars.com,ZFF83CLA7K0247990,Giallo Modena,Black,Classic.com asterisk asking; 16k mi displayed; mileage blank (rounded Nk mi); fixed-price; seller:Gravity Autos Hollywood; Stock # 247990; trim: Superfast RWD
2026-09-15,812,coupe,2019,471398,9380,USD,"Fort Lauderdale, Florida, USA",dealer,Used 2019 Ferrari 812 Superfast Base,https://www.cars.com/vehicledetail/a44c85f9-758e-444f-b267-285d5a6a402d/?sid=0845a619-c37b-4aa4-bd5e-77a08eb86df2,Cars.com,ZFF83CLA6K0245275,Gray,Blue/Black,Classic.com asterisk asking; 9k mi displayed; mileage blank (rounded Nk mi); fixed-price; seller:TxT Charlie; Stock # 7508; trim: Superfast RWD
2026-09-15,812,coupe,2019,502445,24962,USD,"Fort Lauderdale, Florida, USA",dealer,2019 Ferrari 812 Superfast,https://www.classic.com/veh/2019-ferrari-812-superfast-zff83cla4k0239572-p6m6OOW/,Classic.com,ZFF83CLA4K0239572,Black,Red,Classic.com asterisk asking; 24k mi displayed; mileage blank (rounded Nk mi); fixed-price; seller:Boutique Auto Haus Llc; Stock # 239572; trim: Superfast RWD
2026-09-15,812,coupe,2019,510785,17248,USD,,dealer,Used 2019 Ferrari 812 Superfast Base,https://www.cars.com/vehicledetail/8debe6bd-9842-4ae8-9d5a-fd57bc287731/?sid=0845a619-c37b-4aa4-bd5e-77a08eb86df2,Cars.com,ZFF83CLA4K0246604,,,
2026-09-15,812,coupe,2019,518765,,USD,"Carrollton, Texas, USA",dealer,2019 Ferrari 812 Superfast,https://www.classic.com/veh/2019-ferrari-812-superfast-zff83cla4k0240446-n8MrZjW/,Classic.com,ZFF83CLA4K0240446,,,Classic.com asterisk asking; 19k mi displayed; mileage blank (rounded Nk mi); fixed-price; seller:One Legacy Motors
2026-09-15,812,coupe,2019,519888,,USD,"Round Rock, Texas, USA",dealer,2019 Ferrari 812 Superfast,https://www.classic.com/veh/2019-ferrari-812-superfast-zff83cla4k0241063-n1klYrp/,Classic.com,ZFF83CLA4K0241063,,,Classic.com asterisk asking; 15k mi displayed; mileage blank (rounded Nk mi); fixed-price; seller:Mark Motors Austin
2026-09-15,812,coupe,2019,544581,10138,USD,,dealer,Used 2019 Ferrari 812 Superfast Base,https://www.cars.com/vehicledetail/8113d61d-7f0a-423a-ab41-b064f02f7ec1/?sid=0845a619-c37b-4aa4-bd5e-77a08eb86df2,Cars.com,ZFF83CLA7K0241252,,,
2026-09-15,812,coupe,2019,569900,12929,USD,"Norwood, USA",dealer,2019 Ferrari 812 Superfast,https://preowned.ferrari.com/en-US/vehicle/IljixbcgVnJGsKsQfDGsrrNqFOgmrAvLJsDm3OSmW29CyLfsWF8Dc0jFQ%2FVwXxPbuIYTFCXG%2FhUsw0H%2Bs%2Ff4Axq37ulnKHQXazKCF7tPEQ%3D%3D,Ferrari Approved (preowned.ferrari.com),ZFF83CLAXK0242895,Canna di Fucile,,stock P32519; Classic.com asterisk asking; 12k mi displayed; mileage blank (rounded Nk mi); fixed-price; seller:Boch Exotics; Classic.com asterisk asking; 12k mi displayed; mileage blank (rounded Nk mi); fixed-price; seller:Boch Exotics
2026-09-15,812,coupe,2019,569995,16652,USD,,dealer,Used 2019 Ferrari 812 Superfast Base,https://www.cars.com/vehicledetail/3ab232ba-5939-4f48-bb71-ddc811d5e6a0/?attribution_type=p_one&sid=0845a619-c37b-4aa4-bd5e-77a08eb86df2,Cars.com,ZFF83CLA3K0245024,,,
2026-09-15,812,coupe,2019,574700,3262,USD,"Plainview, USA",dealer,2019 Ferrari 812 Superfast,https://preowned.ferrari.com/en-US/vehicle/IljixbcgVnJGsKsQfDGsrjsZvBwfoSxSt%2FyrL8kWQTp26fx47jwCkCnQ4nmYVkrYuIYTFCXG%2FhVAw0H%2Bs%2FDyAx637ulnKHQbaTaMEb1PGA%3D%3D,Ferrari Approved (preowned.ferrari.com),ZFF83CLA4K0245291,Rosso Corsa,,stock K0245291
2026-09-15,812,coupe,2019,579890,8073,USD,"St Louis, USA",dealer,2019 Ferrari 812 Superfast,https://preowned.ferrari.com/en-US/vehicle/IljixbcgVnJGsKsQfDGsrhLyhBhtBqY%2BwSzpL0xCMPThppLz8zEV%2BQR1QLTmwh6guIYTFCXG%2FhUsw0H%2Bs%2FT5Dxm37ulnJH4caDSME7lMGQ%3D%3D,Ferrari Approved (preowned.ferrari.com),ZFF83CLAXK0241956,Grigio Silverstone,,stock CTK0241956; Classic.com asterisk asking; 8k mi displayed; mileage blank (rounded Nk mi); fixed-price; seller:Cavallino Rosso St. Louis
2026-09-15,812,coupe,2019,581398,12526,USD,"Spring Valley Rockland County New York, USA",dealer,2019 Ferrari 812 Superfast,https://preowned.ferrari.com/en-US/vehicle/IljixbcgVnJGsKsQfDGsrvxmRDliYWSuNiBqkq54DfuSJR7eC%2BKVj5bKmaRmYygjuIYTFCXG%2FhUsw0H%2Bs%2FX0Dha37ulnK30aazGDHbpGFg%3D%3D,Ferrari Approved (preowned.ferrari.com),ZFF83CLAXK0240449,Rosso Corsa,,stock FM4603; Classic.com asterisk asking; 12k mi displayed; mileage blank (rounded Nk mi); fixed-price; seller:Wide World Ferrari; Classic.com asterisk asking; 12k mi displayed; mileage blank (rounded Nk mi); fixed-price; seller:Wide World Ferrari; Classic.com asterisk asking; 12k mi displayed; mileage blank (rounded Nk mi); fixed-price; seller:Wide World Ferrari; Classic.com asterisk asking; 12k mi displayed; mileage blank (rounded Nk mi); fixed-price; seller:Wide World Ferrari; Classic.com asterisk asking; 12k mi displayed; mileage blank (rounded Nk mi); fixed-price; seller:Wide World Ferrari
2026-09-15,812,coupe,2019,584900,,USD,"Costa Mesa, California, USA",dealer,2019 Ferrari 812 Superfast,https://www.classic.com/veh/2019-ferrari-812-superfast-zff83cla7k0241493-n1GwAVp/,Classic.com,ZFF83CLA7K0241493,,,Classic.com asterisk asking; 12k mi displayed; mileage blank (rounded Nk mi); fixed-price; seller:iLusso Costa Mesa
2026-09-15,812,coupe,2019,584994,6381,USD,"Palm Springs, California, USA",dealer,2019 Ferrari 812 Superfast Base,https://www.classic.com/veh/2019-ferrari-812-superfast-base-zff83cla6k0238536-47rZYOp/,Classic.com,ZFF83CLA6K0238536,Rosso Corsa,Cuoio,Classic.com asterisk asking; 6k mi displayed; mileage blank (rounded Nk mi); fixed-price; seller:Porsche Palm Springs; Stock # PK0238536; trim: Superfast RWD
2026-09-15,812,coupe,2019,599900,6364,USD,"Boca Raton, USA",dealer,2019 Ferrari 812 Superfast,https://preowned.ferrari.com/en-US/vehicle/IljixbcgVnJGsKsQfDGsrkDMq%2BOqitZEw1vCJ6%2FdJ1Iw5zVggFWkBHU6iEJL1N8nuIYTFCXG%2FhVGw0H%2Bs%2FX0Dhq37ulnJX0cYTGDEbtMFg%3D%3D,Ferrari Approved (preowned.ferrari.com),ZFF83CLA2K0240445,Bianco Avus,,stock BP1100
2026-09-15,812,coupe,2019,599900,,USD,"Addison, Texas, USA",dealer,2019 Ferrari 812 Superfast,https://www.classic.com/veh/2019-ferrari-812-superfast-zff83cla9k0246243-pdMO3R4/,Classic.com,ZFF83CLA9K0246243,,,Classic.com asterisk asking; 7k mi displayed; mileage blank (rounded Nk mi); fixed-price; seller:Exotic World Motor Cars
2026-09-15,812,coupe,2019,601125,6634,USD,"Plano, USA",dealer,2019 Ferrari 812 Superfast,https://preowned.ferrari.com/en-US/vehicle/IljixbcgVnJGsKsQfDGsrvCeHQZeNVmqIMYYcxpxdAetxMOpXCYUmGlmEn9yk4FzuIYTFCXG%2FhVAw0H%2Bs%2FP2CB637ulnK3UebzSDE75HEA%3D%3D,Ferrari Approved (preowned.ferrari.com),ZFF83CLA4K0246621,Blu Tour De France,,stock Z0246621; Classic.com asterisk asking; 6k mi displayed; mileage blank (rounded Nk mi); fixed-price; seller:Maserati of Plano
2026-09-15,812,coupe,2019,610988,4272,USD,"Naples, FL",dealer,Used 2019 Ferrari 812 Superfast Base,https://www.cars.com/vehicledetail/7e70d4eb-b2a9-42be-963c-41b7080beecf/?sid=0845a619-c37b-4aa4-bd5e-77a08eb86df2,Cars.com,ZFF83CLA4K0242326,Black,Black,Stock # 11841; trim: Superfast RWD
2026-09-15,812,coupe,2019,619000,2482,USD,"Thousand Oaks, USA",dealer,2019 Ferrari 812 Superfast,https://preowned.ferrari.com/en-US/vehicle/IljixbcgVnJGsKsQfDGsrjCzW6L6Q3zcJZOokEwQGtNmCkZutiumoHwEuOOjuv%2F0uIYTFCXG%2FhVMw0H%2Bs%2F3xCR637ulnK34YbDaGFL1JFg%3D%3D,Ferrari Approved (preowned.ferrari.com),ZFF83CLA8K0248131,Grigio Silverstone,,stock 248131; Classic.com asterisk asking; 2k mi displayed; mileage blank (rounded Nk mi); fixed-price; seller:Ferrari Los Angeles; Classic.com asterisk asking; 2k mi displayed; mileage blank (rounded Nk mi); fixed-price; seller:Ferrari Los Angeles; Classic.com asterisk asking; 2k mi displayed; mileage blank (rounded Nk mi); fixed-price; seller:Ferrari Los Angeles; Classic.com asterisk asking; 2k mi displayed; mileage blank (rounded Nk mi); fixed-price; seller:Ferrari Los Angeles; Classic.com asterisk asking; 2k mi displayed; mileage blank (rounded Nk mi); fixed-price; seller:Ferrari Los Angeles
2026-09-15,812,coupe,2019,620000,7859,USD,"San Diego, USA",dealer,2019 Ferrari 812 Superfast,https://preowned.ferrari.com/en-US/vehicle/IljixbcgVnJGsKsQfDGsrqPsdQa76ZG4QTcoHqUsOGCOes44WvlLivde1fZ%2FompBuIYTFCXG%2FhVHw0H%2Bs%2FT2Axe37ulnJH4caDWGF7ZJFA%3D%3D,Ferrari Approved (preowned.ferrari.com),ZFF83CLA3K0241698,Nero,,stock SD5781P; Classic.com asterisk asking; 7k mi displayed; mileage blank (rounded Nk mi); fixed-price; seller:Ferrari of San Diego; Classic.com asterisk asking; 7k mi displayed; mileage blank (rounded Nk mi); fixed-price; seller:Ferrari of San Diego; Classic.com asterisk asking; 7k mi displayed; mileage blank (rounded Nk mi); fixed-price; seller:Ferrari of San Diego; Classic.com asterisk asking; 7k mi displayed; mileage blank (rounded Nk mi); fixed-price; seller:Ferrari of San Diego; Classic.com asterisk asking; 7k mi displayed; mileage blank (rounded Nk mi); fixed-price; seller:Ferrari of San Diego
2026-09-15,812,coupe,2019,636888,5138,USD,"Naples, USA",dealer,2019 Ferrari 812 Superfast,https://preowned.ferrari.com/en-US/vehicle/IljixbcgVnJGsKsQfDGsrkU0nQiQ3nuBYJcnkf4gdpnOH4R8Ng5jiTUeytb9G%2BL4uIYTFCXG%2FhVFw0H%2Bs%2FfzCxm37ulnKX0aazODELxJGA%3D%3D,Ferrari Approved (preowned.ferrari.com),ZFF83CLA1K0242316,Grigio Silverstone,,stock PN1272; Classic.com asterisk asking; 5k mi displayed; mileage blank (rounded Nk mi); fixed-price; seller:Ferrari of Naples; Classic.com asterisk asking; 5k mi displayed; mileage blank (rounded Nk mi); fixed-price; seller:Ferrari of Naples; Classic.com asterisk asking; 5k mi displayed; mileage blank (rounded Nk mi); fixed-price; seller:Ferrari of Naples; Classic.com asterisk asking; 5k mi displayed; mileage blank (rounded Nk mi); fixed-price; seller:Ferrari of Naples; Classic.com asterisk asking; 5k mi displayed; mileage blank (rounded Nk mi); fixed-price; seller:Ferrari of Naples
2026-09-15,812,coupe,2019,649990,3151,USD,"Houston, USA",dealer,2019 Ferrari 812 Superfast,https://preowned.ferrari.com/en-US/vehicle/IljixbcgVnJGsKsQfDGsrkyR4C43Nny72EwhdnQnIkZB90SWwSgudsrKPMAhcYsruIYTFCXG%2FhVBw0H%2Bs%2FPyCRe37ulnKHoWajWFHbpIEA%3D%3D,Ferrari Approved (preowned.ferrari.com),ZFF83CLA5K0246238,Bianco Avus,,stock ZK0246238
2026-09-15,812,coupe,2019,688625,,USD,"Carrollton, Texas, USA",dealer,2019 Ferrari 812 Superfast,https://www.classic.com/veh/2019-ferrari-812-superfast-zff83cla6k0243316-4V7ZgVn/,Classic.com,ZFF83CLA6K0243316,,,Classic.com asterisk asking; 3k mi displayed; mileage blank (rounded Nk mi); fixed-price; seller:Earth MotorCars
2026-09-15,812,coupe,2019,725076,163,USD,"Greensboro, USA",dealer,2019 Ferrari 812 Superfast,https://preowned.ferrari.com/en-US/vehicle/IljixbcgVnJGsKsQfDGsrtqg9h6u0xdfeR0AcB1roQYI0LZeOMgCcaiK6SuxS1HPuIYTFCXG%2FhVAw0H%2Bs%2FDyDRu37ulnJH8abjWHEb1LGQ%3D%3D,Ferrari Approved (preowned.ferrari.com),ZFF83CLA4K0245274,Giallo Modena,,stock HCF6005; Classic.com asterisk asking; fixed-price; seller:Ferrari of Greensboro; Classic.com asterisk asking; fixed-price; seller:Ferrari of Greensboro; Classic.com asterisk asking; fixed-price; seller:Ferrari of Greensboro; Classic.com asterisk asking; fixed-price; seller:Ferrari of Greensboro; Classic.com asterisk asking; fixed-price; seller:Ferrari of Greensboro
2026-09-15,812,coupe,2019,799000,5662,USD,"Boca Raton, USA",dealer,2019 Ferrari 812 Superfast,https://preowned.ferrari.com/en-US/vehicle/IljixbcgVnJGsKsQfDGsrmq31YuxHpwsBIw6hM9cXvCwCXarIi9cHja0oJvPYshmuIYTFCXG%2FhVAw0H%2Bs%2F3wCh%2B37ulnJX0cYTGCFbpPFA%3D%3D,Ferrari Approved (preowned.ferrari.com),ZFF83CLA4K0248000,Extra Sample,,stock BP1111
2026-09-15,812,coupe,2020,279000,,USD,"Broward County, Florida, USA",dealer,2020 Ferrari 812 Superfast,https://www.classic.com/veh/2020-ferrari-812-superfast-zff83cla3l0251147-nXDjAMn/,Classic.com,ZFF83CLA3L0251147,,,Classic.com asterisk asking; 3k mi displayed; mileage blank (rounded Nk mi); fixed-price; seller:Papin Garage Llc
2026-09-15,812,coupe,2020,544990,,USD,"Fort Lauderdale, Florida, USA",dealer,2020 Ferrari 812 Superfast,https://www.classic.com/veh/2020-ferrari-812-superfast-zff83cla7l0256707-pey1klp/,Classic.com,ZFF83CLA7L0256707,,,Classic.com asterisk asking; 15k mi displayed; mileage blank (rounded Nk mi); fixed-price; seller:Coast To Coast
2026-09-15,812,coupe,2020,547899,,USD,"Scottsdale, Arizona, USA",dealer,2020 Ferrari 812 Superfast,https://www.classic.com/veh/2020-ferrari-812-superfast-zff83cla1l0254693-4Vv1w24/,Classic.com,ZFF83CLA1L0254693,,,Classic.com asterisk asking; 17k mi displayed; mileage blank (rounded Nk mi); fixed-price; seller:Luxury Auto Collection
2026-09-15,812,coupe,2020,549998,19560,USD,,dealer,Used 2020 Ferrari 812 Superfast Base,https://www.cars.com/vehicledetail/49220cf5-6006-4a57-8d60-ec33e6ac28a1/?sid=0845a619-c37b-4aa4-bd5e-77a08eb86df2,Cars.com,ZFF83CLA4L0258589,,,
2026-09-15,812,coupe,2020,550889,12893,USD,,dealer,Used 2020 Ferrari 812 Superfast Base,https://www.cars.com/vehicledetail/5b16c466-dc6d-4fa6-a222-fc2f5d086fec/?sid=0845a619-c37b-4aa4-bd5e-77a08eb86df2,Cars.com,ZFF83CLA0L0250179,,,
2026-09-15,812,coupe,2020,599995,,USD,"City of Glen Cove, New York, USA",dealer,2020 Ferrari 812 Superfast,https://www.classic.com/veh/2020-ferrari-812-superfast-zff83cla5l0250811-n2x9EGp/,Classic.com,ZFF83CLA5L0250811,,,Classic.com asterisk asking; 11k mi displayed; mileage blank (rounded Nk mi); fixed-price; seller:Ryan Friedman Motor Cars
2026-09-15,812,coupe,2020,599999,,USD,"Costa Mesa, California, USA",dealer,2020 Ferrari 812 Superfast,https://www.classic.com/veh/2020-ferrari-812-superfast-zff83cla1l0250773-n1M9yLn/,Classic.com,ZFF83CLA1L0250773,,,Classic.com asterisk asking; 9k mi displayed; mileage blank (rounded Nk mi); fixed-price; seller:Eurocar Inc.
2026-09-15,812,coupe,2020,599999,,USD,"Costa Mesa, California, USA",dealer,2020 Ferrari 812 Superfast *CARBON STEERING WHEEL * FRONT PPF*,https://www.classic.com/veh/2020-ferrari-812-superfast-zff83cla1l0250790-4DGer8p/,Classic.com,ZFF83CLA1L0250790,,,Classic.com asterisk asking; 9k mi displayed; mileage blank (rounded Nk mi); fixed-price; seller:Eurocar Inc.
2026-09-15,812,coupe,2020,617870,7683,USD,"Roswell, USA",dealer,2020 Ferrari 812 Superfast,https://preowned.ferrari.com/en-US/vehicle/IljixbcgVnJGsKsQfDGsrlXqGlVxO27j0rvfgSPANtnGivj%2BSffUQU3tOX9EAIzeuIYTFCXG%2FhVExEH%2BsvL0Chi37ulnJHkdbTGEHL9KFg%3D%3D,Ferrari Approved (preowned.ferrari.com),ZFF83CLA0L0257407,Grigio Silverstone,,stock P2062; Classic.com asterisk asking; 7k mi displayed; mileage blank (rounded Nk mi); fixed-price; seller:Maserati of Atlanta; Classic.com asterisk asking; 7k mi displayed; mileage blank (rounded Nk mi); fixed-price; seller:Maserati of Atlanta
2026-09-15,812,coupe,2020,629900,4367,USD,"Plainview, USA",dealer,2020 Ferrari 812 Superfast,https://preowned.ferrari.com/en-US/vehicle/IljixbcgVnJGsKsQfDGsril%2B7Of6FHqvJeiyJGIrIua9V9zScpw8xn71RceVxZt3uIYTFCXG%2FhVGxEH%2Bs%2F32Cxy37ulnJX8cYTaNHL1HGQ%3D%3D,Ferrari Approved (preowned.ferrari.com),ZFF83CLA2L0248613,Argento Nurburgring,,stock L0248613
2026-09-15,812,coupe,2020,649988,3041,USD,"Sterling, USA",dealer,2020 Ferrari 812 Superfast,https://preowned.ferrari.com/en-US/vehicle/IljixbcgVnJGsKsQfDGsrte4%2BvQe67JmLx5zFU5lVwvvdzmiq373m15ktS7r%2BIksuIYTFCXG%2FhVCxEH%2BsvH5Ch237ulnKHodbjeAHLpLFA%3D%3D,Ferrari Approved (preowned.ferrari.com),ZFF83CLA6L0254902,Blu Elettrico,,stock CFF3517
2026-09-15,812,coupe,2020,650035,2184,USD,"Van Nuys, California, USA",dealer,Used 2020 Ferrari 812 Superfast Base,https://www.cars.com/vehicledetail/6712ec1a-b025-47e8-8ce3-5f6b2b3847df/?attribution_type=isa&sid=0845a619-c37b-4aa4-bd5e-77a08eb86df2,Cars.com,ZFF83CLA2L0254931,,,Classic.com asterisk asking; 2k mi displayed; mileage blank (rounded Nk mi); fixed-price; seller:Land Rover Van Nuys; Classic.com asterisk asking; 2k mi displayed; mileage blank (rounded Nk mi); fixed-price; seller:Jaguar Van Nuys; Classic.com asterisk asking; 2k mi displayed; mileage blank (rounded Nk mi); fixed-price; seller:Galpin Lotus; Classic.com asterisk asking; 2k mi displayed; mileage blank (rounded Nk mi); fixed-price; seller:Land Rover Van Nuys; Classic.com asterisk asking; 2k mi displayed; mileage blank (rounded Nk mi); fixed-price; seller:Land Rover Van Nuys; Classic.com asterisk asking; 2k mi displayed; mileage blank (rounded Nk mi); fixed-price; seller:Land Rover Van Nuys; Classic.com asterisk asking; 2k mi displayed; mileage blank (rounded Nk mi); fixed-price; seller:Land Rover Van Nuys
2026-09-15,812,coupe,2020,659000,2279,USD,"Edison, USA",dealer,2020 Ferrari 812 Superfast,https://preowned.ferrari.com/en-US/vehicle/IljixbcgVnJGsKsQfDGsrsGQx394SaNAKtNx%2FILJ5eACbPkd1L2l8m8HZ8bWMnOsuIYTFCXG%2FhUsxEH%2Bs%2F31Axe37ulnJHgYazSFE7hHFQ%3D%3D,Ferrari Approved (preowned.ferrari.com),ZFF83CLAXL0248598,Grigio Titanio Metall,,stock F0248598C
2026-09-15,812,coupe,2020,664696,3849,USD,"Miami-Dade County, Florida, USA",dealer,Used 2020 Ferrari 812 Superfast Base,https://www.cars.com/vehicledetail/188e3be7-fc49-48a3-9152-5e3a216c63f4/?attribution_type=isa&sid=0845a619-c37b-4aa4-bd5e-77a08eb86df2,Cars.com,ZFF83CLA9L0249242,,,Classic.com asterisk asking; 3k mi displayed; mileage blank (rounded Nk mi); fixed-price; seller:Prestige Imports
2026-09-15,812,coupe,2020,695125,,USD,"Plano, Texas, USA",dealer,2020 Ferrari 812 Superfast,https://www.classic.com/veh/2020-ferrari-812-superfast-zff83cla3l0258146-nQxaNv4/,Classic.com,ZFF83CLA3L0258146,,,Classic.com asterisk asking; 8k mi displayed; mileage blank (rounded Nk mi); fixed-price; seller:P1 Motorwerks
2026-09-15,812,coupe,2020,699999,2258,USD,"Costa Mesa, California, USA",dealer,2020 Ferrari 812 Superfast,https://www.classic.com/veh/2020-ferrari-812-superfast-zff83cla3l0256445-nO76qbn/,Classic.com,ZFF83CLA3L0256445,Grigio Titanio Metallic,Cuoio,Classic.com asterisk asking; 2k mi displayed; mileage blank (rounded Nk mi); fixed-price; seller:Eurocar Inc.; Stock # L0256445; trim: Superfast RWD
2026-09-15,812,coupe,2020,749000,2499,USD,"Boca Raton, USA",dealer,2020 Ferrari 812 Superfast,https://preowned.ferrari.com/en-US/vehicle/IljixbcgVnJGsKsQfDGsroouI0zFq57ktz3hh%2FVLu0LurIIDCXwUNisEylRUJS54uIYTFCXG%2FhVNxEH%2BsvX4CBi37ulnJX0cYTGDE7xGFQ%3D%3D,Ferrari Approved (preowned.ferrari.com),ZFF83CLA9L0250827,Bianco Fuji,,stock BP1101
2026-09-15,812,spider,2021,619675,,USD,"Carrollton, Texas, USA",dealer,2021 Ferrari 812 GTS,https://www.classic.com/veh/2021-ferrari-812-gts-zff97cma9m0259620-nQMl1vn/,Classic.com,ZFF97CMA9M0259620,,,Classic.com asterisk asking; 19k mi displayed; mileage blank (rounded Nk mi); fixed-price; seller:Earth MotorCars
2026-09-15,812,spider,2021,729996,,USD,"Charlotte, North Carolina, USA",dealer,2021 Ferrari 812 GTS,https://www.classic.com/veh/2021-ferrari-812-gts-zff97cma4m0261694-4y85Gdp/,Classic.com,ZFF97CMA4M0261694,,,Classic.com asterisk asking; 10k mi displayed; mileage blank (rounded Nk mi); fixed-price; seller:McLaren Charlotte
2026-09-15,812,spider,2021,760080,3900,USD,"Austin, USA",dealer,2021 Ferrari 812 GTS,https://preowned.ferrari.com/en-US/vehicle/IljixbcgVnJGsKsQfDGsrnS4cXZ0grM4uXVZT1KFYfce36MI6cP7YIF6dvEMwL%2FmuIYTFSHG%2FxUsxUH%2BsfT0CRa37ulnK38dbj%2BEE79LEA%3D%3D,Ferrari Approved (preowned.ferrari.com),ZFF97CMAXM0261439,Argento Nurburgring,,stock 262048P
2026-09-15,812,spider,2021,769996,,USD,"Charlotte, North Carolina, USA",dealer,2021 Ferrari 812 GTS,https://www.classic.com/veh/2021-ferrari-812-gts-suspension-lift-carbon-driver-p0l2kZp/,Classic.com,,,,Classic.com asterisk asking; 5k mi displayed; mileage blank (rounded Nk mi); fixed-price; seller:McLaren Charlotte
2026-09-15,812,spider,2021,799635,7047,USD,"Spring Valley Rockland County New York, USA",dealer,2021 Ferrari 812 GTS,https://preowned.ferrari.com/en-US/vehicle/IljixbcgVnJGsKsQfDGsrtr%2BZ3m6viVULgy%2BBfHLOnGLPlMMsYTfaJl7jLez0%2Fj7uIYTFSHG%2FxVExUH%2Bsvz2Dx237ulnJX0WbjOAFL1KFQ%3D%3D,Ferrari Approved (preowned.ferrari.com),ZFF97CMA0M0259652,Grigio Scuro,,stock FM4609; Classic.com asterisk asking; 7k mi displayed; mileage blank (rounded Nk mi); fixed-price; seller:Wide World Ferrari; Classic.com asterisk asking; 7k mi displayed; mileage blank (rounded Nk mi); fixed-price; seller:Wide World Ferrari
2026-09-15,812,spider,2021,799995,5905,USD,"Beverly Hills, California, USA",dealer,Used 2021 Ferrari 812 GTS,https://www.cars.com/vehicledetail/327f7c13-3268-4cbe-8857-322b195af9f2/?attribution_type=isa&sid=a2850dd8-b1d4-4caa-b2fd-c1b6fd36e375,Cars.com,ZFF97CMA6M0261664,,,Classic.com asterisk asking; 5k mi displayed; mileage blank (rounded Nk mi); fixed-price; seller:TBTFW
2026-09-15,812,spider,2021,819900,4667,USD,"Norwood, USA",dealer,2021 Ferrari 812 GTS,https://preowned.ferrari.com/en-US/vehicle/IljixbcgVnJGsKsQfDGsrh5nzv2c3jBmoGV5WANWJEJwnPoramiN%2Ff6E%2FiVWnwTOuIYTFSHG%2FxVFxUH%2BsfT2Ahu37ulnKH4YbTCMHL5MFg%3D%3D,Ferrari Approved (preowned.ferrari.com),ZFF97CMA1M0261684,Rosso Corsa,,stock F2088A; Classic.com asterisk asking; 4k mi displayed; mileage blank (rounded Nk mi); fixed-price; seller:Boch Exotics; Classic.com asterisk asking; 4k mi displayed; mileage blank (rounded Nk mi); fixed-price; seller:Boch Exotics
2026-09-15,812,spider,2021,824414,6995,USD,"Spring Valley Rockland County New York, USA",dealer,2021 Ferrari 812 GTS,https://preowned.ferrari.com/en-US/vehicle/IljixbcgVnJGsKsQfDGsrmg7C0R5AGKguZXNJN4wdR%2Bh%2BDyAHmhq2SXpDmjpWsHIuIYTFSHG%2FxVBxUH%2BsfXxDhe37ulnKXwYbjKMHbZGGQ%3D%3D,Ferrari Approved (preowned.ferrari.com),ZFF97CMA5M0260148,Rosso 70 Anni,,stock FM4575; Classic.com asterisk asking; 7k mi displayed; mileage blank (rounded Nk mi); fixed-price; seller:Wide World Ferrari; Classic.com asterisk asking; 7k mi displayed; mileage blank (rounded Nk mi); fixed-price; seller:Wide World Ferrari
2026-09-15,812,spider,2021,824800,,USD,"Westmont, Illinois, USA",dealer,2021 Ferrari 812 GTS,https://www.classic.com/veh/2021-ferrari-812-gts-zff97cmaxm0260596-pJNV0Gp/,Classic.com,ZFF97CMAXM0260596,,,Classic.com asterisk asking; 6k mi displayed; mileage blank (rounded Nk mi); fixed-price; seller:Ultimo Motors
2026-09-15,812,spider,2021,824999,8425,USD,"Englewood, Colorado, USA",dealer,2021 Ferrari 812 GTS,https://www.classic.com/veh/2021-ferrari-812-gts-zff97cmaxm0259755-WxNkm24/,Classic.com,ZFF97CMAXM0259755,Blue,Red,Classic.com asterisk asking; 8k mi displayed; mileage blank (rounded Nk mi); fixed-price; seller:Blue Chip; Stock # 850; trim: GTS RWD
2026-09-15,812,spider,2021,828203,5238,USD,"Spring Valley Rockland County New York, USA",dealer,2021 Ferrari 812 GTS,https://preowned.ferrari.com/en-US/vehicle/IljixbcgVnJGsKsQfDGsriN4j2jvNDrFHG4qxA1tLH909j8C6LeTmCd%2F7zIJHgY%2FuIYTFSHG%2FxVGxUH%2BsfXzDhe37ulnK38fbDGDELdJEg%3D%3D,Ferrari Approved (preowned.ferrari.com),ZFF97CMA2M0260348,Nero,,stock FM4602; Classic.com asterisk asking; 5k mi displayed; mileage blank (rounded Nk mi); fixed-price; seller:Wide World Ferrari; Classic.com asterisk asking; 5k mi displayed; mileage blank (rounded Nk mi); fixed-price; seller:Wide World Ferrari
2026-09-15,812,spider,2021,829900,,USD,"Beverly Hills, California, USA",dealer,2021 Ferrari 812 GTS,https://www.classic.com/veh/2021-ferrari-812-gts-zff97cma9m0263330-n1GME2p/,Classic.com,ZFF97CMA9M0263330,,,Classic.com asterisk asking; 1k mi displayed; mileage blank (rounded Nk mi); fixed-price; seller:Marshall Goldman Beverly Hills
2026-09-15,812,spider,2021,829999,5037,USD,"Hinsdale, USA",dealer,2021 Ferrari 812 GTS,https://preowned.ferrari.com/en-US/vehicle/IljixbcgVnJGsKsQfDGsri2kAxIZfyV6qpx1JLrlcD%2BSg2Wirv71Zecq3FjG44EnuIYTFSHG%2FxVFxUH%2BsffyCRm37ulnLn4WazCMFrdJGA%3D%3D,Ferrari Approved (preowned.ferrari.com),ZFF97CMA1M0262236,Grigio Silverstone,,stock 97901; Classic.com asterisk asking; 5k mi displayed; mileage blank (rounded Nk mi); fixed-price; seller:Continental AutoSports; Classic.com asterisk asking; 5k mi displayed; mileage blank (rounded Nk mi); fixed-price; seller:Continental AutoSports
2026-09-15,812,spider,2021,830699,1298,USD,"Greenwich, USA",dealer,2021 Ferrari 812 GTS,https://preowned.ferrari.com/en-US/vehicle/IljixbcgVnJGsKsQfDGsrpbXe9m4mmNIjsuq4UItCkGxeTSOT4B8GDFXpxL7hvU3uIYTFSHG%2FxVMxUH%2BsvL4Ahe37ulnLXobbzOCHLpOFw%3D%3D,Ferrari Approved (preowned.ferrari.com),ZFF97CMA8M0257888,Grigio Ferro,,stock 52300C
2026-09-15,812,spider,2021,834900,2644,USD,"Torrance, USA",dealer,2021 Ferrari 812 GTS,https://preowned.ferrari.com/en-US/vehicle/IljixbcgVnJGsKsQfDGsriELAmlcjk%2FjTrUFYvU0M13blWcuPqIHK5XKj6pybEjVuIYTFSHG%2FxVCxUH%2BsfbzDx637ulnK3kZaD6NF7lOGA%3D%3D,Ferrari Approved (preowned.ferrari.com),ZFF97CMA6M0263351,Nero,,stock 263351; Classic.com asterisk asking; 2k mi displayed; mileage blank (rounded Nk mi); fixed-price; seller:Ferrari South Bay; Classic.com asterisk asking; 2k mi displayed; mileage blank (rounded Nk mi); fixed-price; seller:Ferrari South Bay
2026-09-15,812,spider,2021,834980,,USD,"Murrieta, California, USA",dealer,2021 Ferrari 812 GTS,https://www.classic.com/veh/2021-ferrari-812-gts-zff97cma7m0260572-4rmlANp/,Classic.com,ZFF97CMA7M0260572,,,Classic.com asterisk asking; 4k mi displayed; mileage blank (rounded Nk mi); fixed-price; seller:West Coast Exotic Cars
2026-09-15,812,spider,2021,839637,7501,USD,"Salt Lake City, USA",dealer,2021 Ferrari 812 GTS,https://preowned.ferrari.com/en-US/vehicle/IljixbcgVnJGsKsQfDGsrvXYxVwSEpmsnwuGiYePEwg792Z0%2BSMiA9SxOLgniON4uIYTFSHG%2FxUsxUH%2BsfT4CR637ulnJH8aaD%2BFEb1LEA%3D%3D,Ferrari Approved (preowned.ferrari.com),ZFF97CMAXM0261831,Rosso Maranello,,stock M0261831W
2026-09-15,812,spider,2021,839900,7714,USD,"Coral Gables, USA",dealer,2021 Ferrari 812 GTS,https://preowned.ferrari.com/en-US/vehicle/IljixbcgVnJGsKsQfDGsrqs89W69aIByebiXoqfZAM5i0nz7a41n3KAI0BTs66bmuIYTFSHG%2FxVAxUH%2BsfT2DBy37ulnKHUfbz6MEbxLEg%3D%3D,Ferrari Approved (preowned.ferrari.com),ZFF97CMA4M0261663,Bianco Fuji,,stock M0261663P
2026-09-15,812,spider,2021,839985,3088,USD,"Palm Harbor, USA",dealer,2021 Ferrari 812 GTS,https://preowned.ferrari.com/en-US/vehicle/IljixbcgVnJGsKsQfDGsruMLuMg1LBVJoBfx7j4KFKwhaYUzr2bddJG2H7fIFspFuIYTFSHG%2FxVGxUH%2Bsff3DBy37ulnJX4XYDeEHL9GGQ%3D%3D,Ferrari Approved (preowned.ferrari.com),ZFF97CMA2M0262763,Bianco Avus,,stock T262763; Classic.com asterisk asking; 3k mi displayed; mileage blank (rounded Nk mi); fixed-price; seller:Ferrari of Tampa Bay; Classic.com asterisk asking; 3k mi displayed; mileage blank (rounded Nk mi); fixed-price; seller:Ferrari of Tampa Bay
2026-09-15,812,spider,2021,849000,4936,USD,"Thousand Oaks, USA",dealer,2021 Ferrari 812 GTS,https://preowned.ferrari.com/en-US/vehicle/IljixbcgVnJGsKsQfDGsrtLnfDmkM%2B%2BIUFRgAIJ30dmtT3tvN1BBMDKXKozt8GIUuIYTFSHG%2FxVAxUH%2BsfHxDRu37ulnJX0YbzaAHbZJFw%3D%3D,Ferrari Approved (preowned.ferrari.com),ZFF97CMA4M0264174,Grigio Gts,,stock 264174; Classic.com asterisk asking; 4k mi displayed; mileage blank (rounded Nk mi); fixed-price; seller:Ferrari Westlake; Classic.com asterisk asking; 4k mi displayed; mileage blank (rounded Nk mi); fixed-price; seller:Ferrari Westlake
2026-09-15,812,spider,2021,849890,2660,USD,"St Louis, USA",dealer,2021 Ferrari 812 GTS,https://preowned.ferrari.com/en-US/vehicle/IljixbcgVnJGsKsQfDGsrotfKjMD4l5piSg7yZDnhSRwjIcaTR%2FL%2FRof77shgXu2uIYTFSHG%2FxVGxUH%2BsvL4Ahq37ulnJHsYbTCGE7hOFw%3D%3D,Ferrari Approved (preowned.ferrari.com),ZFF97CMA2M0257885,Blu Tour De France,,stock C1M0257885
2026-09-15,812,spider,2021,849900,10623,USD,"Detroit, USA",dealer,2021 Ferrari 812 GTS,https://preowned.ferrari.com/en-US/vehicle/IljixbcgVnJGsKsQfDGsrrlP4TpRcXyWgAz9GbvcFaif2bIwiMOopD%2BLD2Vd78r6uIYTFSHG%2FxVDxUH%2BsvzzDxm37ulnL3UcbTOBHbZJEQ%3D%3D,Ferrari Approved (preowned.ferrari.com),ZFF97CMA7M0259356,Extra Sample,,stock 259356
2026-09-15,812,spider,2021,849948,877,USD,"Wilsonville, USA",dealer,2021 Ferrari 812 GTS,https://preowned.ferrari.com/en-US/vehicle/IljixbcgVnJGsKsQfDGsrjbiFOYGACblpNwjgaiTh1oqRuOQiGqcdnhB%2FGGR8LDmuIYTFSHG%2FxVNxUH%2BsffzDxq37ulnLngabzWNE7xMFg%3D%3D,Ferrari Approved (preowned.ferrari.com),ZFF97CMA9M0262355,Blu Tour De France,,stock CM1791; Classic.com asterisk asking; fixed-price; seller:Ron Tonkin Gran Turismo; Classic.com asterisk asking; fixed-price; seller:Ron Tonkin Gran Turismo
2026-09-15,812,spider,2021,849950,,USD,"Scottsdale, Arizona, USA",dealer,2021 Ferrari 812 GTS,https://www.classic.com/veh/2021-ferrari-812-gts-zff97cma7m0258854-4r3jGEn/,Classic.com,ZFF97CMA7M0258854,,,Classic.com asterisk asking; 4k mi displayed; mileage blank (rounded Nk mi); fixed-price; seller:Cascio Motors
2026-09-15,812,spider,2021,859895,4538,USD,"Orlando, USA",dealer,2021 Ferrari 812 GTS,https://preowned.ferrari.com/en-US/vehicle/IljixbcgVnJGsKsQfDGsruNBzT8qHFtvd9YBzF02LZ9Dz6Bjc91SI7UfVHSxvC5NuIYTFSHG%2FxUsxUH%2Bsf32Ah237ulnKngebzOAHL1PEA%3D%3D,Ferrari Approved (preowned.ferrari.com),ZFF97CMAXM0268682,Extra Sample,,stock 268682B
2026-09-15,812,spider,2021,865125,1252,USD,"Plano, USA",dealer,2021 Ferrari 812 GTS,https://preowned.ferrari.com/en-US/vehicle/IljixbcgVnJGsKsQfDGsroAAYfyLNjfcG9PSeQ%2BVbfsGO4IHpk7yiI37gkbDPgUmuIYTFSHG%2FxVFxUH%2Bsf30CBq37ulnKHQbazSNFLdGEg%3D%3D,Ferrari Approved (preowned.ferrari.com),ZFF97CMA1M0268425,Bianco Italia,,stock P0268425; Classic.com asterisk asking; 1k mi displayed; mileage blank (rounded Nk mi); fixed-price; seller:Maserati of Plano; Classic.com asterisk asking; 1k mi displayed; mileage blank (rounded Nk mi); fixed-price; seller:Maserati of Plano
2026-09-15,812,spider,2021,869000,1937,USD,"Lake Bluff, USA",dealer,2021 Ferrari 812 GTS,https://preowned.ferrari.com/en-US/vehicle/IljixbcgVnJGsKsQfDGsrmV6eqPshjoDoti67CTARUXgQozEsz8Un6IuhIWw0vMmuIYTFSHG%2FxVMxUH%2BsfLxCx237ulnKXkZaT%2BBHbdHEg%3D%3D,Ferrari Approved (preowned.ferrari.com),ZFF97CMA8M0267112,Grigio Gts,,stock 267112
2026-09-15,812,spider,2021,869000,7083,USD,"Nashville Davidson County, USA",dealer,2021 Ferrari 812 GTS,https://preowned.ferrari.com/en-US/vehicle/IljixbcgVnJGsKsQfDGsrgicCq9%2FH0kYHCZyLkwm00jV6ZXleaehc2xWeZgRgm5yuIYTFSHG%2FxVMxUH%2BsfPwChe37ulnKHQbajGNHL5IFg%3D%3D,Ferrari Approved (preowned.ferrari.com),ZFF97CMA8M0266008,Grigio Gts,,stock C266008
2026-09-15,812,spider,2021,869895,3032,USD,"West Palm Beach, USA",dealer,2021 Ferrari 812 GTS,https://preowned.ferrari.com/en-US/vehicle/IljixbcgVnJGsKsQfDGsrhox1w7XJFjaCBGzphWdZRhor8EnU4b1vqvzZgM%2BbH4cuIYTFSHG%2FxVHxUH%2BsfHxAxm37ulnL30YbT6AF79IFA%3D%3D,Ferrari Approved (preowned.ferrari.com),ZFF97CMA3M0264196,Grigio Gts,,stock PF1246A; Classic.com asterisk asking; 3k mi displayed; mileage blank (rounded Nk mi); fixed-price; seller:Ferrari of Palm Beach; Classic.com asterisk asking; 3k mi displayed; mileage blank (rounded Nk mi); fixed-price; seller:Ferrari of Palm Beach
2026-09-15,812,spider,2021,869899,,USD,"Scottsdale, Arizona, USA",dealer,2021 Ferrari 812 GTS,https://www.classic.com/veh/2021-ferrari-812-gts-zff97cma7m0262676-WLVLwe4/,Classic.com,ZFF97CMA7M0262676,,,Classic.com asterisk asking; 2k mi displayed; mileage blank (rounded Nk mi); fixed-price; seller:Luxury Auto Collection
2026-09-15,812,spider,2021,869900,8638,USD,"Miami, USA",dealer,2021 Ferrari 812 GTS,https://preowned.ferrari.com/en-US/vehicle/IljixbcgVnJGsKsQfDGsriWxnaRJkhfm2Qg3%2BU%2Bt09sy%2B2hrHgFV%2BOJct5PMct6VuIYTFSHG%2FxVExUH%2Bsff3DB237ulnK3wXbj6DFrdPGA%3D%3D,Ferrari Approved (preowned.ferrari.com),ZFF97CMA0M0262762,Grigio Ferro,,stock M0262762CS
2026-09-15,812,spider,2021,869900,6336,USD,"Coral Gables, USA",dealer,2021 Ferrari 812 GTS,https://preowned.ferrari.com/en-US/vehicle/IljixbcgVnJGsKsQfDGsriOY3udGLSSP5926TqtUsfAJmj%2BlHJYoG3%2BvDs1Xedk8uIYTFSHG%2FxVDxUH%2BsfL5Cx237ulnKXkZbTONEbpHGQ%3D%3D,Ferrari Approved (preowned.ferrari.com),ZFF97CMA7M0267912,Rosso Corsa,,stock T0337899A
2026-09-15,812,spider,2021,889850,2656,USD,"Edison, USA",dealer,2021 Ferrari 812 GTS,https://preowned.ferrari.com/en-US/vehicle/IljixbcgVnJGsKsQfDGsrhQyftTVpjlYCasci%2FMhL96IoNS7PErZuoBsVQTvOcC7uIYTFSHG%2FxVCxUH%2Bsv30CRa37ulnKnUcYT6CFb5LFw%3D%3D,Ferrari Approved (preowned.ferrari.com),ZFF97CMA6M0258439,Blu Swaters,,stock F0258439T
2026-09-15,812,spider,2021,899888,,USD,"Round Rock, Texas, USA",dealer,2021 Ferrari 812 GTS,https://www.classic.com/veh/2021-ferrari-812-gts-zff97cma5m0258920-pPxBkXp/,Classic.com,ZFF97CMA5M0258920,,,Classic.com asterisk asking; 2k mi displayed; mileage blank (rounded Nk mi); fixed-price; seller:Mark Motors Austin
2026-09-15,812,spider,2021,899900,2196,USD,"Norwood, USA",dealer,2021 Ferrari 812 GTS,https://preowned.ferrari.com/en-US/vehicle/IljixbcgVnJGsKsQfDGsrny%2BshPWLDUS8jLXkU%2FiEdIcFwR1BDr%2F1SRVBF881c7zuIYTFSHG%2FxVExUH%2BsPXxDhe37ulnJH4cajWEFbhGEg%3D%3D,Ferrari Approved (preowned.ferrari.com),ZFF97CMA0M0270148,Bianco Italia,,stock P32515; Classic.com asterisk asking; 2k mi displayed; mileage blank (rounded Nk mi); fixed-price; seller:Boch Exotics
2026-09-15,812,spider,2021,899995,2005,USD,"Naples, USA",dealer,2021 Ferrari 812 GTS,https://preowned.ferrari.com/en-US/vehicle/IljixbcgVnJGsKsQfDGsrrsGda4jxa9AxuRI0HYNyAn%2FImPRyJAUEZ85dK5uV8PduIYTFSHG%2FxVAxUH%2BsfXxChe37ulnK3UebjSHErdKEQ%3D%3D,Ferrari Approved (preowned.ferrari.com),ZFF97CMA4M0260108,Azzurro California,,stock PN1280A; Classic.com asterisk asking; 2k mi displayed; mileage blank (rounded Nk mi); fixed-price; seller:Ferrari of Naples; Classic.com asterisk asking; 2k mi displayed; mileage blank (rounded Nk mi); fixed-price; seller:Ferrari of Naples
2026-09-15,812,spider,2021,939000,989,USD,"Beverly Hills, USA",dealer,2021 Ferrari 812 GTS,https://preowned.ferrari.com/en-US/vehicle/IljixbcgVnJGsKsQfDGsrqJZa9Twi%2BbTencRW%2F4CeD9j4qXBTaZ3ZtQoLwwVW41HuIYTFSHG%2FxVMxUH%2BsfH1CRu37ulnLnQaazWMFLtGEA%3D%3D,Ferrari Approved (preowned.ferrari.com),ZFF97CMA8M0264534,Blu California,,stock 264534; Classic.com asterisk asking; fixed-price; seller:Ferrari Beverly Hills; Classic.com asterisk asking; fixed-price; seller:Ferrari Beverly Hills
2026-09-15,812,spider,2021,939900,919,USD,"Norwood, USA",dealer,2021 Ferrari 812 GTS,https://preowned.ferrari.com/en-US/vehicle/IljixbcgVnJGsKsQfDGsro%2B4Q0ez2hwVkB%2FgRUOTgiadLvQk92Cc93Eie7wE8spouIYTFSHG%2FxVMxUH%2BsfbwDB637ulnKH0fYDWHFb5HFA%3D%3D,Ferrari Approved (preowned.ferrari.com),ZFF97CMA8M0263061,Giallo Triplo Strato,,stock P32513; Classic.com asterisk asking; fixed-price; seller:Boch Exotics; Classic.com asterisk asking; fixed-price; seller:Boch Exotics
2026-09-15,812,spider,2021,949899,4125,USD,"Charlotte, USA",dealer,2021 Ferrari 812 GTS,https://preowned.ferrari.com/en-US/vehicle/IljixbcgVnJGsKsQfDGsrvUaMI6U5%2F5aDM%2BUtkPBsA2MUSw5O2aZ0Bv9PuPt8yJHuIYTFSHG%2FxVFxUH%2BsfT4Ch637ulnJH8abjSNHbtGFw%3D%3D,Ferrari Approved (preowned.ferrari.com),ZFF97CMA1M0261801,Grigio Scuro,,stock PSF1801; Classic.com asterisk asking; 4k mi displayed; mileage blank (rounded Nk mi); fixed-price; seller:Ferrari of Charlotte; Classic.com asterisk asking; 4k mi displayed; mileage blank (rounded Nk mi); fixed-price; seller:Ferrari of Charlotte
2026-09-15,812,spider,2021,949995,339,USD,"Charlotte, USA",dealer,2021 Ferrari 812 GTS,https://preowned.ferrari.com/en-US/vehicle/IljixbcgVnJGsKsQfDGsrk%2FGNo4%2BA1Ixd1K5qfBEvW07YAXHV0bxRj%2FWmgR%2F%2F4jYuIYTFSHG%2FxVDxUH%2BsfLxChy37ulnJH8abjSNErxPFg%3D%3D,Ferrari Approved (preowned.ferrari.com),ZFF97CMA7M0267103,Blu Tour De France,,stock HCF2009; Classic.com asterisk asking; fixed-price; seller:Ferrari of Charlotte; Classic.com asterisk asking; fixed-price; seller:Ferrari of Charlotte
2026-09-15,812,spider,2021,959990,822,USD,"Roswell, USA",dealer,2021 Ferrari 812 GTS,https://preowned.ferrari.com/en-US/vehicle/IljixbcgVnJGsKsQfDGsrj%2B3q9HwuOq4fPRnFQ1bet8LO1zni0oBP9R4lfzN995%2FuIYTFSHG%2FxVAxUH%2BsfX1DRm37ulnK38dYTGDFb9JFw%3D%3D,Ferrari Approved (preowned.ferrari.com),ZFF97CMA4M0260576,Grigio Titanio Metall,,stock C1464; Classic.com asterisk asking; fixed-price; seller:Maserati of Atlanta
2026-09-15,812,spider,2021,999900,3098,USD,"Fort Lauderdale, USA",dealer,2021 Ferrari 812 GTS,https://preowned.ferrari.com/en-US/vehicle/IljixbcgVnJGsKsQfDGsrj9g3K%2FwGrGxrTu%2BrDQQVkhGFYZbVVI8AIT91Vu4Zrk%2BuIYTFSHG%2FxVDxUH%2BsfbwDx237ulnKnkXaTeCE7ZIFg%3D%3D,Ferrari Approved (preowned.ferrari.com),ZFF97CMA7M0263052,Extra Sample,,stock FP7379; Classic.com asterisk asking; 3k mi displayed; mileage blank (rounded Nk mi); fixed-price; seller:Ferrari of Fort Lauderdale; Classic.com asterisk asking; 3k mi displayed; mileage blank (rounded Nk mi); fixed-price; seller:Ferrari of Fort Lauderdale
2026-09-15,812,spider,2021,1380000,8246,USD,"Palm Harbor, USA",dealer,2021 Ferrari 812 GTS,https://preowned.ferrari.com/en-US/vehicle/IljixbcgVnJGsKsQfDGsrpKGArBDdEkU9L7N8LGlkg7D6LjyuJao0%2FY%2F91Z5dtowuIYTFSHG%2FxVFxUH%2BsfHwCRq37ulnJX4XYDeEE71MEA%3D%3D,Ferrari Approved (preowned.ferrari.com),ZFF97CMA1M0264035,Extra Sample,,stock T264035; Classic.com asterisk asking; 8k mi displayed; mileage blank (rounded Nk mi); fixed-price; seller:Ferrari of Tampa Bay; Classic.com asterisk asking; 8k mi displayed; mileage blank (rounded Nk mi); fixed-price; seller:Ferrari of Tampa Bay
2026-09-15,812,spider,2022,789813,11939,USD,,dealer,Used 2022 Ferrari 812 GTS Convertible,https://www.cars.com/vehicledetail/b3ff9c4d-bb43-449f-b554-acd8cf0648fc/?sid=a2850dd8-b1d4-4caa-b2fd-c1b6fd36e375,Cars.com,ZFF97CMA0N0278512,,,
2026-09-15,812,spider,2022,797080,1093,USD,"Austin, USA",dealer,2022 Ferrari 812 GTS,https://preowned.ferrari.com/en-US/vehicle/IljixbcgVnJGsKsQfDGsrqq8lrMQp9ozQCNrh4FdUk%2FVy7VCSoG0W%2Bym8bxdFOvIuIYTFSHG%2FxVMxkH%2BsPLzAh237ulnK3UebzCBErhMFQ%3D%3D,Ferrari Approved (preowned.ferrari.com),ZFF97CMA8N0277382,Blu Scozia,,stock 262069A
2026-09-15,812,spider,2022,800699,4062,USD,"Greenwich, USA",dealer,2022 Ferrari 812 GTS,https://preowned.ferrari.com/en-US/vehicle/IljixbcgVnJGsKsQfDGsrluiwWBeC6SnYEM%2BCsDdlqvGUSNrGGsPz%2BQrtFhNTKnhuIYTFSHG%2FxVCxkH%2BsPzzAhi37ulnKXUdYDSHEbdOFg%3D%3D,Ferrari Approved (preowned.ferrari.com),ZFF97CMA6N0279387,Grigio Alloy,,stock 52319C
2026-09-15,812,spider,2022,817172,3266,USD,,dealer,Used 2022 Ferrari 812 GTS Base,https://www.cars.com/vehicledetail/3e3388a5-fa09-43b3-a2a2-2269191545da/?sid=a2850dd8-b1d4-4caa-b2fd-c1b6fd36e375,Cars.com,ZFF97CMA4N0282448,,,
2026-09-15,812,spider,2022,829900,7741,USD,"Fort Lauderdale, USA",dealer,2022 Ferrari 812 GTS,https://preowned.ferrari.com/en-US/vehicle/IljixbcgVnJGsKsQfDGsrrVcniNjQHyDixgt8FTtdGMnphB8SeRI8oyOhKQxq058uIYTFSHG%2FxUsxkH%2BsPf3Chy37ulnJX8dbDCDFb5MFQ%3D%3D,Ferrari Approved (preowned.ferrari.com),ZFF97CMAXN0272703,Blu Pozzi,,stock FC2832
2026-09-15,812,spider,2022,847995,7693,USD,"Naples, USA",dealer,2022 Ferrari 812 GTS,https://preowned.ferrari.com/en-US/vehicle/IljixbcgVnJGsKsQfDGsru62lm5sQ1fRTtxdTkQnHuPkna9FvpP6qwzGxRk6C2IruIYTFSHG%2FxVHxkH%2Bv%2Ff0CRa37ulnKXgaazWFHLxHFw%3D%3D,Ferrari Approved (preowned.ferrari.com),ZFF97CMA3N0282439,Grigio Silverstone,,stock N0282439
2026-09-15,812,spider,2022,849912,,USD,"West Chicago, Illinois, USA",dealer,2022 Ferrari 812 GTS,https://www.classic.com/veh/2022-ferrari-812-gts-zff97cmaxn027-WNA8yrn/,Classic.com,,,,Classic.com asterisk asking; 2k mi displayed; mileage blank (rounded Nk mi); fixed-price; seller:Chicago Motor Cars
2026-09-15,812,spider,2022,851696,2211,USD,"Miami-Dade County, Florida, USA",dealer,Used 2022 Ferrari 812 GTS Convertible,https://www.cars.com/vehicledetail/650ea65a-d1e8-476d-bafc-a5e5ab9d85c6/?sid=a2850dd8-b1d4-4caa-b2fd-c1b6fd36e375,Cars.com,ZFF97CMA6N0279227,,,Classic.com asterisk asking; 2k mi displayed; mileage blank (rounded Nk mi); fixed-price; seller:Prestige Imports
2026-09-15,812,spider,2022,869091,2607,USD,"Greensboro, USA",dealer,2022 Ferrari 812 GTS,https://preowned.ferrari.com/en-US/vehicle/IljixbcgVnJGsKsQfDGsrqRwXhBwMW1JgR8HnnT8NlTaZmwcy8DQ5O05WOyEwisIuIYTFSHG%2FxVHxkH%2BsPDwAhq37ulnJH8abjWGFLtLEA%3D%3D,Ferrari Approved (preowned.ferrari.com),ZFF97CMA3N0275085,Rosso 70 Anni,,stock HCF6004; Classic.com asterisk asking; 2k mi displayed; mileage blank (rounded Nk mi); fixed-price; seller:Ferrari of Greensboro; Classic.com asterisk asking; 2k mi displayed; mileage blank (rounded Nk mi); fixed-price; seller:Ferrari of Greensboro
2026-09-15,812,spider,2022,869900,3047,USD,"Plano, USA",dealer,2022 Ferrari 812 GTS,https://preowned.ferrari.com/en-US/vehicle/IljixbcgVnJGsKsQfDGsrk3M%2Bph7NC7wncwNu7iCbXDBZ%2FL8IE58ICE7aT6FfeKxuIYTFSHG%2FxVNxkH%2BsPD1Ax237ulnK34abjSNELtMEw%3D%3D,Ferrari Approved (preowned.ferrari.com),ZFF97CMA9N0275592,Rosso Corsa,,stock Z0275592; Classic.com asterisk asking; 3k mi displayed; mileage blank (rounded Nk mi); fixed-price; seller:Maserati of Plano
2026-09-15,812,spider,2022,881791,2501,USD,"Mill Valley, USA",dealer,2022 Ferrari 812 GTS,https://preowned.ferrari.com/en-US/vehicle/IljixbcgVnJGsKsQfDGsrs%2B1iPzuurxWSdrl%2BjiUrQ3U9DWuOTs5ZR97KLk8xH8ZuIYTFSHG%2FxVFxkH%2BsPD1CRi37ulnJX0cYTKCFbhPGA%3D%3D,Ferrari Approved (preowned.ferrari.com),ZFF97CMA1N0275537,Rosso California,,stock SC6418; Classic.com asterisk asking; 2k mi displayed; mileage blank (rounded Nk mi); fixed-price; seller:Ferrari of San Francisco; Classic.com asterisk asking; 2k mi displayed; mileage blank (rounded Nk mi); fixed-price; seller:Ferrari of San Francisco
2026-09-15,812,spider,2022,886125,5400,USD,"Plano, USA",dealer,2022 Ferrari 812 GTS,https://preowned.ferrari.com/en-US/vehicle/IljixbcgVnJGsKsQfDGsrqiVMrK5aLlAqj%2FHJ7JrGkMFmeH6KMlN%2B90Do%2FPEcduHuIYTFSHG%2FxVNxkH%2BsPH1DBa37ulnKHQbazSNE7pNFw%3D%3D,Ferrari Approved (preowned.ferrari.com),ZFF97CMA9N0274569,Blu Tour De France,,stock A0274569; Classic.com asterisk asking; 5k mi displayed; mileage blank (rounded Nk mi); fixed-price; seller:Maserati of Plano; Classic.com asterisk asking; 5k mi displayed; mileage blank (rounded Nk mi); fixed-price; seller:Maserati of Plano
2026-09-15,812,spider,2022,886700,,USD,"Carrollton, Texas, USA",dealer,2022 Ferrari 812 GTS,https://www.classic.com/veh/2022-ferrari-812-gts-zff97cmaxn0274015-nBOmPQW/,Classic.com,ZFF97CMAXN0274015,,,Classic.com asterisk asking; 4k mi displayed; mileage blank (rounded Nk mi); fixed-price; seller:Earth MotorCars
2026-09-15,812,spider,2022,888675,,USD,"Carrollton, Texas, USA",dealer,2022 Ferrari 812 GTS,https://www.classic.com/veh/2022-ferrari-812-gts-zff97cma2n0283646-WYxMqdn/,Classic.com,ZFF97CMA2N0283646,,,Classic.com asterisk asking; 6k mi displayed; mileage blank (rounded Nk mi); fixed-price; seller:Earth MotorCars
2026-09-15,812,spider,2022,889990,1297,USD,"Golden Valley, USA",dealer,2022 Ferrari 812 GTS,https://preowned.ferrari.com/en-US/vehicle/IljixbcgVnJGsKsQfDGsrm%2FhwvTOL1S60K7JSKvbQIAtx19i2B17F2lbF%2FuRMo21uIYTFSHG%2FxVGxkH%2BsP34Ahy37ulnL3UdajODFrxNEA%3D%3D,Ferrari Approved (preowned.ferrari.com),ZFF97CMA2N0278883,Nero Daytona,,stock N0278883CO
2026-09-15,812,spider,2022,896895,1800,USD,"West Palm Beach, USA",dealer,2022 Ferrari 812 GTS,https://preowned.ferrari.com/en-US/vehicle/IljixbcgVnJGsKsQfDGsrlqG3l9SOyxsvJt7AqgBEygWkvJQQsV408LCHht%2F2yZ1uIYTFSHG%2FxUsxkH%2BsPD1CRm37ulnK30bYDeBErdIEw%3D%3D,Ferrari Approved (preowned.ferrari.com),ZFF97CMAXN0275536,Rosso Corsa,,stock CF175A; Classic.com asterisk asking; 1k mi displayed; mileage blank (rounded Nk mi); fixed-price; seller:Ferrari of Palm Beach; Classic.com asterisk asking; 1k mi displayed; mileage blank (rounded Nk mi); fixed-price; seller:Ferrari of Palm Beach
2026-09-15,812,spider,2022,899000,2932,USD,"Beverly Hills, USA",dealer,2022 Ferrari 812 GTS,https://preowned.ferrari.com/en-US/vehicle/IljixbcgVnJGsKsQfDGsrvCrmyxlsOgLq7GsWUCCCc%2FXxHTHFs3v%2BaJnUDmdKARCuIYTFSHG%2FxVBxkH%2BsPT0Ahe37ulnKngebTOMELhPFA%3D%3D,Ferrari Approved (preowned.ferrari.com),ZFF97CMA5N0271488,Grigio Gts,,stock 271488; Classic.com asterisk asking; 2k mi displayed; mileage blank (rounded Nk mi); fixed-price; seller:Ferrari Beverly Hills; Classic.com asterisk asking; 2k mi displayed; mileage blank (rounded Nk mi); fixed-price; seller:Ferrari Beverly Hills
2026-09-15,812,spider,2022,899000,2636,USD,"Lake Bluff, USA",dealer,2022 Ferrari 812 GTS,https://preowned.ferrari.com/en-US/vehicle/IljixbcgVnJGsKsQfDGsrrhEn%2BUOZMRGKbKhpz74cQs0rBm4CErNWdyU4hBy86TBuIYTFSHG%2FxVCxkH%2BsPT0DBm37ulnKHUfYDOFF7ZMFA%3D%3D,Ferrari Approved (preowned.ferrari.com),ZFF97CMA6N0271466,Rosso California,,stock 271466
2026-09-15,812,spider,2022,899700,643,USD,"Plainview, USA",dealer,2022 Ferrari 812 GTS,https://preowned.ferrari.com/en-US/vehicle/IljixbcgVnJGsKsQfDGsrsfTA6%2Bp0MqRbrn2iA2Svv%2BCSxIe52uF3lETiQ1kKLmFuIYTFSHG%2FxVGxkH%2BsPL0DRu37ulnJH8WajeFFLZLEQ%3D%3D,Ferrari Approved (preowned.ferrari.com),ZFF97CMA2N0277474,Rosso Dino,,stock N0277474
2026-09-15,812,spider,2022,899900,5947,USD,"Bellevue, USA",dealer,2022 Ferrari 812 GTS,https://preowned.ferrari.com/en-US/vehicle/IljixbcgVnJGsKsQfDGsrhATzRPVANlWmVTV8jcEFxyN9wDns1xJco%2B%2FUYUZtEuPuIYTFSHG%2FxVHxkH%2BsPX0Cxa37ulnKXodazOGErdMGA%3D%3D,Ferrari Approved (preowned.ferrari.com),ZFF97CMA3N0270419,Blu Pozzi,,stock 20135; Classic.com asterisk asking; 5k mi displayed; mileage blank (rounded Nk mi); fixed-price; seller:Ferrari of Seattle; Classic.com asterisk asking; 5k mi displayed; mileage blank (rounded Nk mi); fixed-price; seller:Ferrari of Seattle
2026-09-15,812,spider,2022,899900,1432,USD,"Norwood, USA",dealer,2022 Ferrari 812 GTS,https://preowned.ferrari.com/en-US/vehicle/IljixbcgVnJGsKsQfDGsrnad4MTwpBaG4W7YucpfSYYq%2FIULdTM21mj0irxphW%2BXuIYTFSHG%2FxVBxkH%2BsPLwCRy37ulnL34WYDaFEbpJEg%3D%3D,Ferrari Approved (preowned.ferrari.com),ZFF97CMA5N0277033,Extra Sample,,stock P32506; Classic.com asterisk asking; 1k mi displayed; mileage blank (rounded Nk mi); fixed-price; seller:Boch Exotics; Classic.com asterisk asking; 1k mi displayed; mileage blank (rounded Nk mi); fixed-price; seller:Boch Exotics
2026-09-15,812,spider,2022,899995,,USD,"Beverly Hills, California, USA",dealer,2022 Ferrari 812 GTS,https://www.classic.com/veh/2022-ferrari-812-gts-zff97cmaxn0282681-WNRgwAW/,Classic.com,ZFF97CMAXN0282681,,,Classic.com asterisk asking; 1k mi displayed; mileage blank (rounded Nk mi); fixed-price; seller:TBTFW
2026-09-15,812,spider,2022,899999,193,USD,"Hinsdale, USA",dealer,2022 Ferrari 812 GTS,https://preowned.ferrari.com/en-US/vehicle/IljixbcgVnJGsKsQfDGsrq9IeSVKpNhkyQl0KvXjYvWjcEg19B7QXpLhNxAm%2FlV5uIYTFSHG%2FxVDxkH%2BsP35Cxy37ulnKHsXbj6MHLpNEg%3D%3D,Ferrari Approved (preowned.ferrari.com),ZFF97CMA7N0278913,Grigio Ferro,,stock C278913; Classic.com asterisk asking; fixed-price; seller:Continental AutoSports; Classic.com asterisk asking; fixed-price; seller:Continental AutoSports
2026-09-15,812,spider,2022,913200,5131,USD,"Mill Valley, USA",dealer,2022 Ferrari 812 GTS,https://preowned.ferrari.com/en-US/vehicle/IljixbcgVnJGsKsQfDGsrnVELs3gWoSS3i8x7GAU2cCicK2quGEUx7QVGB%2FtS1pQuIYTFSHG%2FxVNxkH%2BsPPxAx237ulnJX0cYTKCHbhPEQ%3D%3D,Ferrari Approved (preowned.ferrari.com),ZFF97CMA9N0276192,Rosso Fiorano,,stock ST0775; Classic.com asterisk asking; 5k mi displayed; mileage blank (rounded Nk mi); fixed-price; seller:Ferrari of San Francisco; Classic.com asterisk asking; 5k mi displayed; mileage blank (rounded Nk mi); fixed-price; seller:Ferrari of San Francisco
2026-09-15,812,spider,2022,924895,176,USD,"West Palm Beach, USA",dealer,2022 Ferrari 812 GTS,https://preowned.ferrari.com/en-US/vehicle/IljixbcgVnJGsKsQfDGsrkQUwWmqURb527UWuFdTV%2Bbve%2BFf%2B6lBMhPN6D2qrw18uIYTFSHG%2FxVNxkH%2BsPHyAxq37ulnL3QXYDSFHLdPFA%3D%3D,Ferrari Approved (preowned.ferrari.com),ZFF97CMA9N0274295,Giallo Modena,,stock PF1280; Classic.com asterisk asking; fixed-price; seller:Ferrari of Palm Beach; Classic.com asterisk asking; fixed-price; seller:Ferrari of Palm Beach
2026-09-15,812,spider,2022,929000,1732,USD,"Highlands Ranch, USA",dealer,2022 Ferrari 812 GTS,https://preowned.ferrari.com/en-US/vehicle/IljixbcgVnJGsKsQfDGsrvsmBnk%2Bt3twMe0fWr34hGG1C7ux30KjnzTZ6naE2i2kuIYTFSHG%2FxVCxkH%2BsPP5Ahe37ulnK38Wbz6NELxPEw%3D%3D,Ferrari Approved (preowned.ferrari.com),ZFF97CMA6N0276988,Bianco Cervino,,stock N0276988
2026-09-15,812,spider,2022,929990,3248,USD,"Houston, USA",dealer,2022 Ferrari 812 GTS,https://preowned.ferrari.com/en-US/vehicle/IljixbcgVnJGsKsQfDGsrshKsI7PqenYlYcL1sOcAseQ8B2d62rcRbYj8QwTbY1WuIYTFSHG%2FxVGxkH%2BsPDxDxi37ulnKnsWajaNEblGFg%3D%3D,Ferrari Approved (preowned.ferrari.com),ZFF97CMA2N0275157,Rosso Fuoco,,stock ZN0275157
2026-09-15,812,spider,2022,929990,3441,USD,"Highlands Ranch, USA",dealer,2022 Ferrari 812 GTS,https://preowned.ferrari.com/en-US/vehicle/IljixbcgVnJGsKsQfDGsrm2lATqwMf85ZLtvPngdpmlYs0unoEXeM6jkugyrecWsuIYTFSHG%2FxVHxkH%2BsfzzCxe37ulnKXQabjKNHbpKFQ%3D%3D,Ferrari Approved (preowned.ferrari.com),ZFF97CMA3N0269318,Extra Sample,,stock N0269318P; Classic.com asterisk asking; 3k mi displayed; mileage blank (rounded Nk mi); fixed-price; seller:Ferrari of Denver; Classic.com asterisk asking; 3k mi displayed; mileage blank (rounded Nk mi); fixed-price; seller:Ferrari of Denver
2026-09-15,812,spider,2022,929996,,USD,"Charlotte, North Carolina, USA",dealer,2022 Ferrari 812 GTS,https://www.classic.com/veh/2022-ferrari-812-gts-zff97cma6n0284587-4oDgkvn/,Classic.com,ZFF97CMA6N0284587,,,Classic.com asterisk asking; 5k mi displayed; mileage blank (rounded Nk mi); fixed-price; seller:McLaren Charlotte
2026-09-15,812,spider,2022,949000,1585,USD,"Beverly Hills, USA",dealer,2022 Ferrari 812 GTS,https://preowned.ferrari.com/en-US/vehicle/IljixbcgVnJGsKsQfDGsroTHMmGUJeuA5tUP3EU15QOn%2FSM%2FKRapf8%2ByIOMPW0m%2BuIYTFSHG%2FxVAxkH%2Bv%2Fb2Dx%2B37ulnKnkebj%2BBErpHFg%3D%3D,Ferrari Approved (preowned.ferrari.com),ZFF97CMA4N0283650,Alluminio Opaco,,stock 283650; Classic.com asterisk asking; 1k mi displayed; mileage blank (rounded Nk mi); fixed-price; seller:Ferrari Beverly Hills; Classic.com asterisk asking; 1k mi displayed; mileage blank (rounded Nk mi); fixed-price; seller:Ferrari Beverly Hills
2026-09-15,812,spider,2022,949900,63,USD,"Fort Lauderdale, USA",dealer,2022 Ferrari 812 GTS,https://preowned.ferrari.com/en-US/vehicle/IljixbcgVnJGsKsQfDGsrm6RWr5z9bK1xQY0ScX5Qt2RzJ2L3W3nbtDZ58kyefEYuIYTFSHG%2FxVDxkH%2BsPD4Ah237ulnKngXaDKAFblLFQ%3D%3D,Ferrari Approved (preowned.ferrari.com),ZFF97CMA7N0275882,Grigio Medio,,stock FC2811; Classic.com asterisk asking; fixed-price; seller:Ferrari of Fort Lauderdale; Classic.com asterisk asking; fixed-price; seller:Ferrari of Fort Lauderdale
2026-09-15,812,spider,2022,949900,,USD,"Addison, Texas, USA",dealer,2022 Ferrari 812 GTS,https://www.classic.com/veh/2022-ferrari-812-gts-zff97cma8n0286065-4MaE1X4/,Classic.com,ZFF97CMA8N0286065,,,Classic.com asterisk asking; 2k mi displayed; mileage blank (rounded Nk mi); fixed-price; seller:Tactical Fleet Dallas
2026-09-15,812,spider,2022,949990,2036,USD,"Highlands Ranch, USA",dealer,2022 Ferrari 812 GTS,https://preowned.ferrari.com/en-US/vehicle/IljixbcgVnJGsKsQfDGsrki08xoqLvRxZoiReCCEZ%2FlZJlTX7Swe64pKHpOD3NBQuIYTFSHG%2FxVGxkH%2Bv%2FTwCx%2B37ulnKXQabjKNHLlMEw%3D%3D,Ferrari Approved (preowned.ferrari.com),ZFF97CMA2N0281010,Grigio Ferro,,stock N0281010P; Classic.com asterisk asking; 2k mi displayed; mileage blank (rounded Nk mi); fixed-price; seller:Ferrari of Denver; Classic.com asterisk asking; 2k mi displayed; mileage blank (rounded Nk mi); fixed-price; seller:Ferrari of Denver
2026-09-15,812,spider,2022,949995,,USD,"Beverly Hills, California, USA",dealer,2022 Ferrari 812 GTS,https://www.classic.com/veh/2022-ferrari-812-gts-zff97cma5n0278862-WL00JOW/,Classic.com,ZFF97CMA5N0278862,,,Classic.com asterisk asking; 1k mi displayed; mileage blank (rounded Nk mi); fixed-price; seller:TBTFW
2026-09-15,812,spider,2022,959273,,USD,"Carrollton, Texas, USA",dealer,2022 Ferrari 812 GTS,https://www.classic.com/veh/2022-ferrari-812-gts-zff97cma6n0276800-n1ME7Gn/,Classic.com,ZFF97CMA6N0276800,,,Classic.com asterisk asking; 1k mi displayed; mileage blank (rounded Nk mi); fixed-price; seller:Earth MotorCars
2026-09-15,812,spider,2022,969900,5011,USD,"Norwood, USA",dealer,2022 Ferrari 812 GTS,https://preowned.ferrari.com/en-US/vehicle/IljixbcgVnJGsKsQfDGsruDyB%2FyKJuAGtpDxVgRCu1jtL0dR0GPPgtrjUWlRq1kTuIYTFSHG%2FxVGxkH%2BsfzyCxu37ulnKH0fYDWEE7lMFA%3D%3D,Ferrari Approved (preowned.ferrari.com),ZFF97CMA2N0269214,Extra Sample,,stock P32512; Classic.com asterisk asking; 4k mi displayed; mileage blank (rounded Nk mi); fixed-price; seller:Boch Exotics
2026-09-15,812,spider,2022,979888,171,USD,"Edison, USA",dealer,2022 Ferrari 812 GTS,https://preowned.ferrari.com/en-US/vehicle/IljixbcgVnJGsKsQfDGsrjvuZ4MrHTFPRt70gnbJcApkX8W1UjX6sDCinqU2rxpMuIYTFSHG%2FxVBxkH%2BsPf2DRy37ulnKnUcYT6CFLxKFQ%3D%3D,Ferrari Approved (preowned.ferrari.com),ZFF97CMA5N0272673,Nero,,stock F0272673T
2026-09-15,812,spider,2022,989700,935,USD,"Plainview, USA",dealer,2022 Ferrari 812 GTS,https://preowned.ferrari.com/en-US/vehicle/IljixbcgVnJGsKsQfDGsrieBE2vo7TrC7NV1u2j4b%2F%2BZoWYwMib8QeAaVDIxmGZwuIYTFSHG%2FxUsxkH%2BsPz5Ax637ulnKX0aaTaNFLZMEw%3D%3D,Ferrari Approved (preowned.ferrari.com),ZFF97CMAXN0279991,Nero,,stock N0279991
2026-09-15,812,spider,2022,989895,5074,USD,"West Palm Beach, USA",dealer,2022 Ferrari 812 GTS,https://preowned.ferrari.com/en-US/vehicle/IljixbcgVnJGsKsQfDGsrqEGGjPHSs0RVWy0TE3LF1wPlHghFevdShuTcJI29aNkuIYTFSHG%2FxVBxkH%2Bv%2Fb4Dha37ulnJXwYYTONHLtJFQ%3D%3D,Ferrari Approved (preowned.ferrari.com),ZFF97CMA5N0283849,Azzurro Met,,stock PF1289; Classic.com asterisk asking; 5k mi displayed; mileage blank (rounded Nk mi); fixed-price; seller:Ferrari of Palm Beach; Classic.com asterisk asking; 5k mi displayed; mileage blank (rounded Nk mi); fixed-price; seller:Ferrari of Palm Beach
2026-09-15,812,spider,2022,999999,,USD,"Englewood, Colorado, USA",dealer,2022 Ferrari 812 GTS,https://www.classic.com/veh/2022-ferrari-812-gts-zff97cma7n0284579-47jo5ep/,Classic.com,ZFF97CMA7N0284579,,,Classic.com asterisk asking; 2k mi displayed; mileage blank (rounded Nk mi); fixed-price; seller:Blue Chip
2026-09-15,812,spider,2022,1094888,,USD,"San Luis Obispo, California, USA",dealer,2022 Ferrari 812 GTS,https://www.classic.com/veh/2022-ferrari-812-gts-zff97cma6n0280703-4V2Bdy4/,Classic.com,ZFF97CMA6N0280703,,,Classic.com asterisk asking; 4k mi displayed; mileage blank (rounded Nk mi); fixed-price; seller:Porsche San Luis Obispo
2026-09-15,812,spider,2022,1099000,2134,USD,"Boca Raton, USA",dealer,2022 Ferrari 812 GTS,https://preowned.ferrari.com/en-US/vehicle/IljixbcgVnJGsKsQfDGsrqlFyITOdrz4kwxKsJwjIAwBQ6GzlgMZMmsBgA7qIVYSuIYTFSHG%2FxVExkH%2Bv%2FX3Ch%2B37ulnJX0cYTGDF7dOEA%3D%3D,Ferrari Approved (preowned.ferrari.com),ZFF97CMA0N0280700,Extra Sample,,stock BP1095
2026-09-15,812,spider,2022,1099888,,USD,"San Luis Obispo, California, USA",dealer,2022 Ferrari 812 GTS,https://www.classic.com/veh/2022-ferrari-812-gts-zff97cma0n0283497-WvZZmlW/,Classic.com,ZFF97CMA0N0283497,,,Classic.com asterisk asking; 2k mi displayed; mileage blank (rounded Nk mi); fixed-price; seller:Porsche San Luis Obispo
2026-09-15,812,spider,2022,1100000,777,USD,"Edison, USA",dealer,2022 Ferrari 812 GTS,https://preowned.ferrari.com/en-US/vehicle/IljixbcgVnJGsKsQfDGsrlTSWpZV5jbWz1TY6zJC3fCWj8hF0JgNOLkXRndyh6C7uIYTFSHG%2FxVBxkH%2Bv%2FTzCx637ulnJXwfYTOMHb1GEw%3D%3D,Ferrari Approved (preowned.ferrari.com),ZFF97CMA5N0281311,Sanusilver,,stock F0281311C2A
2026-09-15,812,spider,2022,1175000,1614,USD,"Charlotte, USA",dealer,2022 Ferrari 812 GTS,https://preowned.ferrari.com/en-US/vehicle/IljixbcgVnJGsKsQfDGsrhRO4BUfpklHMt57eIoCsDVw6kjcxWkTnt9EQXrBbddduIYTFSHG%2FxVCxkH%2BsPD1DRa37ulnJH8abjSNELhNGQ%3D%3D,Ferrari Approved (preowned.ferrari.com),ZFF97CMA6N0275579,Alluminio Opaco,,stock HCF2004; Classic.com asterisk asking; 1k mi displayed; mileage blank (rounded Nk mi); fixed-price; seller:Ferrari of Charlotte; Classic.com asterisk asking; 1k mi displayed; mileage blank (rounded Nk mi); fixed-price; seller:Ferrari of Charlotte
2026-09-15,812,spider,2022,1199000,,USD,"Costa Mesa, California, USA",dealer,2022 Ferrari 812 GTS,https://www.classic.com/veh/2022-ferrari-812-gts-zff97cma7n0275140-nXwR6b4/,Classic.com,ZFF97CMA7N0275140,,,Classic.com asterisk asking; 2k mi displayed; mileage blank (rounded Nk mi); fixed-price; seller:iLusso Costa Mesa
2026-09-15,812,spider,2022,1199995,1193,USD,"Beverly Hills, California, USA",dealer,Used 2022 Ferrari 812 GTS Tailor Made,https://www.cars.com/vehicledetail/749b6392-31ed-45e1-be8f-21526d03ea31/?attribution_type=isa&sid=a2850dd8-b1d4-4caa-b2fd-c1b6fd36e375,Cars.com,ZFF97CMA8N0286129,,,Classic.com asterisk asking; 1k mi displayed; mileage blank (rounded Nk mi); fixed-price; seller:TBTFW
2026-09-15,812,spider,2022,1399990,1211,USD,"Golden Valley, USA",dealer,2022 Ferrari 812 GTS,https://preowned.ferrari.com/en-US/vehicle/IljixbcgVnJGsKsQfDGsrqYExQ7RUEY9ue9KYcIru4jTjlbrt96XdM%2BCKGSsqeZAuIYTFSHG%2FxVCxkH%2Bv%2Fb4CBi37ulnK30ebz%2BNFbhMEg%3D%3D,Ferrari Approved (preowned.ferrari.com),ZFF97CMA6N0283827,Extra Sample,,stock N0283827CO
2026-09-15,812,spider,2023,799900,9738,USD,"Lake Bluff, USA",dealer,2023 Ferrari 812 GTS,https://preowned.ferrari.com/en-US/vehicle/IljixbcgVnJGsKsQfDGsruKjEyTmO0b4NmfooQI7Cmb04ijvvwk1yHKg6pq0YyJEuIYTFSHG%2FxVA2EH%2Bvvb4Dh237ulnKHUfYDOFELtNFw%3D%3D,Ferrari Approved (preowned.ferrari.com),ZFF97CMA4P0293842,Grigio Titanio Metall,,stock 293842
2026-09-15,812,spider,2023,800699,1288,USD,"Greenwich, USA",dealer,2023 Ferrari 812 GTS,https://preowned.ferrari.com/en-US/vehicle/IljixbcgVnJGsKsQfDGsruPlE69GodN8j0Q28TxEbUIl8DnI26mxzqDHpcVWQ%2FVSuIYTFSHG%2FxVN2EH%2BvvD2Dha37ulnL3odaTKAFbpJFQ%3D%3D,Ferrari Approved (preowned.ferrari.com),ZFF97CMA9P0295649,Rosso Maranello,,stock 52309C
2026-09-15,812,spider,2023,849800,3782,USD,"Torrance, USA",dealer,2023 Ferrari 812 GTS,https://preowned.ferrari.com/en-US/vehicle/IljixbcgVnJGsKsQfDGsrqSubPPQkW1m0HFFmdO6QvXQUAmQsyzKntw3hhG%2FzLKouIYTFSHG%2FxVE2EH%2BvvTwCxa37ulnKXsbaTKCHL9PGA%3D%3D,Ferrari Approved (preowned.ferrari.com),ZFF97CMA0P0291019,Grigio Ferro,,stock 291019; Classic.com asterisk asking; 3k mi displayed; mileage blank (rounded Nk mi); fixed-price; seller:Ferrari South Bay; Classic.com asterisk asking; 3k mi displayed; mileage blank (rounded Nk mi); fixed-price; seller:Ferrari South Bay
2026-09-15,812,spider,2023,870125,1715,USD,"Plano, USA",dealer,2023 Ferrari 812 GTS,https://preowned.ferrari.com/en-US/vehicle/IljixbcgVnJGsKsQfDGsroQI202M0M5D9fNewkn6K3QjgNL7tpVo%2BG6SK%2FdRz6j%2BuIYTFSHG%2FxVN2EH%2BvvX5DR%2B37ulnKX4dbDKME7xKEg%3D%3D,Ferrari Approved (preowned.ferrari.com),ZFF97CMA9P0290970,Blu Abu Dhabi,,stock Z0290970; Classic.com asterisk asking; 1k mi displayed; mileage blank (rounded Nk mi); fixed-price; seller:Maserati of Plano
2026-09-15,812,spider,2023,879988,2658,USD,"Sterling, USA",dealer,2023 Ferrari 812 GTS,https://preowned.ferrari.com/en-US/vehicle/IljixbcgVnJGsKsQfDGsrumEAmZOMbNP%2FgnGg%2FYrviO8ekHPxKxEE3R7Z1lTZmk6uIYTFSHG%2FxVF2EH%2BvvH5DRe37ulnKHkdaDeAFLhHFg%3D%3D,Ferrari Approved (preowned.ferrari.com),ZFF97CMA1P0294978,Bianco Avus,,stock FP0247
2026-09-15,812,spider,2023,889900,6074,USD,"Norwood, USA",dealer,2023 Ferrari 812 GTS,https://preowned.ferrari.com/en-US/vehicle/IljixbcgVnJGsKsQfDGsrvM6pT%2Bwj2jctpgCVUMHBOj10I28VRSC6%2Fnnuk4S%2FHmluIYTFSHG%2FxVB2EH%2BvvH1Ah%2B37ulnK3QaYTKFF71GGQ%3D%3D,Ferrari Approved (preowned.ferrari.com),ZFF97CMA5P0294580,Rosso Corsa,,stock P32514A; Classic.com asterisk asking; 6k mi displayed; mileage blank (rounded Nk mi); fixed-price; seller:Boch Exotics; Classic.com asterisk asking; 6k mi displayed; mileage blank (rounded Nk mi); fixed-price; seller:Boch Exotics
2026-09-15,812,spider,2023,898900,984,USD,"Hinsdale, USA",dealer,2023 Ferrari 812 GTS,https://preowned.ferrari.com/en-US/vehicle/IljixbcgVnJGsKsQfDGsrnzbgx14TamNXQhhn5WCgRUH5qXhCd1X9BX2b81QXZuouIYTFSHG%2FxVC2EH%2BvvHxCxe37ulnKnofbDKCELxMFQ%3D%3D,Ferrari Approved (preowned.ferrari.com),ZFF97CMA6P0294118,Rosso Fiorano,,stock C294118; Classic.com asterisk asking; fixed-price; seller:Continental AutoSports; Classic.com asterisk asking; fixed-price; seller:Continental AutoSports
2026-09-15,812,spider,2023,899000,3167,USD,"Lake Bluff, USA",dealer,2023 Ferrari 812 GTS,https://preowned.ferrari.com/en-US/vehicle/IljixbcgVnJGsKsQfDGsrjkfHuz6QVz5bcRoq%2Bgk6rR4ueiNQZrgBSLuKYVqxGbFuIYTFSHG%2FxVD2EH%2BvvLyDR637ulnK3UXaT6NFbZHFw%3D%3D,Ferrari Approved (preowned.ferrari.com),ZFF97CMA7P0297271,Rosso 70 Anni,,stock 297271
2026-09-15,812,spider,2023,899988,1482,USD,"Sterling, USA",dealer,2023 Ferrari 812 GTS,https://preowned.ferrari.com/en-US/vehicle/IljixbcgVnJGsKsQfDGsriDsuyAVvz7s5r9LeGIb5LE12k53KZWyXQbnNlUm6%2B%2FwuIYTFSHG%2FxVM2EH%2BvvH1DRy37ulnK3QdbD%2BCHbxOEA%3D%3D,Ferrari Approved (preowned.ferrari.com),ZFF97CMA8P0294573,Grigio Silverstone,Red,stock CFF3527; Stock # CFF3527; trim: GTS Convertible RWD
2026-09-15,812,spider,2023,900125,2098,USD,"Plano, USA",dealer,2023 Ferrari 812 GTS,https://preowned.ferrari.com/en-US/vehicle/IljixbcgVnJGsKsQfDGsrsFzyBgorCbbZHUffNdQ9O46rOeEiT5MrOpL6qplVJWIuIYTFSHG%2FxVH2EH%2Bvvb2Dh%2B37ulnKHwWYDKBHLhGFQ%3D%3D,Ferrari Approved (preowned.ferrari.com),ZFF97CMA3P0293640,Nero Daytona,,stock P0293640; Classic.com asterisk asking; 2k mi displayed; mileage blank (rounded Nk mi); fixed-price; seller:Maserati of Plano
2026-09-15,812,spider,2023,914900,3120,USD,"Bellevue, USA",dealer,2023 Ferrari 812 GTS,https://preowned.ferrari.com/en-US/vehicle/IljixbcgVnJGsKsQfDGsri6jzQC3xJYcwLb2vEtAAIpSl9l%2B58sPo1U%2FusYcNypquIYTFSHG%2FxVN2EH%2BvvD2CRq37ulnK3wdbTGBE7lLFQ%3D%3D,Ferrari Approved (preowned.ferrari.com),ZFF97CMA9P0295635,Rosso Ferrari F1-75 Opaco,,stock 20132A; Classic.com asterisk asking; 3k mi displayed; mileage blank (rounded Nk mi); fixed-price; seller:Ferrari of Seattle; Classic.com asterisk asking; 3k mi displayed; mileage blank (rounded Nk mi); fixed-price; seller:Ferrari of Seattle
2026-09-15,812,spider,2023,925800,589,USD,"Newport Beach, California, USA",dealer,2023 Ferrari 812 GTS,https://www.classic.com/veh/2023-ferrari-812-gts-zff97cma8p0294119-nQx0jw4/,Classic.com,ZFF97CMA8P0294119,Yellow,Cuoio,Classic.com asterisk asking; fixed-price; seller:Copley West; Stock # WEB549257; trim: GTS Convertible RWD
2026-09-15,812,spider,2023,925998,4986,USD,"Fort Lauderdale, Florida, USA",dealer,Used 2023 Ferrari 812 GTS Base,https://www.cars.com/vehicledetail/95b06645-0117-488d-854f-5a2ad0337b75/?sid=a2850dd8-b1d4-4caa-b2fd-c1b6fd36e375,Cars.com,ZFF97CMA8P0299899,,,Classic.com asterisk asking; 5k mi displayed; mileage blank (rounded Nk mi); fixed-price; seller:Las Olas Autohaus
2026-09-15,812,spider,2023,929900,971,USD,"Lake Bluff, USA",dealer,2023 Ferrari 812 GTS,https://preowned.ferrari.com/en-US/vehicle/IljixbcgVnJGsKsQfDGsrpq%2FrvJEuIqatefAuY7Gsl9DQqZJDW0e2rydZyFjXzSLuIYTFSHG%2FxVM2EH%2BvvLyAh%2B37ulnKngfbDCAEbtNGA%3D%3D,Ferrari Approved (preowned.ferrari.com),ZFF97CMA8P0297280,Grigio Silverstone,,stock 297280
2026-09-15,812,spider,2023,931690,608,USD,"Phoenix, USA",dealer,2023 Ferrari 812 GTS,https://preowned.ferrari.com/en-US/vehicle/IljixbcgVnJGsKsQfDGsrhvQMAQb0orPZml6ljzY18M%2F31MymeD6Eec3OvYr4ahWuIYTFSHG%2FxVF2EH%2Bv%2Fz0CBq37ulnJH8caD6HHLdGEw%3D%3D,Ferrari Approved (preowned.ferrari.com),ZFF97CMA1P0289425,Rosso Corsa,,stock FP5403
2026-09-15,812,spider,2023,939000,4241,USD,"Pompano Beach, Florida, USA",dealer,Used 2023 Ferrari 812 GTS Convertible,https://www.cars.com/vehicledetail/4d8d2ca9-7c53-4579-b927-e04671c7025d/?sid=a2850dd8-b1d4-4caa-b2fd-c1b6fd36e375,Cars.com,ZFF97CMA8P0289891,,,Classic.com asterisk asking; 4k mi displayed; mileage blank (rounded Nk mi); fixed-price; seller:Southeast Auto Showroom
2026-09-15,812,spider,2023,939995,,USD,"Zionsville, Indiana, USA",dealer,2023 Ferrari 812 GTS,https://www.classic.com/veh/2023-ferrari-812-gts-zff97cma4p0299897-4a5AOO4/,Classic.com,ZFF97CMA4P0299897,,,Classic.com asterisk asking; 4k mi displayed; mileage blank (rounded Nk mi); fixed-price; seller:Graham Rahal Performance
2026-09-15,812,spider,2023,939995,1253,USD,"Beverly Hills, California, USA",dealer,Used 2023 Ferrari 812 GTS,https://www.cars.com/vehicledetail/9ea7160e-5f98-42ab-8fb2-c25792aeea31/?attribution_type=isa&sid=a2850dd8-b1d4-4caa-b2fd-c1b6fd36e375,Cars.com,ZFF97CMA5P0302211,,,Classic.com asterisk asking; 1k mi displayed; mileage blank (rounded Nk mi); fixed-price; seller:TBTFW
2026-09-15,812,spider,2023,949900,4161,USD,"Lake Bluff, USA",dealer,2023 Ferrari 812 GTS,https://preowned.ferrari.com/en-US/vehicle/IljixbcgVnJGsKsQfDGsrsYR4XgBqaJ0A9tPdlHYegvT2ojQiDA3MUStzK8DpAASuIYTFSHG%2FxVG2EH%2Ft%2FXyDBe37ulnKnoZbT6CFrtOEw%3D%3D,Ferrari Approved (preowned.ferrari.com),ZFF97CMA2P0300268,Canna di Fucile,,stock 300268
2026-09-15,812,spider,2023,949900,734,USD,"Fort Lauderdale, USA",dealer,2023 Ferrari 812 GTS,https://preowned.ferrari.com/en-US/vehicle/IljixbcgVnJGsKsQfDGsrqqU3jcdY5tZm1wIWxhZnOze%2Fnugp314JjZKEJ498a88uIYTFSHG%2FxUs2EH%2BvvD2Dhu37ulnKHodbjOBE75OFw%3D%3D,Ferrari Approved (preowned.ferrari.com),ZFF97CMAXP0295644,Grigio Titanio Metall,,stock FC2808; Classic.com asterisk asking; fixed-price; seller:Ferrari of Fort Lauderdale; Classic.com asterisk asking; fixed-price; seller:Ferrari of Fort Lauderdale
2026-09-15,812,spider,2023,949912,,USD,"West Chicago, Illinois, USA",dealer,2023 Ferrari 812 GTS,https://www.classic.com/veh/2023-ferrari-812-gts-zff97cmaxp0300700-nOxOQAW/,Classic.com,ZFF97CMAXP0300700,,,Classic.com asterisk asking; 2k mi displayed; mileage blank (rounded Nk mi); fixed-price; seller:Chicago Motor Cars
2026-09-15,812,spider,2023,959912,,USD,"West Chicago, Illinois, USA",dealer,2023 Ferrari 812 GTS,https://www.classic.com/veh/2023-ferrari-812-gts-zff97cma0p0291005-p6oMLm4/,Classic.com,ZFF97CMA0P0291005,,,Classic.com asterisk asking; 1k mi displayed; mileage blank (rounded Nk mi); fixed-price; seller:Chicago Motor Cars
2026-09-15,812,spider,2023,969912,,USD,"West Chicago, Illinois, USA",dealer,2023 Ferrari 812 GTS,https://www.classic.com/veh/2023-ferrari-812-gts-zff97cma8p0299126-4A7Q93W/,Classic.com,ZFF97CMA8P0299126,,,Classic.com asterisk asking; 1k mi displayed; mileage blank (rounded Nk mi); fixed-price; seller:Chicago Motor Cars
2026-09-15,812,spider,2023,969950,,USD,"Miami-Dade County, Florida, USA",dealer,2023 Ferrari 812 GTS,https://www.classic.com/veh/2023-ferrari-812-gts-zff97cma3p0287367-WYwAVX4/,Classic.com,ZFF97CMA3P0287367,,,Classic.com asterisk asking; 1k mi displayed; mileage blank (rounded Nk mi); fixed-price; seller:Prestige Imports; Classic.com asterisk asking; 1k mi displayed; mileage blank (rounded Nk mi); fixed-price; seller:Porsche San Luis Obispo; Classic.com asterisk asking; 1k mi displayed; mileage blank (rounded Nk mi); fixed-price; seller:Porsche San Luis Obispo; Classic.com asterisk asking; 1k mi displayed; mileage blank (rounded Nk mi); fixed-price; seller:Prestige Imports
2026-09-15,812,spider,2023,974977,3725,USD,"Las Vegas, USA",dealer,2023 Ferrari 812 GTS,https://preowned.ferrari.com/en-US/vehicle/IljixbcgVnJGsKsQfDGsrhGzsAiUIN%2FB3%2FkxjZWtd0HfQy94q%2FV5LSeNiA3P3a27uIYTFSHG%2FxVA2EH%2Bvvf0CRy37ulnKXUXbD%2BAFrtOFA%3D%3D,Ferrari Approved (preowned.ferrari.com),ZFF97CMA4P0292433,Extra Sample,,stock C292433; Classic.com asterisk asking; 3k mi displayed; mileage blank (rounded Nk mi); fixed-price; seller:Towbin Motorcars; Classic.com asterisk asking; 3k mi displayed; mileage blank (rounded Nk mi); fixed-price; seller:Towbin Motorcars
2026-09-15,812,spider,2023,999912,575,USD,"West Chicago, Illinois, USA",dealer,2023 Ferrari 812 GTS,https://www.classic.com/veh/2023-ferrari-812-gts-zff97cma7p0291891-n3GVeRn/,Classic.com,ZFF97CMA7P0291891,,,Classic.com asterisk asking; fixed-price; seller:Chicago Motor Cars
2026-09-15,812,spider,2023,999996,,USD,"Charlotte, North Carolina, USA",dealer,2023 Ferrari 812 GTS,https://www.classic.com/veh/2023-ferrari-812-gts-zff97cma8p0287347-WvvyJmW/,Classic.com,ZFF97CMA8P0287347,,,Classic.com asterisk asking; 2k mi displayed; mileage blank (rounded Nk mi); fixed-price; seller:McLaren Charlotte
2026-09-15,812,spider,2023,1050000,5123,USD,"Roswell, USA",dealer,2023 Ferrari 812 GTS,https://preowned.ferrari.com/en-US/vehicle/IljixbcgVnJGsKsQfDGsru0qz0nzlwV1%2BixAuRiXD8MmbwU8Q3s0N6ry7Ffx79%2FpuIYTFSHG%2FxUs2EH%2Bv%2FzzAhe37ulnK38dYTGAE7hOFA%3D%3D,Ferrari Approved (preowned.ferrari.com),ZFF97CMAXP0289388,Extra Sample,,stock C1452; Classic.com asterisk asking; 5k mi displayed; mileage blank (rounded Nk mi); fixed-price; seller:Maserati of Atlanta
2026-09-15,812,spider,2023,1089895,450,USD,"Orlando, USA",dealer,2023 Ferrari 812 GTS,https://preowned.ferrari.com/en-US/vehicle/IljixbcgVnJGsKsQfDGsrnS6rZWrPwURnpbAJ2XYK1D8vdreFEBnbaAWBPD4h3JguIYTFSHG%2FxVG2EH%2Bvv32Dha37ulnKXUaazSNHb5OEw%3D%3D,Ferrari Approved (preowned.ferrari.com),ZFF97CMA2P0298649,Rosso Berlinetta,,stock C298649
2026-09-15,812,spider,2023,1099900,170,USD,"Coral Gables, USA",dealer,2023 Ferrari 812 GTS,https://preowned.ferrari.com/en-US/vehicle/IljixbcgVnJGsKsQfDGsroAKfVqdrMdyMP3zXSke9wQHhXKDYapmJcmK8LzwrrFUuIYTFSHG%2FxVC2EH%2BvvT4Axm37ulnJH8caTaAEbZGEA%3D%3D,Ferrari Approved (preowned.ferrari.com),ZFF97CMA6P0291896,Verde British,,stock P0291896CS
2026-09-15,812,spider,2023,1149995,2133,USD,"Beverly Hills, California, USA",dealer,Used 2023 Ferrari 812 GTS,https://www.cars.com/vehicledetail/cad7d02b-4f57-4684-97bc-a4be3e72768d/?attribution_type=p_one&sid=a2850dd8-b1d4-4caa-b2fd-c1b6fd36e375,Cars.com,ZFF97CMA8P0300226,,,Classic.com asterisk asking; 2k mi displayed; mileage blank (rounded Nk mi); fixed-price; seller:TBTFW
2026-09-15,812,spider,2023,1165326,88,USD,"Spring Valley Rockland County New York, USA",dealer,2023 Ferrari 812 GTS,https://preowned.ferrari.com/en-US/vehicle/IljixbcgVnJGsKsQfDGsrhP1SqyWpDq2L8s8V276B3V33rpP1BCJ77s8W%2Ba115VQuIYTFSHG%2FxVA2EH%2BvvH1DR637ulnKHQebD6EFr9LGQ%3D%3D,Ferrari Approved (preowned.ferrari.com),ZFF97CMA4P0294571,Rosso Corsa,,stock FM4571; Classic.com asterisk asking; fixed-price; seller:Wide World Ferrari; Classic.com asterisk asking; fixed-price; seller:Wide World Ferrari
2026-09-15,812,spider,2023,1196194,1667,USD,"Naples, Florida, USA",dealer,Used 2023 Ferrari 812 GTS Base,https://www.cars.com/vehicledetail/ee297e34-1f2a-425f-9317-d0ccb1bbb0b2/?sid=a2850dd8-b1d4-4caa-b2fd-c1b6fd36e375,Cars.com,ZFF97CMA9P0289902,,,Classic.com asterisk asking; 1k mi displayed; mileage blank (rounded Nk mi); fixed-price; seller:Naples Luxury Imports
2026-09-15,812,spider,2023,1250000,134,USD,"Lake Bluff, USA",dealer,2023 Ferrari 812 GTS,https://preowned.ferrari.com/en-US/vehicle/IljixbcgVnJGsKsQfDGsri8F4m3j13Aa13dLfWWY0cycna0jcOP5B8My%2BiBWp5yCuIYTFSHG%2FxVA2EH%2Bvvz2Ahi37ulnK3UXaT6CHL9GFg%3D%3D,Ferrari Approved (preowned.ferrari.com),ZFF97CMA4P0299687,Extra Sample,,stock 299687
2026-09-15,812,spider,2023,1399900,2637,USD,"Fort Lauderdale, USA",dealer,2023 Ferrari 812 GTS,https://preowned.ferrari.com/en-US/vehicle/IljixbcgVnJGsKsQfDGsrjOXQjFPSIXk9CkuO7QUjDqfpEFnuwsU%2FznmHMO7KmHouIYTFSHG%2FxVH2EH%2Ft%2FX2Dx237ulnJH0YaD6DHLtGEQ%3D%3D,Ferrari Approved (preowned.ferrari.com),ZFF97CMA3P0300652,Azzurro La Plata,,stock FC2825; Classic.com asterisk asking; 2k mi displayed; mileage blank (rounded Nk mi); fixed-price; seller:Ferrari of Fort Lauderdale; Classic.com asterisk asking; 2k mi displayed; mileage blank (rounded Nk mi); fixed-price; seller:Ferrari of Fort Lauderdale
2026-09-15,F12,coupe,2013,275000,,USD,"Duval County, Florida, USA",dealer,2013 Ferrari F12berlinetta,https://www.classic.com/veh/2013-ferrari-f12berlinetta-zff74uhb000193781-4a50lx4/,Classic.com,ZFF74UHB000193781,,,Classic.com asterisk asking; 1k mi displayed; mileage blank (rounded Nk mi); fixed-price; seller:Performance Auto Club
2026-09-15,F12,coupe,2013,497990,19395,USD,"Miami, Florida, USA",dealer,Used 2013 Ferrari F12berlinetta Base,https://www.cars.com/vehicledetail/8e5d9e42-4d4b-415a-af74-01daa799596e/?sid=9d39cd36-daa3-4677-8a11-5bf19ed0420f,Cars.com,ZFF74UFA9D0195775,,,Classic.com asterisk asking; 19k mi displayed; mileage blank (rounded Nk mi); fixed-price; seller:Ferco Motors
2026-09-15,F12,coupe,2013,575999,10096,USD,"Charlotte, USA",dealer,2013 Ferrari F12berlinetta,https://preowned.ferrari.com/en-US/vehicle/IljixbcgVnJGsKsQfDGsrjxSpVelM47kcMhpLAVwgjbHzp%2Fy8uQd4yNp0D1vAb98uIYTGyLQ9BVCzEH9vvD4Ah%2B37ulnJH8abjSMEbdLGQ%3D%3D,Ferrari Approved (preowned.ferrari.com),ZFF74UFA6D0195880,Nero,,stock XF18885; Classic.com asterisk asking; 10k mi displayed; mileage blank (rounded Nk mi); fixed-price; seller:Ferrari of Charlotte; Classic.com asterisk asking; 10k mi displayed; mileage blank (rounded Nk mi); fixed-price; seller:Ferrari of Charlotte; Classic.com asterisk asking; 10k mi displayed; mileage blank (rounded Nk mi); fixed-price; seller:Ferrari of Charlotte; Classic.com asterisk asking; 10k mi displayed; mileage blank (rounded Nk mi); fixed-price; seller:Ferrari of Charlotte; Classic.com asterisk asking; 10k mi displayed; mileage blank (rounded Nk mi); fixed-price; seller:Ferrari of Charlotte; Classic.com asterisk asking; 10k mi displayed; mileage blank (rounded Nk mi); fixed-price; seller:Ferrari of Charlotte; Classic.com asterisk asking; 10k mi displayed; mileage blank (rounded Nk mi); fixed-price; seller:Ferrari of Charlotte; Classic.com asterisk asking; 10k mi displayed; mileage blank (rounded Nk mi); fixed-price; seller:Ferrari of Charlotte
2026-09-15,F12,coupe,2014,439714,17221,USD,,dealer,Used 2014 Ferrari F12berlinetta Base,https://www.cars.com/vehicledetail/4b14b243-abec-4d5f-93a8-99eeb7a723c8/?sid=9d39cd36-daa3-4677-8a11-5bf19ed0420f,Cars.com,ZFF74UFA8E0198250,,,
2026-09-15,F12,coupe,2014,479900,29872,USD,"Charlotte, North Carolina, USA",dealer,Used 2014 Ferrari F12berlinetta Base,https://www.cars.com/vehicledetail/49ffd631-47b5-4afb-a2ad-1b47c1c565f1/?sid=9d39cd36-daa3-4677-8a11-5bf19ed0420f,Cars.com,ZFF74UFA1E0203370,,,Classic.com asterisk asking; 29k mi displayed; mileage blank (rounded Nk mi); fixed-price; seller:Tactical Fleet Charlotte
2026-09-15,F12,coupe,2014,495125,13888,USD,"Plano, USA",dealer,2014 Ferrari F12berlinetta,https://preowned.ferrari.com/en-US/vehicle/IljixbcgVnJGsKsQfDGsri73tLF2cA5BS2KG9QvPjec%2Bh7qnHNIY0wNnQ%2BrKgypCuIYTGyLQ9BVFzUH%2Bt%2Ff3Chq37ulnKHQbazSGFrZMGQ%3D%3D,Ferrari Approved (preowned.ferrari.com),ZFF74UFA1E0202705,Nero Daytona,,stock P0202705; Classic.com asterisk asking; 13k mi displayed; mileage blank (rounded Nk mi); fixed-price; seller:Maserati of Plano; Classic.com asterisk asking; 13k mi displayed; mileage blank (rounded Nk mi); fixed-price; seller:Maserati of Plano
2026-09-15,F12,coupe,2014,496294,12377,USD,,dealer,Used 2014 Ferrari F12berlinetta Base,https://www.cars.com/vehicledetail/c3f01ddc-58dc-4489-bc77-e6718a1aad1d/?sid=9d39cd36-daa3-4677-8a11-5bf19ed0420f,Cars.com,ZFF74UFA4E0200107,,,
2026-09-15,F12,coupe,2014,499999,17277,USD,"Hinsdale, USA",dealer,2014 Ferrari F12berlinetta,https://preowned.ferrari.com/en-US/vehicle/IljixbcgVnJGsKsQfDGsrhngK4AmHrEc%2B%2F80gZH7mKU8s7OQ6wkV94NxDseLpTWpuIYTGyLQ9BVAzUH9vvz1CRa37ulnL3saYDGNFbxLFw%3D%3D,Ferrari Approved (preowned.ferrari.com),ZFF74UFA4E0199539,Rosso Corsa,,stock 9781; Classic.com asterisk asking; 17k mi displayed; mileage blank (rounded Nk mi); fixed-price; seller:Continental AutoSports; Classic.com asterisk asking; 17k mi displayed; mileage blank (rounded Nk mi); fixed-price; seller:Continental AutoSports
2026-09-15,F12,coupe,2014,514480,17437,USD,"Salt Lake City, USA",dealer,2014 Ferrari F12berlinetta,https://preowned.ferrari.com/en-US/vehicle/IljixbcgVnJGsKsQfDGsrgdxvFUX5a9UIZQQelguqMUPfi4IV%2FQWTuk3Wo%2FomBtzuIYTGyLQ9BVHzUH%2Bt%2FbwAxu37ulnKn0fbDOGHLxGGA%3D%3D,Ferrari Approved (preowned.ferrari.com),ZFF74UFA3E0203094,Grigio Scuro,,stock E0203094P
2026-09-15,F12,coupe,2014,520000,19722,USD,"San Diego, USA",dealer,2014 Ferrari F12berlinetta,https://preowned.ferrari.com/en-US/vehicle/IljixbcgVnJGsKsQfDGsrudTPhoeKi1MgSxAB4j%2BX%2F4ip4xLJCkLXeQDkAiN4z5auIYTGyLQ9BVMzUH%2Bt%2FbyCB237ulnJHgYbTaCFr1LFQ%3D%3D,Ferrari Approved (preowned.ferrari.com),ZFF74UFA8E0203222,Grigio Silverstone,,stock SD5806C; Classic.com asterisk asking; 19k mi displayed; mileage blank (rounded Nk mi); fixed-price; seller:Ferrari of San Diego; Classic.com asterisk asking; 19k mi displayed; mileage blank (rounded Nk mi); fixed-price; seller:Ferrari of San Diego; Classic.com asterisk asking; 19k mi displayed; mileage blank (rounded Nk mi); fixed-price; seller:Ferrari of San Diego; Classic.com asterisk asking; 19k mi displayed; mileage blank (rounded Nk mi); fixed-price; seller:Ferrari of San Diego; Classic.com asterisk asking; 19k mi displayed; mileage blank (rounded Nk mi); fixed-price; seller:Ferrari of San Diego; Classic.com asterisk asking; 19k mi displayed; mileage blank (rounded Nk mi); fixed-price; seller:Ferrari of San Diego; Classic.com asterisk asking; 19k mi displayed; mileage blank (rounded Nk mi); fixed-price; seller:Ferrari of San Diego; Classic.com asterisk asking; 19k mi displayed; mileage blank (rounded Nk mi); fixed-price; seller:Ferrari of San Diego
2026-09-15,F12,coupe,2014,546189,11303,USD,,dealer,Used 2014 Ferrari F12berlinetta Base,https://www.cars.com/vehicledetail/60ded977-9be3-4216-bdb0-51c8d8ab6b55/?sid=9d39cd36-daa3-4677-8a11-5bf19ed0420f,Cars.com,ZFF74UFA2E0200803,,,
2026-09-15,F12,coupe,2014,549900,29500,USD,"Boynton Beach, Florida, USA",dealer,Used 2014 Ferrari F12berlinetta Base,https://www.cars.com/vehicledetail/493a442e-3aad-4d17-b943-c95dc80cb1e6/?sid=9d39cd36-daa3-4677-8a11-5bf19ed0420f,Cars.com,ZFF74UFA3E0199709,,,Classic.com asterisk asking; 29k mi displayed; mileage blank (rounded Nk mi); fixed-price; seller:iLusso Boynton Beach
2026-09-15,F12,coupe,2014,549990,13817,USD,"Golden Valley, USA",dealer,2014 Ferrari F12berlinetta,https://preowned.ferrari.com/en-US/vehicle/IljixbcgVnJGsKsQfDGsrjNs2IvJfubs0ZaalNtPOllnlxvutdGXsgFv%2F4EebC8wuIYTGyLQ9BVFzUH9vvz4Dxu37ulnKX0aaTaFFLdHGA%3D%3D,Ferrari Approved (preowned.ferrari.com),ZFF74UFA1E0199854,Bianco Avus,,stock E0199854A
2026-09-15,F12,coupe,2014,645000,3576,USD,"Fort Lauderdale, USA",dealer,2014 Ferrari F12berlinetta,https://preowned.ferrari.com/en-US/vehicle/IljixbcgVnJGsKsQfDGsrg8AjsVQkiEPuO3LCjCQnEj4msqRguj2dBBbLrAsk9qVuIYTGyLQ9BVDzUH9vv30Chy37ulnKHodbjOBErxKFQ%3D%3D,Ferrari Approved (preowned.ferrari.com),ZFF74UFA7E0198403,Rosso Corsa,,stock FP7418; Classic.com asterisk asking; 3k mi displayed; mileage blank (rounded Nk mi); fixed-price; seller:Ferrari of Fort Lauderdale; Classic.com asterisk asking; 3k mi displayed; mileage blank (rounded Nk mi); fixed-price; seller:Ferrari of Fort Lauderdale; Classic.com asterisk asking; 3k mi displayed; mileage blank (rounded Nk mi); fixed-price; seller:Ferrari of Fort Lauderdale; Classic.com asterisk asking; 3k mi displayed; mileage blank (rounded Nk mi); fixed-price; seller:Ferrari of Fort Lauderdale; Classic.com asterisk asking; 3k mi displayed; mileage blank (rounded Nk mi); fixed-price; seller:Ferrari of Fort Lauderdale
2026-09-15,F12,coupe,2015,441581,17239,USD,,dealer,Used 2015 Ferrari F12berlinetta Base,https://www.cars.com/vehicledetail/9080019a-00f3-46d6-8db2-0751d4d4ff15/?sid=9d39cd36-daa3-4677-8a11-5bf19ed0420f,Cars.com,ZFF74UFA8F0204601,,,
2026-09-15,F12,coupe,2015,518350,13513,USD,"Salt Lake City, USA",dealer,2015 Ferrari F12berlinetta,https://preowned.ferrari.com/en-US/vehicle/IljixbcgVnJGsKsQfDGsrhPcQMl0H23TI7Bf4hgSo8C3LStABcyWi7RncT2Y8X7VuIYTGyLQ9BVCzkH%2Bt%2FzxDhe37ulnKX8YazOBF7lPEQ%3D%3D,Ferrari Approved (preowned.ferrari.com),ZFF74UFA6F0209148,Bianco Avus,,stock F0209148T
2026-09-15,F12,coupe,2015,524989,11228,USD,,dealer,Used 2015 Ferrari F12berlinetta Base,https://www.cars.com/vehicledetail/57dce635-d36e-460f-b882-a314ec51967f/?attribution_type=isa&sid=9d39cd36-daa3-4677-8a11-5bf19ed0420f,Cars.com,ZFF74UFA4F0206040,,,
2026-09-15,F12,coupe,2015,529912,,USD,"West Chicago, Illinois, USA",dealer,2015 Ferrari F12berlinetta,https://www.classic.com/veh/2015-ferrari-f12berlinetta-zff74ufa7f0208736-n30XQlW/,Classic.com,ZFF74UFA7F0208736,,,Classic.com asterisk asking; 24k mi displayed; mileage blank (rounded Nk mi); fixed-price; seller:Chicago Motor Cars
2026-09-15,F12,coupe,2015,539990,,USD,"Marysville, Ohio, USA",dealer,2015 Ferrari F12berlinetta,https://www.classic.com/veh/2015-ferrari-f12berlinetta-zff74ufa1f0208070-4yjm1Xn/,Classic.com,ZFF74UFA1F0208070,,,Classic.com asterisk asking; 11k mi displayed; mileage blank (rounded Nk mi); fixed-price; seller:Performance Luxury Sport
2026-09-15,F12,coupe,2015,565125,,USD,"Plano, Texas, USA",dealer,2015 Ferrari F12berlinetta,https://www.classic.com/veh/2015-ferrari-f12berlinetta-zff74ufa9f0210813-nOxOwwW/,Classic.com,ZFF74UFA9F0210813,,,Classic.com asterisk asking; 14k mi displayed; mileage blank (rounded Nk mi); fixed-price; seller:P1 Motorwerks
2026-09-15,F12,coupe,2015,579999,,USD,"New York, New York, USA",dealer,2015 Ferrari F12berlinetta,https://www.classic.com/veh/2015-ferrari-f12berlinetta-zff74ufa7f0209644-WL03yzW/,Classic.com,ZFF74UFA7F0209644,,,Classic.com asterisk asking; 7k mi displayed; mileage blank (rounded Nk mi); fixed-price; seller:Status Auto Group
2026-09-15,F12,coupe,2015,599995,,USD,"Zionsville, Indiana, USA",dealer,2015 Ferrari F12berlinetta,https://www.classic.com/veh/2015-ferrari-f12berlinetta-zff74ufa6f0211174-4A75jzW/,Classic.com,ZFF74UFA6F0211174,,,Classic.com asterisk asking; 2k mi displayed; mileage blank (rounded Nk mi); fixed-price; seller:Graham Rahal Performance
2026-09-15,F12,coupe,2015,699900,2704,USD,"Boca Raton, USA",dealer,2015 Ferrari F12berlinetta,https://preowned.ferrari.com/en-US/vehicle/IljixbcgVnJGsKsQfDGsrq4avtTtM6FOo8VE6EFroTNntTgf6VPs5VEHG46kyR6iuIYTGyLQ9BVGzkH%2Bt%2FP5DRu37ulnJX0cYTGDFLdGGQ%3D%3D,Ferrari Approved (preowned.ferrari.com),ZFF74UFA2F0206974,Grigio Scuro,,stock BP1088
2026-09-15,F12,coupe,2016,390894,36306,USD,,dealer,Used 2016 Ferrari F12berlinetta Base,https://www.cars.com/vehicledetail/ee2aad35-9036-4b7a-b928-726e6fd93b74/?sid=9d39cd36-daa3-4677-8a11-5bf19ed0420f,Cars.com,ZFF74UFA7G0213792,,,
2026-09-15,F12,coupe,2016,449995,,USD,"San Clemente, California, USA",dealer,2016 Ferrari F12berlinetta,https://www.classic.com/veh/2016-ferrari-f12berlinetta-zff74ufaxg0215858-WbL8dr4/,Classic.com,ZFF74UFAXG0215858,,,Classic.com asterisk asking; 7k mi displayed; mileage blank (rounded Nk mi); fixed-price; seller:European Exotic Center - San Clemente
2026-09-15,F12,coupe,2016,503076,16731,USD,"Charlotte, North Carolina, USA",dealer,Used 2016 Ferrari F12berlinetta Base,https://www.cars.com/vehicledetail/fad81f84-26a2-491a-bcd9-c4a639b6a224/?sid=9d39cd36-daa3-4677-8a11-5bf19ed0420f,Cars.com,ZFF74UFA6G0212603,,,Classic.com asterisk asking; 16k mi displayed; mileage blank (rounded Nk mi); fixed-price; seller:McLaren Charlotte
2026-09-15,F12,coupe,2016,569895,10014,USD,"Orlando, USA",dealer,2016 Ferrari F12berlinetta,https://preowned.ferrari.com/en-US/vehicle/IljixbcgVnJGsKsQfDGsri%2BTaRpgBChtTKYJEGLgGV5hTLsfQI2ikxFpfDuLmR2luIYTGyLQ9BVNz0H%2BtvHxCxe37ulnKngebzODFL5NGA%3D%3D,Ferrari Approved (preowned.ferrari.com),ZFF74UFA9G0214118,Rosso Corsa,,stock 214118A
2026-09-15,F12,coupe,2016,579900,10703,USD,"Fort Lauderdale, USA",dealer,2016 Ferrari F12berlinetta,https://preowned.ferrari.com/en-US/vehicle/IljixbcgVnJGsKsQfDGsrp1DyZaO1e752yRfJJ2XB8o6Z95pwZGH2gQhaSpRE0HhuIYTGyLQ9BUsz0H%2Btvb0CBa37ulnKHodbjKMErtGGA%3D%3D,Ferrari Approved (preowned.ferrari.com),ZFF74UFAXG0213429,Rosso Corsa,,stock FP7404; Classic.com asterisk asking; 10k mi displayed; mileage blank (rounded Nk mi); fixed-price; seller:Ferrari of Fort Lauderdale; Classic.com asterisk asking; 10k mi displayed; mileage blank (rounded Nk mi); fixed-price; seller:Ferrari of Fort Lauderdale; Classic.com asterisk asking; 10k mi displayed; mileage blank (rounded Nk mi); fixed-price; seller:Ferrari of Fort Lauderdale; Classic.com asterisk asking; 10k mi displayed; mileage blank (rounded Nk mi); fixed-price; seller:Ferrari of Fort Lauderdale; Classic.com asterisk asking; 10k mi displayed; mileage blank (rounded Nk mi); fixed-price; seller:Ferrari of Fort Lauderdale
2026-09-15,F12,coupe,2016,593076,17259,USD,"Charlotte, North Carolina, USA",dealer,Used 2016 Ferrari F12berlinetta Base,https://www.cars.com/vehicledetail/5a90b6a8-4c6a-401d-b2ff-6280455eb7f6/?sid=9d39cd36-daa3-4677-8a11-5bf19ed0420f,Cars.com,ZFF74UFA8G0219424,,,Classic.com asterisk asking; 17k mi displayed; mileage blank (rounded Nk mi); fixed-price; seller:McLaren Charlotte
2026-09-15,F12,coupe,2016,593841,19939,USD,"Mill Valley, USA",dealer,2016 Ferrari F12berlinetta,https://preowned.ferrari.com/en-US/vehicle/IljixbcgVnJGsKsQfDGsrmomeKj5bBbPaEqVpeB%2B4uzmDuel4kCi8Hhb1Kv3JaWHuIYTGyLQ9BVAz0H%2BtvH5Cxm37ulnJX0cYTKNErxIFg%3D%3D,Ferrari Approved (preowned.ferrari.com),ZFF74UFA4G0214916,Grigio Ferro,,stock S1871
2026-09-15,F12,coupe,2016,609999,3223,USD,"Edison, USA",dealer,2016 Ferrari F12berlinetta,https://preowned.ferrari.com/en-US/vehicle/IljixbcgVnJGsKsQfDGsrseURH7nkqUhLYT%2BOC1v4JP%2BLrdaRHNw6AQJCDsAOOwWuIYTGyLQ9BVAz0H%2Btvf5DBa37ulnJHQZbzWFEbtHGA%3D%3D,Ferrari Approved (preowned.ferrari.com),ZFF74UFA4G0212969,Rosso Corsa,,stock F0212969T
2026-09-15,F12,coupe,2016,639900,12402,USD,"Norwood, USA",dealer,2016 Ferrari F12berlinetta,https://preowned.ferrari.com/en-US/vehicle/IljixbcgVnJGsKsQfDGsrtTlBOHFFTNhvDnAY7UZdmg35bNA%2FCcv%2BqOpcGjmLFKruIYTGyLQ9BVEz0H%2BtvfyDh237ulnJHgYazeMFb5NEQ%3D%3D,Ferrari Approved (preowned.ferrari.com),ZFF74UFA0G0212242,Bianco Avus,,stock P32533
2026-09-15,F12,coupe,2016,649900,8178,USD,"Norwood, USA",dealer,2016 Ferrari F12berlinetta,https://preowned.ferrari.com/en-US/vehicle/IljixbcgVnJGsKsQfDGsruE7uXR9ZdoHp8u3n2pg7jG3EESNJFzBCm3OWa68knwTuIYTGyLQ9BUsz0H%2Btvf5DRq37ulnJHgYazeMFbdNFg%3D%3D,Ferrari Approved (preowned.ferrari.com),ZFF74UFAXG0212975,Grigio Silverstone,,stock P32532
2026-09-15,F12,coupe,2016,649900,8765,USD,"Boynton Beach, Florida, USA",dealer,Used 2016 Ferrari F12berlinetta Base,https://www.cars.com/vehicledetail/a892a2b0-c1f8-4dd8-9668-52a7789e69c2/?sid=9d39cd36-daa3-4677-8a11-5bf19ed0420f,Cars.com,ZFF74UFA2G0213795,,,Classic.com asterisk asking; 8k mi displayed; mileage blank (rounded Nk mi); fixed-price; seller:iLusso Boynton Beach
2026-09-15,F12,coupe,2016,740000,,USD,"Town of Southampton, New York, USA",dealer,2016 Ferrari F12berlinetta,https://www.classic.com/veh/2016-ferrari-f12berlinetta-zff74ufa0g0219126-nXw2a74/,Classic.com,ZFF74UFA0G0219126,,,Classic.com asterisk asking; 8k mi displayed; mileage blank (rounded Nk mi); fixed-price; seller:Rubio Premier Motors
2026-09-15,F12,coupe,2017,299995,,USD,"Houston, Texas, USA",dealer,2017 Ferrari F12berlinetta,https://www.classic.com/veh/2017-ferrari-f12berlinetta-zff74ufa8h0224981-pJQZK7W/,Classic.com,ZFF74UFA8H0224981,,,Classic.com asterisk asking; 22k mi displayed; mileage blank (rounded Nk mi); fixed-price; seller:Houston Auto World
2026-09-15,F12,coupe,2017,549995,10948,USD,"Beverly Hills, California, USA",dealer,Used 2017 Ferrari F12berlinetta Base,https://www.cars.com/vehicledetail/32a4843d-d16d-4fff-b99c-931dd3be8438/?attribution_type=isa&sid=9d39cd36-daa3-4677-8a11-5bf19ed0420f,Cars.com,ZFF74UFA3H0220546,,,Classic.com asterisk asking; 10k mi displayed; mileage blank (rounded Nk mi); fixed-price; seller:TBTFW
2026-09-15,F12,coupe,2017,594101,15006,USD,"Greensboro, USA",dealer,2017 Ferrari F12berlinetta,https://preowned.ferrari.com/en-US/vehicle/IljixbcgVnJGsKsQfDGsrg4LUQAGtf5UyU1zKDZVa9VI9lUilprKOxeGfltn3KCJuIYTGyLQ9BVNwEH%2BtfDyDx637ulnJHkYbz6NE71GFA%3D%3D,Ferrari Approved (preowned.ferrari.com),ZFF74UFA9H0225251,Bianco Avus,,stock PSF6007; Classic.com asterisk asking; 15k mi displayed; mileage blank (rounded Nk mi); fixed-price; seller:Ferrari of Greensboro; Classic.com asterisk asking; 15k mi displayed; mileage blank (rounded Nk mi); fixed-price; seller:Ferrari of Greensboro; Classic.com asterisk asking; 15k mi displayed; mileage blank (rounded Nk mi); fixed-price; seller:Ferrari of Greensboro; Classic.com asterisk asking; 15k mi displayed; mileage blank (rounded Nk mi); fixed-price; seller:Ferrari of Greensboro; Classic.com asterisk asking; 15k mi displayed; mileage blank (rounded Nk mi); fixed-price; seller:Ferrari of Greensboro; Classic.com asterisk asking; 15k mi displayed; mileage blank (rounded Nk mi); fixed-price; seller:Ferrari of Greensboro; Classic.com asterisk asking; 15k mi displayed; mileage blank (rounded Nk mi); fixed-price; seller:Ferrari of Greensboro; Classic.com asterisk asking; 15k mi displayed; mileage blank (rounded Nk mi); fixed-price; seller:Ferrari of Greensboro
2026-09-15,F12,coupe,2017,599912,,USD,"West Chicago, Illinois, USA",dealer,2017 Ferrari F12berlinetta,https://www.classic.com/veh/2017-ferrari-f12berlinetta-zff74ufa3h0224306-WjbbjqW/,Classic.com,ZFF74UFA3H0224306,,,Classic.com asterisk asking; 36k mi displayed; mileage blank (rounded Nk mi); fixed-price; seller:Chicago Motor Cars
2026-09-15,F12,coupe,2017,619990,15389,USD,"Newport Beach, USA",dealer,2017 Ferrari F12berlinetta,https://preowned.ferrari.com/en-US/vehicle/IljixbcgVnJGsKsQfDGsrvSkpbTU%2BKCj0TDqW5KuA5jXpEunryUHNmSyNJYVESs%2FuIYTGyLQ9BVNwEH%2BtfXxDRi37ulnJX0faDSNHb1OGQ%3D%3D,Ferrari Approved (preowned.ferrari.com),ZFF74UFA9H0220177,Giallo Modena,,stock NB5921P; Classic.com asterisk asking; 15k mi displayed; mileage blank (rounded Nk mi); fixed-price; seller:Ferrari of Newport Beach; Classic.com asterisk asking; 15k mi displayed; mileage blank (rounded Nk mi); fixed-price; seller:Ferrari of Newport Beach; Classic.com asterisk asking; 15k mi displayed; mileage blank (rounded Nk mi); fixed-price; seller:Ferrari of Newport Beach; Classic.com asterisk asking; 15k mi displayed; mileage blank (rounded Nk mi); fixed-price; seller:Ferrari of Newport Beach; Classic.com asterisk asking; 15k mi displayed; mileage blank (rounded Nk mi); fixed-price; seller:Ferrari of Newport Beach; Classic.com asterisk asking; 15k mi displayed; mileage blank (rounded Nk mi); fixed-price; seller:Ferrari of Newport Beach; Classic.com asterisk asking; 15k mi displayed; mileage blank (rounded Nk mi); fixed-price; seller:Ferrari of Newport Beach; Classic.com asterisk asking; 15k mi displayed; mileage blank (rounded Nk mi); fixed-price; seller:Ferrari of Newport Beach
2026-09-15,F12,coupe,2017,651190,8097,USD,"Ashburn, Virginia, USA",dealer,Used 2017 Ferrari F12berlinetta Base,https://www.cars.com/vehicledetail/41fc796a-8380-4b21-bfca-ea9bf2e98f6d/?attribution_type=p_one&sid=9d39cd36-daa3-4677-8a11-5bf19ed0420f,Cars.com,ZFF74UFA9H0220194,,,Classic.com asterisk asking; 8k mi displayed; mileage blank (rounded Nk mi); fixed-price; seller:Exclusive Automotive Group
2026-09-15,F12,coupe,2017,664822,4785,USD,"Salt Lake City, USA",dealer,2017 Ferrari F12berlinetta,https://preowned.ferrari.com/en-US/vehicle/IljixbcgVnJGsKsQfDGsrlmD%2Bg%2FMAzEfIUVjUpc0pfD5pgDLgD8eoC9Xt9OxYll1uIYTGyLQ9BVGwEH%2Btvz1CRu37ulnKXkaYT%2BNE71JGA%3D%3D,Ferrari Approved (preowned.ferrari.com),ZFF74UFA2H0219534,Blu Tour De France,,stock H0219534W
2026-09-15,F12,coupe,2017,668656,6205,USD,"Salt Lake City, USA",dealer,2017 Ferrari F12berlinetta,https://preowned.ferrari.com/en-US/vehicle/IljixbcgVnJGsKsQfDGsrnwUqyJCYVI5NmOeJxWmwfSke2v8jNeF%2F3XNbwzLphFPuIYTGyLQ9BVNwEH%2BtfT4Axu37ulnK3Uaaj%2BFFL9IGQ%3D%3D,Ferrari Approved (preowned.ferrari.com),ZFF74UFA9H0221894,Bianco Avus,,stock H0221894P
2026-09-15,F12,coupe,2017,674999,,USD,"New York, New York, USA",dealer,2017 Ferrari F12berlinetta,https://www.classic.com/veh/2017-ferrari-f12berlinetta-zff74ufa1h0221193-pJN0Vgp/,Classic.com,ZFF74UFA1H0221193,,,Classic.com asterisk asking; 7k mi displayed; mileage blank (rounded Nk mi); fixed-price; seller:Status Auto Group
2026-09-15,F12,coupe,2017,699890,4748,USD,"St Louis, USA",dealer,2017 Ferrari F12berlinetta,https://preowned.ferrari.com/en-US/vehicle/IljixbcgVnJGsKsQfDGsrtPfaML%2Fc0C8hp266pp9A%2B40Q%2BwNkKfaYyasUCCO80RauIYTGyLQ9BVBwEH%2BtfbxDxm37ulnJX8baDCBErtOEQ%3D%3D,Ferrari Approved (preowned.ferrari.com),ZFF74UFA5H0223156,Nero,,stock C1H0223156; Classic.com asterisk asking; 4k mi displayed; mileage blank (rounded Nk mi); fixed-price; seller:Cavallino Rosso St. Louis; Classic.com asterisk asking; 4k mi displayed; mileage blank (rounded Nk mi); fixed-price; seller:Cavallino Rosso St. Louis
2026-09-15,F12,coupe,2017,699995,12231,USD,"Beverly Hills, California, USA",dealer,Used 2017 Ferrari F12berlinetta Base,https://www.cars.com/vehicledetail/03bd58f7-021c-4ef3-88db-f26d4f489e7d/?attribution_type=isa&sid=9d39cd36-daa3-4677-8a11-5bf19ed0420f,Cars.com,ZFF74UFA0H0224294,,,Classic.com asterisk asking; 12k mi displayed; mileage blank (rounded Nk mi); fixed-price; seller:TBTFW
2026-09-15,F12,coupe,2017,729000,5978,USD,"Mill Valley, USA",dealer,2017 Ferrari F12berlinetta,https://preowned.ferrari.com/en-US/vehicle/IljixbcgVnJGsKsQfDGsrqpgzqzUv8lpxr3N%2Fl3XMKPs75Rik4PQiFdt6CvRIAU0uIYTGyLQ9BVFwEH%2BtfHwDB237ulnJX0cYTKNHbpPEw%3D%3D,Ferrari Approved (preowned.ferrari.com),ZFF74UFA1H0224062,Rosso Corsa,,stock SC6432; Classic.com asterisk asking; 6k mi displayed; mileage blank (rounded Nk mi); fixed-price; seller:Ferrari of San Francisco; Classic.com asterisk asking; 6k mi displayed; mileage blank (rounded Nk mi); fixed-price; seller:Ferrari of San Francisco; Classic.com asterisk asking; 6k mi displayed; mileage blank (rounded Nk mi); fixed-price; seller:Ferrari of San Francisco; Classic.com asterisk asking; 6k mi displayed; mileage blank (rounded Nk mi); fixed-price; seller:Ferrari of San Francisco; Classic.com asterisk asking; 6k mi displayed; mileage blank (rounded Nk mi); fixed-price; seller:Ferrari of San Francisco; Classic.com asterisk asking; 6k mi displayed; mileage blank (rounded Nk mi); fixed-price; seller:Ferrari of San Francisco; Classic.com asterisk asking; 6k mi displayed; mileage blank (rounded Nk mi); fixed-price; seller:Ferrari of San Francisco; Classic.com asterisk asking; 6k mi displayed; mileage blank (rounded Nk mi); fixed-price; seller:Ferrari of San Francisco
2026-09-15,F12,coupe,2017,748900,2455,USD,"Detroit, USA",dealer,2017 Ferrari F12berlinetta,https://preowned.ferrari.com/en-US/vehicle/IljixbcgVnJGsKsQfDGsrvFNLWeikhBmq9qb2ieICSigGgWc7BVktGGXH8urRYsXuIYTGyLQ9BVBwEH%2Btfb2Ahe37ulnK3wfbz6NEb9MGA%3D%3D,Ferrari Approved (preowned.ferrari.com),ZFF74UFA5H0223688,Rosso Corsa Metallizzato,,stock 223688
2026-09-15,F12,coupe,2017,999995,635,USD,"West Palm Beach, USA",dealer,2017 Ferrari F12berlinetta,https://preowned.ferrari.com/en-US/vehicle/IljixbcgVnJGsKsQfDGsrk4mEBiOqSWY3QnuqfmEZxkBiX0qU9RlqEVfQepp7EJGuIYTGyLQ9BVEwEH%2BtfT2Axa37ulnL3QXYDSFELlKGA%3D%3D,Ferrari Approved (preowned.ferrari.com),ZFF74UFA0H0221699,Bianco Avus,,stock PF1284; Classic.com asterisk asking; fixed-price; seller:Ferrari of Palm Beach; Classic.com asterisk asking; fixed-price; seller:Ferrari of Palm Beach; Classic.com asterisk asking; fixed-price; seller:Ferrari of Palm Beach; Classic.com asterisk asking; fixed-price; seller:Ferrari of Palm Beach; Classic.com asterisk asking; fixed-price; seller:Ferrari of Palm Beach; Classic.com asterisk asking; fixed-price; seller:Ferrari of Palm Beach; Classic.com asterisk asking; fixed-price; seller:Ferrari of Palm Beach; Classic.com asterisk asking; fixed-price; seller:Ferrari of Palm Beach
2026-09-15,F12,coupe,2017,1148888,7626,USD,"Spring Valley Rockland County New York, USA",dealer,2017 Ferrari F12berlinetta,https://preowned.ferrari.com/en-US/vehicle/IljixbcgVnJGsKsQfDGsribN8RZjtRKLFu%2BYSGbXlGU%2BdgmUV5vQKrSI%2FUCU6q1juIYTGyLQ9BVFwEH%2Btf3wAh%2B37ulnK34ebTaEFrhGGQ%3D%3D,Ferrari Approved (preowned.ferrari.com),ZFF74UFA1H0228080,Extra Sample,,stock FM4596
2026-09-15,F12,coupe,2017,1149063,,USD,"Village of Spring Valley, New York, USA",dealer,2017 Ferrari F12berlinetta 70th Anniversary Edition,https://www.classic.com/veh/2017-ferrari-f12berlinetta-70th-anniversary-editio-nwMvDXp/,Classic.com,,,,Classic.com asterisk asking; 7k mi displayed; mileage blank (rounded Nk mi); fixed-price; seller:Wide World Ferrari
2026-09-15,488,coupe,2016,247699,,USD,"Scottsdale, Arizona, USA",dealer,2016 Ferrari 488 GTB,https://www.classic.com/veh/2016-ferrari-488-gtb-zff79ala1g0215493-47eQMlW/,Classic.com,ZFF79ALA1G0215493,,,Classic.com asterisk asking; 27k mi displayed; mileage blank (rounded Nk mi); fixed-price; seller:Luxury Auto Collection
2026-09-15,488,coupe,2016,258900,28682,USD,"Las Vegas, Nevada, USA",dealer,2016 Ferrari 488 GTB,https://www.classic.com/veh/2016-ferrari-488-gtb-zff79ala4g0219389-WYwa7G4/,Classic.com,ZFF79ALA4G0219389,Red,Black,Classic.com asterisk asking; 28k mi displayed; mileage blank (rounded Nk mi); fixed-price; seller:Celebrity Cars Las Vegas
2026-09-15,488,coupe,2016,269900,,USD,"Addison, Texas, USA",dealer,2016 Ferrari 488 GTB,https://www.classic.com/veh/2016-ferrari-488-gtb-zff79ala3g0215494-pG87Ox4/,Classic.com,ZFF79ALA3G0215494,,,Classic.com asterisk asking; 23k mi displayed; mileage blank (rounded Nk mi); fixed-price; seller:Tactical Fleet Dallas
2026-09-15,488,coupe,2016,269998,18960,USD,"Mocksville, North Carolina, USA",dealer,2016 Ferrari 488 GTB,https://www.classic.com/veh/2016-ferrari-488-gtb-zff79alaxg0218361-nm2oxKW/,Classic.com,ZFF79ALAXG0218361,black,,Classic.com asterisk asking; 19k mi displayed; mileage blank (rounded Nk mi); fixed-price; seller:HBi Auto
2026-09-15,488,coupe,2016,270035,25588,USD,"Van Nuys, CA",dealer,Used 2016 Ferrari 488 GTB GTB,https://www.cars.com/vehicledetail/cfa43c1e-1d28-4111-a0ca-af4294af9b1e/,Cars.com,ZFF79ALA9G0218707,,,Cars.com data-vehicle-details; seller:Land Rover Jaguar Van Nuys; zip:91406; trim:GTB
2026-09-15,488,coupe,2016,279200,,USD,"Marysville, Ohio, USA",dealer,2016 Ferrari 488 GTB,https://www.classic.com/veh/2016-ferrari-488-gtb-zff79ala5g0218204-pPxgLop/,Classic.com,ZFF79ALA5G0218204,,,Classic.com asterisk asking; 27k mi displayed; mileage blank (rounded Nk mi); fixed-price; seller:Performance Luxury Sport
2026-09-15,488,coupe,2016,289996,,USD,"Charlotte, North Carolina, USA",dealer,2016 Ferrari 488 GTB,https://www.classic.com/veh/2016-ferrari-488-gtb-zff79ala8g0213174-pE3qOxn/,Classic.com,ZFF79ALA8G0213174,,,Classic.com asterisk asking; 16k mi displayed; mileage blank (rounded Nk mi); fixed-price; seller:McLaren Charlotte
2026-09-15,488,coupe,2016,301212,12200,USD,"Tampa, FL",dealer,2016 Ferrari 488,https://www.cargurus.com/details/458920911,CarGurus,ZFF79ALA4G0216850,Bianco Avus,Cioccolato,Stock # P16850; trim: GTB Coupe RWD; deal rating: GOOD_PRICE; exterior color: Bianco Avus; interior color: Cioccolato
2026-09-15,488,coupe,2016,302348,20346,USD,"Marysville, OH",dealer,Used 2016 Ferrari 488 GTB Base,https://www.cars.com/vehicledetail/dfe4042f-2e4d-4df8-a77e-4a15a8c79d79/,Cars.com,ZFF79ALA4G0218176,white,,Cars.com data-vehicle-details; seller:Performance Luxury Sport; zip:43040; trim:Base; exterior color: white
2026-09-15,488,coupe,2016,314995,12324,USD,"Akron, Ohio, USA",dealer,2016 Ferrari 488 GTB,https://www.classic.com/veh/2016-ferrari-488-gtb-zff79ala9g0218691-47r9llp/,Classic.com,ZFF79ALA9G0218691,Red,Beige,Classic.com asterisk asking; 12k mi displayed; mileage blank (rounded Nk mi); fixed-price; seller:Perfect Auto Collection
2026-09-15,488,coupe,2016,319990,14341,USD,"Redwood City, USA",dealer,2016 Ferrari 488 GTB,https://preowned.ferrari.com/en-US/a/north-america/used-ferrari/usa/ferrari-silicon-valley/488-gtb/IljixbcgVnJGsKsQfDGsrpEijyo0SyH7CV2FmEvTiQk1Z28CdF9vkUYBC4BDBktEuIYTGy%2FE%2FhVCz0H%2BtvLzDR%2B37ulnKHQXaDaCE7pMFg%3D%3D,Ferrari Approved (preowned.ferrari.com),ZFF79ALA6G0217370 / 217370,Bianco Avus,Nero,exterior color: Bianco Avus; interior color: Nero; Ferrari Approved certified
2026-09-15,488,coupe,2016,328998,15451,USD,"Redwood City, USA",dealer,2016 Ferrari 488 GTB,https://preowned.ferrari.com/en-US/a/north-america/used-ferrari/usa/ferrari-silicon-valley/488-gtb/IljixbcgVnJGsKsQfDGsrq4esqFtsEk0Nsf1geWhUpgV64VzjZfWAw5u0M9cx0%2B8uIYTGy%2FE%2FhVEz0H%2BtvH3DR237ulnKHodbjeAFLZOFQ%3D%3D,Ferrari Approved (preowned.ferrari.com),ZFF79ALA0G0214772 / 214772,Nero,Nero,exterior color: Nero; interior color: Nero; Ferrari Approved certified
2026-09-15,488,coupe,2016,343895,15619,USD,"West Palm Beach, USA",dealer,2016 Ferrari 488 GTB,https://preowned.ferrari.com/en-US/a/north-america/used-ferrari/usa/ferrari-of-palm-beach/488-gtb/IljixbcgVnJGsKsQfDGsrhOHEOG4L5rgBQNzIiRCOrU1nnZ7JDgm3cfqizKLc%2FVRuIYTGy%2FE%2FhVFz0H%2BtvzyDBi37ulnK3obaTGFFLpKEQ%3D%3D,Ferrari Approved (preowned.ferrari.com),ZFF79ALA1G0219267 / PF1301,Giallo Modena,Blu Sterling,exterior color: Giallo Modena; interior color: Blu Sterling; Ferrari Approved certified
2026-09-15,488,coupe,2016,346500,,USD,"Marysville, Ohio, USA",dealer,2016 Ferrari 488 GTB,https://www.classic.com/veh/2016-ferrari-488-gtb-zff79ala3g0215432-n1x0kw4/,Classic.com,ZFF79ALA3G0215432,,,Classic.com asterisk asking; 13k mi displayed; mileage blank (rounded Nk mi); fixed-price; seller:Performance Luxury Sport
2026-09-15,488,coupe,2016,349500,,USD,"Scottsdale, Arizona, USA",dealer,2016 Ferrari 488 GTB,https://www.classic.com/veh/2016-ferrari-488-gtb-zff79ala3g0219061-4yRQaXn/,Classic.com,ZFF79ALA3G0219061,,,Classic.com asterisk asking; 5k mi displayed; mileage blank (rounded Nk mi); fixed-price; seller:Scottsdale Sports And Classic Motorcars
2026-09-15,488,coupe,2017,239990,,USD,"West Hollywood, California, USA",dealer,2017 Ferrari 488 GTB,https://www.classic.com/veh/2017-ferrari-488-gtb-zff79ala9h0225318-4DwjJop/,Classic.com,ZFF79ALA9H0225318,,,Classic.com asterisk asking; 57k mi displayed; mileage blank (rounded Nk mi); fixed-price; seller:Specialty Car Collection
2026-09-15,488,coupe,2017,279900,,USD,"Addison, Texas, USA",dealer,2017 Ferrari 488 GTB,https://www.classic.com/veh/2017-ferrari-488-gtb-zff79ala9h0225495-pPRDrjn/,Classic.com,ZFF79ALA9H0225495,,,Classic.com asterisk asking; 23k mi displayed; mileage blank (rounded Nk mi); fixed-price; seller:Tactical Fleet Dallas
2026-09-15,488,coupe,2017,309875,19868,USD,"Carrollton, TX",dealer,Used 2017 Ferrari 488 GTB Carbon Fiber Driver Zone + LED Carbon Splitter Door Panels Frt Lift,https://www.cars.com/vehicledetail/8ce91f26-e616-4a92-b975-ee8555b961ed/,Cars.com,ZFF79ALA6H0222652,red,,Cars.com data-vehicle-details; seller:Earth MotorCars / Lotus of Dallas; zip:75006; trim:Carbon Fiber Driver Zone + LED Carbon Splitter Door Panels Frt Lift; exterior color: red
2026-09-15,488,coupe,2017,314290,18594,USD,"Pinellas County, Florida, USA",dealer,2017 Ferrari 488 GTB,https://www.classic.com/veh/2017-ferrari-488-gtb-zff79ala4h0228188-n1PJlx4/,Classic.com,ZFF79ALA4H0228188,blue,,Classic.com asterisk asking; 18k mi displayed; mileage blank (rounded Nk mi); fixed-price; seller:Crown Eurocars
2026-09-15,488,coupe,2017,314999,12876,USD,"Exton, PA",dealer,2017 Ferrari 488,https://www.cargurus.com/details/454258470,CarGurus,ZFF79ALA5H0220648,,,Stock # PE4369; trim: GTB Coupe RWD; deal rating: GOOD_PRICE
2026-09-15,488,coupe,2017,329800,,USD,"Coral Gables, Florida, USA",dealer,2017 Ferrari 488 GTB,https://www.classic.com/veh/2017-ferrari-488-gtb-zff79ala2h0220381-4a9Mjv4/,Classic.com,ZFF79ALA2H0220381,,,Classic.com asterisk asking; 12k mi displayed; mileage blank (rounded Nk mi); fixed-price; seller:Formula Sports Cars Miami
2026-09-15,488,coupe,2017,329900,,USD,"Addison, Texas, USA",dealer,2017 Ferrari 488 GTB,https://www.classic.com/veh/2017-ferrari-488-gtb-zff79ala8h0226198-4aweyvW/,Classic.com,ZFF79ALA8H0226198,,,Classic.com asterisk asking; 13k mi displayed; mileage blank (rounded Nk mi); fixed-price; seller:Tactical Fleet Dallas
2026-09-15,488,coupe,2017,330000,679,USD,"Friendswood, Texas, USA",private,2017 Ferrari 488 GTB,https://www.classic.com/veh/2017-ferrari-488-gtb-zff79ala7h0228458-Wjv7kgW/,Classic.com,ZFF79ALA7H0228458,,,Classic.com asterisk asking; exact miles displayed: 679 mi; fixed-price; seller:Private Seller
2026-09-15,488,coupe,2017,339900,3398,USD,"Plainview, USA",dealer,2017 Ferrari 488 GTB,https://preowned.ferrari.com/en-US/a/north-america/used-ferrari/usa/ferrari-of-long-island/488-gtb/IljixbcgVnJGsKsQfDGsrmO7QPq23nbXHWLFEUUI7Lc2Jilsv4sDdOlStwZjDncuuIYTGy%2FE%2FhUswEH%2Btff4Ah637ulnKnUcYTGNEbxNEw%3D%3D,Ferrari Approved (preowned.ferrari.com),ZFF79ALAXH0222881 / FE2465,Bianco Avus,Nero,exterior color: Bianco Avus; interior color: Nero
2026-09-15,488,coupe,2017,339900,10291,USD,"Norwood, USA",dealer,2017 Ferrari 488 GTB,https://preowned.ferrari.com/en-US/a/north-america/used-ferrari/usa/ferrari-of-new-england/488-gtb/IljixbcgVnJGsKsQfDGsrqAsdXZ34gt%2BlyYZVedGJGddQNcSCt3GeN6%2BMh1qPzSnuIYTGy%2FE%2FhVCwEH%2BtfX4Chq37ulnLX0XaTaDFblLFg%3D%3D,Ferrari Approved (preowned.ferrari.com),ZFF79ALA6H0220805 / P32485,Bianco Avus,Nero,exterior color: Bianco Avus; interior color: Nero; Ferrari Approved certified
2026-09-15,488,coupe,2017,339990,13074,USD,"Redwood City, USA",dealer,2017 Ferrari 488 GTB,https://preowned.ferrari.com/en-US/a/north-america/used-ferrari/usa/ferrari-silicon-valley/488-gtb/IljixbcgVnJGsKsQfDGsrkz0IRzwP8J4muoo8lwrGHWtBk5UMTTgvePkYqUILDqouIYTGy%2FE%2FhVBwEH%2BtfHwAxe37ulnJHgabjONHLlJFw%3D%3D,Ferrari Approved (preowned.ferrari.com),ZFF79ALA5H0224098 / 224098,Rosso Corsa,Beige Tradizione,exterior color: Rosso Corsa; interior color: Beige Tradizione; Ferrari Approved certified
2026-09-15,488,coupe,2017,349900,,USD,"Scottsdale, Arizona, USA",dealer,2017 Ferrari 488 GTB,https://www.classic.com/veh/2017-ferrari-488-gtb-zff79ala1h0223076-nKo5rvn/,Classic.com,ZFF79ALA1H0223076,,,Classic.com asterisk asking; 9k mi displayed; mileage blank (rounded Nk mi); fixed-price; seller:Hubbard Auto Center
2026-09-15,488,coupe,2017,349990,7199,USD,"Houston, USA",dealer,2017 Ferrari 488 GTB,https://preowned.ferrari.com/en-US/a/north-america/used-ferrari/usa/ferrari-of-houston/488-gtb/IljixbcgVnJGsKsQfDGsrtwQWkwEtfc%2FXwDmEHdSfWz3lm79nH8XhI4mB4B06Nv%2FuIYTGy%2FE%2FhVEwEH%2BtfX2CBy37ulnKHQbazaNE7xPEg%3D%3D,Ferrari Approved (preowned.ferrari.com),ZFF79ALA0H0220623 / ZH0220623,Rosso Corsa,Beige Tradizione,exterior color: Rosso Corsa; interior color: Beige Tradizione; Ferrari Approved certified
2026-09-15,488,coupe,2017,349996,,USD,"Charlotte, North Carolina, USA",dealer,2017 Ferrari 488 GTB,https://www.classic.com/veh/2017-ferrari-488-gtb-zff79ala2h0225600-WkqQj24/,Classic.com,ZFF79ALA2H0225600,,,Classic.com asterisk asking; 9k mi displayed; mileage blank (rounded Nk mi); fixed-price; seller:McLaren Charlotte
2026-09-15,488,coupe,2017,355497,4703,USD,"Somerville, MA",dealer,Used 2017 Ferrari 488 GTB Coupe,https://www.cars.com/vehicledetail/8b7a5d72-9173-4278-b95f-87a097071133/,Cars.com,ZFF79ALA4H0228448,black,,Cars.com data-vehicle-details; seller:Mercedes-Benz of Boston; zip:02145; trim:Coupe; exterior color: black
2026-09-15,488,coupe,2017,379900,4743,USD,"Torrance, USA",dealer,2017 Ferrari 488 GTB,https://preowned.ferrari.com/en-US/a/north-america/used-ferrari/usa/ferrari-south-bay/488-gtb/IljixbcgVnJGsKsQfDGsrkebK0u331%2FhYfWxypB83AIi8sbUlFvVjCko1tFtKyaSuIYTGy%2FE%2FhVEwEH%2Btvz4Ax237ulnJXwfYTWMFrpJEg%3D%3D,Ferrari Approved (preowned.ferrari.com),ZFF79ALA0H0219892 / 219892,Rosso Corsa,Beige Tradizione,exterior color: Rosso Corsa; interior color: Beige Tradizione
2026-09-15,488,coupe,2017,384999,,USD,"Costa Mesa, California, USA",dealer,2017 Ferrari 488 GTB,https://www.classic.com/veh/2017-ferrari-488-gtb-zff79ala7h0224801-WjbOwNW/,Classic.com,ZFF79ALA7H0224801,,,Classic.com asterisk asking; 6k mi displayed; mileage blank (rounded Nk mi); fixed-price; seller:Eurocar Inc.
2026-09-15,488,coupe,2017,825888,2085,USD,"Honolulu, USA",dealer,2017 Ferrari 488 GTB,https://preowned.ferrari.com/en-US/a/north-america/used-ferrari/usa/ferrari-of-hawaii/488-gtb/IljixbcgVnJGsKsQfDGsrsuUR9vAMbJYDItCGB3Wco5YpvmlfiJs4EvVhS%2FPZ4C%2FuIYTGy%2FE%2FhVNwEH%2BtfD1Dxa37ulnLnQXazCAFrxPEg%3D%3D,Ferrari Approved (preowned.ferrari.com),ZFF79ALA9H0225559 / CX1132,Rosso Corsa Metallizzato,Extra Sample,exterior color: Rosso Corsa Metallizzato; interior color: Extra Sample
2026-09-15,488,coupe,2018,219950,,USD,"Pompano Beach, Florida, USA",dealer,2018 Ferrari 488 GTB,https://www.classic.com/veh/2018-ferrari-488-gtb-zff79ala4j0229508-nK6ekx4/,Classic.com,ZFF79ALA4J0229508,,,Classic.com asterisk asking; 14k mi displayed; mileage blank (rounded Nk mi); fixed-price; seller:The New Auto Toy Store
2026-09-15,488,coupe,2018,279990,,USD,"Fort Lauderdale, Florida, USA",dealer,2018 Ferrari 488 GTB,https://www.classic.com/veh/2018-ferrari-488-gtb-zff79ala1j0235315-WLAP6kp/,Classic.com,ZFF79ALA1J0235315,,,Classic.com asterisk asking; 29k mi displayed; mileage blank (rounded Nk mi); fixed-price; seller:Coast To Coast
2026-09-15,488,coupe,2018,286193,9500,USD,"Lehi, UT",dealer,Used 2018 Ferrari 488 GTB Base,https://www.cars.com/vehicledetail/4bc0b1f1-c79c-46b0-b431-db3962c5c11d/,Cars.com,ZFF79ALA2J0230138,white,,Cars.com data-vehicle-details; seller:Action Auto Sales and Finance Inc.; zip:84043; trim:Base; exterior color: white
2026-09-15,488,coupe,2018,289996,,USD,"Charlotte, North Carolina, USA",dealer,2018 Ferrari 488 GTB,https://www.classic.com/veh/2018-ferrari-488-gtb-zff79ala7j0229681-WLlYQ6W/,Classic.com,ZFF79ALA7J0229681,,,Classic.com asterisk asking; 26k mi displayed; mileage blank (rounded Nk mi); fixed-price; seller:McLaren Charlotte
2026-09-15,488,coupe,2018,293076,13689,USD,"GTB Coupe McLaren Charlotte Charlotte, NC",dealer,Used 2018 Ferrari 488 GTB Coupe,https://www.cars.com/vehicledetail/2f6922e6-5651-4093-b48e-e80c083a2941/,Cars.com,ZFF79ALA3J0236949,red,,Cars.com data-vehicle-details; seller:McLaren Charlotte; zip:28217; trim:Coupe; exterior color: red
2026-09-15,488,coupe,2018,299996,,USD,"Charlotte, North Carolina, USA",dealer,2018 Ferrari 488 GTB,https://www.classic.com/veh/2018-ferrari-488-gtb-zff79ala0j0235810-WkJbqzn/,Classic.com,ZFF79ALA0J0235810,,,Classic.com asterisk asking; 20k mi displayed; mileage blank (rounded Nk mi); fixed-price; seller:McLaren Charlotte
2026-09-15,488,coupe,2018,324892,16583,USD,"Akron, Ohio, USA",dealer,2018 Ferrari 488 GTB,https://www.classic.com/veh/2018-ferrari-488-gtb-zff79ala3j0231024-nlx5Ygn/,Classic.com,ZFF79ALA3J0231024,Red,Other,Classic.com asterisk asking; 16k mi displayed; mileage blank (rounded Nk mi); fixed-price; seller:Perfect Auto Collection
2026-09-15,488,coupe,2018,324999,,USD,"New York, New York, USA",dealer,2018 Ferrari 488,https://www.classic.com/veh/2018-ferrari-488-gtb-zff79alaxj0234468-nBOeXRW/,Classic.com,ZFF79ALAXJ0234468,,,Classic.com asterisk asking; 10k mi displayed; mileage blank (rounded Nk mi); fixed-price; seller:Brooklyn Auto Sales
2026-09-15,488,coupe,2018,325000,13121,USD,"San Diego, USA",dealer,2018 Ferrari 488 GTB,https://preowned.ferrari.com/en-US/a/north-america/used-ferrari/usa/ferrari-of-san-diego/488-gtb/IljixbcgVnJGsKsQfDGsrkOubZdMOEOfgmv68TI4z6uH8%2FNbdwTOfCSZ2HC3eYbxuIYTGy%2FE%2FhVGwkH%2BtPTwCh637ulnJHQdbjSMELxJGA%3D%3D,Ferrari Approved (preowned.ferrari.com),ZFF79ALA2J0231001 / SD5807C,Rosso Corsa,Beige Tradizione,exterior color: Rosso Corsa; interior color: Beige Tradizione
2026-09-15,488,coupe,2018,325990,,USD,"New Albany, Indiana, USA",dealer,2018 Ferrari 488 GTB,https://www.classic.com/veh/2018-ferrari-488-gtb-zff79ala1j0233385-47r3AAp/,Classic.com,ZFF79ALA1J0233385,,,Classic.com asterisk asking; 26k mi displayed; mileage blank (rounded Nk mi); fixed-price; seller:Hypercars
2026-09-15,488,coupe,2018,325995,23103,USD,"Redwood City, USA",dealer,2018 Ferrari 488 GTB,https://preowned.ferrari.com/en-US/a/north-america/used-ferrari/usa/ferrari-silicon-valley/488-gtb/IljixbcgVnJGsKsQfDGsru0GtfifhTpgcLxQ2Ay%2B7Im14PP%2BSrQSXoISLTbB71kDuIYTGy%2FE%2FhUswkH%2BtPf4Axm37ulnKn8ZaD%2BMFL5GEA%3D%3D,Ferrari Approved (preowned.ferrari.com),ZFF79ALAXJ0232896 / 232896,Nero,Nero,exterior color: Nero; interior color: Nero; Ferrari Approved certified
2026-09-15,488,coupe,2018,329912,,USD,"West Chicago, Illinois, USA",dealer,2018 Ferrari 488 GTB,https://www.classic.com/veh/2018-ferrari-488-gtb-zff79ala9j0229682-pENXBq4/,Classic.com,ZFF79ALA9J0229682,,,Classic.com asterisk asking; 18k mi displayed; mileage blank (rounded Nk mi); fixed-price; seller:Chicago Motor Cars
2026-09-15,488,coupe,2018,334725,14581,USD,"Plano, USA",dealer,2018 Ferrari 488 GTB,https://preowned.ferrari.com/en-US/a/north-america/used-ferrari/usa/ferrari-dallas/488-gtb/IljixbcgVnJGsKsQfDGsrqNLWdtAcnicnSMeBtz72QWQRPiBHlvyPMbzFkhn8kD2uIYTGy%2FE%2FhVBwkH%2BtPDzCxi37ulnKHQbazSGHb9KGQ%3D%3D,Ferrari Approved (preowned.ferrari.com),ZFF79ALA5J0235317 / P0235317,Rosso Dino,Cioccolato,exterior color: Rosso Dino; interior color: Cioccolato; Ferrari Approved certified
2026-09-15,488,coupe,2018,337950,9217,USD,"Miami-Dade County, Florida, USA",dealer,2018 Ferrari 488 GTB,https://www.classic.com/veh/2018-ferrari-488-gtb-zff79ala6j0232412-WbgNbop/,Classic.com,ZFF79ALA6J0232412,red,Nero,Classic.com asterisk asking; 9k mi displayed; mileage blank (rounded Nk mi); fixed-price; seller:Prestige Imports
2026-09-15,488,coupe,2018,338091,15911,USD,"Greensboro, USA",dealer,2018 Ferrari 488 GTB,https://preowned.ferrari.com/en-US/a/north-america/used-ferrari/usa/ferrari-of-greensboro/488-gtb/IljixbcgVnJGsKsQfDGsrl8sLZsOUNLvpW%2BSxsWVLK1tkLgEVjT9Tt%2FCm5AWWCqxuIYTGy%2FE%2FhVCwkH%2BtPf5Cxy37ulnJH8abjWGFb1PGA%3D%3D,Ferrari Approved (preowned.ferrari.com),ZFF79ALA6J0232913 / HCF6010,Nero,Nero,exterior color: Nero; interior color: Nero; Ferrari Approved certified
2026-09-15,488,coupe,2018,339890,10775,USD,"St Louis, USA",dealer,2018 Ferrari 488 GTB,https://preowned.ferrari.com/en-US/a/north-america/used-ferrari/usa/cavallino-rosso-st-louis/488-gtb/IljixbcgVnJGsKsQfDGsrqcEJheeaXOzWSwLZmN0%2FgitcGZq6FmvwbRc7QKnJiofuIYTGy%2FE%2FhVGwkH%2BtPD4Che37ulnJX8baDCGEr1GEQ%3D%3D,Ferrari Approved (preowned.ferrari.com),ZFF79ALA2J0235808 / CTJ0235808,Grigio Titanio Metall,Nero,exterior color: Grigio Titanio Metall; interior color: Nero; Ferrari Approved certified
2026-09-15,488,coupe,2018,339900,,USD,"Addison, Texas, USA",dealer,2018 Ferrari 488 GTB,https://www.classic.com/veh/2018-ferrari-488-gtb-zff79ala7j0232046-n8w7EA4/,Classic.com,ZFF79ALA7J0232046,,,Classic.com asterisk asking; 9k mi displayed; mileage blank (rounded Nk mi); fixed-price; seller:Tactical Fleet Dallas
2026-09-15,488,coupe,2018,339995,,USD,"Akron, Ohio, USA",dealer,2018 Ferrari 488 GTB,https://www.classic.com/veh/2018-ferrari-488-gtb-zff79ala0j0229053-pzmQ6MW/,Classic.com,ZFF79ALA0J0229053,,,Classic.com asterisk asking; 10k mi displayed; mileage blank (rounded Nk mi); fixed-price; seller:Perfect Auto Collection
2026-09-15,488,coupe,2018,343125,9109,USD,"Plano, USA",dealer,2018 Ferrari 488 GTB,https://preowned.ferrari.com/en-US/a/north-america/used-ferrari/usa/ferrari-dallas/488-gtb/IljixbcgVnJGsKsQfDGsrv2olcX5z%2Fu6uajs%2FT9IErFzGjE1AV4X0IBm8o5%2F7t7HuIYTGy%2FE%2FhVGwkH%2Btfz3Chy37ulnJXkZaDCMHLpMGQ%3D%3D,Ferrari Approved (preowned.ferrari.com),ZFF79ALA2J0229703 / P0229703,Bianco Avus,Nero,exterior color: Bianco Avus; interior color: Nero
2026-09-15,488,coupe,2018,348995,15100,USD,"San Diego, USA",dealer,2018 Ferrari 488 GTB,https://preowned.ferrari.com/en-US/a/north-america/used-ferrari/usa/ferrari-of-san-diego/488-gtb/IljixbcgVnJGsKsQfDGsroSRSW1lZTeeMo8DO6OJ9TvRiQ%2FoWvTF5ZJiN11tdBimuIYTGy%2FE%2FhVFwkH%2BtPb1Ah637ulnJX0YYD6MHLxJFg%3D%3D,Ferrari Approved (preowned.ferrari.com),ZFF79ALA1J0233581 / SD5750C,Bianco Avus,Nero,exterior color: Bianco Avus; interior color: Nero
2026-09-15,488,coupe,2018,349900,,USD,"Costa Mesa, California, USA",dealer,2018 Ferrari 488 GTB,https://www.classic.com/veh/2018-ferrari-488-gtb-zff79ala3j0231637-pzmmdbW/,Classic.com,ZFF79ALA3J0231637,,,Classic.com asterisk asking; 10k mi displayed; mileage blank (rounded Nk mi); fixed-price; seller:iLusso Costa Mesa
2026-09-15,488,coupe,2018,349999,11292,USD,"Costa Mesa, California, USA",dealer,2018 Ferrari 488 GTB,https://www.classic.com/veh/2018-ferrari-488-gtb-zff79ala3j0235588-pe500Xp/,Classic.com,ZFF79ALA3J0235588,Black,Brown,Classic.com asterisk asking; 11k mi displayed; mileage blank (rounded Nk mi); fixed-price; seller:Luxury Motors
2026-09-15,488,coupe,2018,349999,,USD,"New York, New York, USA",dealer,2018 Ferrari 488 GTB,https://www.classic.com/veh/2018-ferrari-488-gtb-zff79ala9j0231979-nQJAVZW/,Classic.com,ZFF79ALA9J0231979,,,Classic.com asterisk asking; 11k mi displayed; mileage blank (rounded Nk mi); fixed-price; seller:Brooklyn Auto Sales
2026-09-15,488,coupe,2018,350000,12165,USD,"Phoenix, USA",dealer,2018 Ferrari 488 GTB,https://preowned.ferrari.com/en-US/a/north-america/used-ferrari/usa/scottsdale-ferrari/488-gtb/IljixbcgVnJGsKsQfDGsruBU4aBuxq681Wbo62JH8VSQ2%2FXnVsRcyKuz3wKJtiuhuIYTGy%2FE%2FhVCwkH%2BtPD1Dxy37ulnKXUfbjWMEL9KGA%3D%3D,Ferrari Approved (preowned.ferrari.com),ZFF79ALA6J0235553 / FP5388,Bianco Avus,Nero,exterior color: Bianco Avus; interior color: Nero
2026-09-15,488,coupe,2018,354700,8301,USD,"Plainview, USA",dealer,2018 Ferrari 488 GTB,https://preowned.ferrari.com/en-US/a/north-america/used-ferrari/usa/ferrari-of-long-island/488-gtb/IljixbcgVnJGsKsQfDGsru001eZZbwSieqaYurSr9Uz0enoiVcTJXH4tqpPKJnAmuIYTGy%2FE%2FhVHwkH%2BtPfyChm37ulnL3saaz%2BAFbxGEQ%3D%3D,Ferrari Approved (preowned.ferrari.com),ZFF79ALA3J0232206 / FE2436,Rosso Corsa,Cuoio,exterior color: Rosso Corsa; interior color: Cuoio; Ferrari Approved certified
2026-09-15,488,coupe,2018,354995,13615,USD,"Newtown Square Bryn Mawr, USA",dealer,2018 Ferrari 488 GTB,https://preowned.ferrari.com/en-US/a/north-america/used-ferrari/usa/ferrari-philadelphia/488-gtb/IljixbcgVnJGsKsQfDGsrvesUctb3oIQOMrLyyI42ZbrI5NisArAXBNUurhKAi0quIYTGy%2FE%2FhUswkH%2BtPbyDBa37ulnKnocazWBErhOFQ%3D%3D,Ferrari Approved (preowned.ferrari.com),ZFF79ALAXJ0233269 / J0233269,Rosso Corsa,Nero,exterior color: Rosso Corsa; interior color: Nero; Ferrari Approved certified
2026-09-15,488,coupe,2018,360080,3964,USD,"Austin, USA",dealer,2018 Ferrari 488 GTB,https://preowned.ferrari.com/en-US/a/north-america/used-ferrari/usa/ferrari-of-austin/488-gtb/IljixbcgVnJGsKsQfDGsrvG19GZLoMDxKiVLnMLlXZ8qlJUXBreemIh%2BVaT42TrduIYTGy%2FE%2FhVCwkH%2Btfz5CBa37ulnK38dbj%2BHFrpKGA%3D%3D,Ferrari Approved (preowned.ferrari.com),ZFF79ALA6J0229929 / 262073P,Rosso Corsa,Cuoio,exterior color: Rosso Corsa; interior color: Cuoio; Ferrari Approved certified
2026-09-15,488,coupe,2018,369000,11959,USD,"Nashville Davidson County, USA",dealer,2018 Ferrari 488 GTB,https://preowned.ferrari.com/en-US/a/north-america/used-ferrari/usa/prancing-horse-of-nashville/488-gtb/IljixbcgVnJGsKsQfDGsruTskOAzuLVCmsPGI0C0O0dXJkMuuP55zP4lnXHR2x5vuIYTGy%2FE%2FhVCwkH%2BtPT4Cx237ulnJHoYazSNHLtJEA%3D%3D,Ferrari Approved (preowned.ferrari.com),ZFF79ALA6J0231812 / U231812,Bianco Avus,Nero,exterior color: Bianco Avus; interior color: Nero; Ferrari Approved certified
2026-09-15,488,coupe,2018,369900,12908,USD,"Norwood, USA",dealer,2018 Ferrari 488 GTB,https://preowned.ferrari.com/en-US/a/north-america/used-ferrari/usa/ferrari-of-new-england/488-gtb/IljixbcgVnJGsKsQfDGsrlmUFMj8jJnwHrAPDQ9%2F%2BHFoxKn%2B3RxLDjp18cY1RPQ5uIYTGy%2FE%2FhVCwkH%2BtPT4Cha37ulnJH4cYTeNHLxKFg%3D%3D,Ferrari Approved (preowned.ferrari.com),ZFF79ALA6J0231809 / P32454A,Grigio Silverstone Opaco,Charcoal,exterior color: Grigio Silverstone Opaco; interior color: Charcoal
2026-09-15,488,coupe,2018,369900,,USD,"Boynton Beach, Florida, USA",dealer,2018 Ferrari 488 GTB,https://www.classic.com/veh/2018-ferrari-488-gtb-zff79ala2j0230821-nX7eyZ4/,Classic.com,ZFF79ALA2J0230821,,,Classic.com asterisk asking; 13k mi displayed; mileage blank (rounded Nk mi); fixed-price; seller:iLusso Boynton Beach
2026-09-15,488,coupe,2018,379500,,USD,"Scottsdale, Arizona, USA",dealer,2018 Ferrari 488 GTB,https://www.classic.com/veh/2018-ferrari-488-gtb-zff79alaxj0231053-WkXybkp/,Classic.com,ZFF79ALAXJ0231053,,,Classic.com asterisk asking; 5k mi displayed; mileage blank (rounded Nk mi); fixed-price; seller:Scottsdale Sports And Classic Motorcars
2026-09-15,488,coupe,2018,379912,,USD,"West Chicago, Illinois, USA",dealer,2018 Ferrari 488 GTB,https://www.classic.com/veh/2018-ferrari-488-gtb-zff79ala7j0232645-pEq0Ywp/,Classic.com,ZFF79ALA7J0232645,,,Classic.com asterisk asking; 5k mi displayed; mileage blank (rounded Nk mi); fixed-price; seller:Chicago Motor Cars
2026-09-15,488,coupe,2018,379999,,USD,"Costa Mesa, California, USA",dealer,2018 Ferrari 488 GTB,https://www.classic.com/veh/2018-ferrari-488-gtb-zff79ala7j0231026-pzOvy54/,Classic.com,ZFF79ALA7J0231026,,,Classic.com asterisk asking; 5k mi displayed; mileage blank (rounded Nk mi); fixed-price; seller:Eurocar Inc.
2026-09-15,488,coupe,2018,389900,,USD,"Addison, Texas, USA",dealer,2018 Ferrari 488 GTB,https://www.classic.com/veh/2018-ferrari-488-gtb-zff79ala9j0232016-4Aw36vW/,Classic.com,ZFF79ALA9J0232016,,,Classic.com asterisk asking; 6k mi displayed; mileage blank (rounded Nk mi); fixed-price; seller:Exotic World Motor Cars
2026-09-15,488,coupe,2018,389999,,USD,"Costa Mesa, California, USA",dealer,2018 Ferrari 488 GTB,https://www.classic.com/veh/2018-ferrari-488-gtb-zff79ala4j0232800-p6516LW/,Classic.com,ZFF79ALA4J0232800,,,Classic.com asterisk asking; 5k mi displayed; mileage blank (rounded Nk mi); fixed-price; seller:Eurocar Inc.
2026-09-15,488,coupe,2018,390699,4903,USD,"Greenwich, USA",dealer,2018 Ferrari 488 GTB,https://preowned.ferrari.com/en-US/a/north-america/used-ferrari/usa/miller-motorcars/488-gtb/IljixbcgVnJGsKsQfDGsrpjTflt8hMVPBuoYfcUObEFHY%2FhFWyFRJeMZm2peY8dMuIYTGy%2FE%2FhVGwkH%2BtPD4Cx637ulnKHoYbzSFHLdIGQ%3D%3D,Ferrari Approved (preowned.ferrari.com),ZFF79ALA2J0235811 / 52312,Rosso Corsa,Nero,exterior color: Rosso Corsa; interior color: Nero; Ferrari Approved certified
2026-09-15,488,coupe,2018,424900,14051,USD,"Norwood, USA",dealer,2018 Ferrari 488 GTB,https://preowned.ferrari.com/en-US/a/north-america/used-ferrari/usa/ferrari-of-new-england/488-gtb/IljixbcgVnJGsKsQfDGsrs0ljcn6IdxZIDYaJtK%2BqnbJGEV2W5pmAhDYhtZv4fBCuIYTGy%2FE%2FhVCwkH%2BtPX3Dxm37ulnLnkabzSCFrtOFg%3D%3D,Ferrari Approved (preowned.ferrari.com),ZFF79ALA6J0230756 / P32501,Rosso Formula 1 2007,Nero,exterior color: Rosso Formula 1 2007; interior color: Nero; Ferrari Approved certified
2026-09-15,488,coupe,2018,699995,823,USD,"San Antonio BEXAR, USA",dealer,2018 Ferrari 488 GTB,https://preowned.ferrari.com/en-US/a/north-america/used-ferrari/usa/ferrari-of-san-antonio/488-gtb/IljixbcgVnJGsKsQfDGsrkAuKJ2b34Hc5GW%2BQ4Xaii%2B3t8cXEmXU%2Ba0x7x19D2viuIYTGy%2FE%2FhVMwkH%2BtPXyAx%2B37ulnJX0YazGBE7tNGQ%3D%3D,Ferrari Approved (preowned.ferrari.com),ZFF79ALA8J0230290 / J0230290P,Verde British,Extra Sample,exterior color: Verde British; interior color: Extra Sample; Ferrari Approved certified
2026-09-15,488,coupe,2019,305599,15415,USD,"GTB Base RP Exotics Saint Louis, MO",dealer,Used 2019 Ferrari 488 GTB Base,https://www.cars.com/vehicledetail/5338a2ec-b830-40e2-b974-fe3dbd6e506c/,Cars.com,ZFF79ALA3K0237942,white,,Cars.com data-vehicle-details; seller:RP Exotics; zip:63132; trim:Base; exterior color: white
2026-09-15,488,coupe,2019,309996,,USD,"Charlotte, North Carolina, USA",dealer,2019 Ferrari 488 GTB,https://www.classic.com/veh/2019-ferrari-488-gtb-zff79ala2k0245448-n2bkjBn/,Classic.com,ZFF79ALA2K0245448,,,Classic.com asterisk asking; 11k mi displayed; mileage blank (rounded Nk mi); fixed-price; seller:McLaren Charlotte
2026-09-15,488,coupe,2019,339988,,USD,"Pompano Beach, Florida, USA",dealer,2019 Ferrari 488 GTB,https://www.classic.com/veh/2019-ferrari-488-gtb-zff79ala1k0242993-peaL8ep/,Classic.com,ZFF79ALA1K0242993,,,Classic.com asterisk asking; 7k mi displayed; mileage blank (rounded Nk mi); fixed-price; seller:Sienna Motors
2026-09-15,488,coupe,2019,375448,7400,USD,"GTB Base Maserati of Cleveland Cleveland, OH",dealer,Used 2019 Ferrari 488 GTB Base,https://www.cars.com/vehicledetail/9b162485-3101-4401-91f7-92a7bced9971/,Cars.com,ZFF79ALA6K0246473,red,,Cars.com data-vehicle-details; seller:Maserati of Cleveland; zip:44135; trim:Base; exterior color: red
2026-09-15,488,coupe,2019,379900,,USD,"Charlotte, North Carolina, USA",dealer,2019 Ferrari 488 GTB,https://www.classic.com/veh/2019-ferrari-488-gtb-zff79ala3k0243014-4rOZKNn/,Classic.com,ZFF79ALA3K0243014,,,Classic.com asterisk asking; 4k mi displayed; mileage blank (rounded Nk mi); fixed-price; seller:Tactical Fleet Charlotte
2026-09-15,488,coupe,2019,381324,6314,USD,"Plano, USA",dealer,2019 Ferrari 488 GTB,https://preowned.ferrari.com/en-US/a/north-america/used-ferrari/usa/ferrari-dallas/488-gtb/IljixbcgVnJGsKsQfDGsriE7H%2BN2mYsUDxvPwJsACaxBe68Wz5ZFSLSur2iThPgVuIYTGy%2FE%2FhVNw0H%2Bs%2FPyDRy37ulnKXsfazCBELxHEQ%3D%3D,Ferrari Approved (preowned.ferrari.com),ZFF79ALA9K0246273 / P0246273,Nero Daytona,Rosso Ferrari,exterior color: Nero Daytona; interior color: Rosso Ferrari; Ferrari Approved certified
2026-09-15,488,coupe,2019,398990,3718,USD,"Redwood City, USA",dealer,2019 Ferrari 488 GTB,https://preowned.ferrari.com/en-US/a/north-america/used-ferrari/usa/ferrari-silicon-valley/488-gtb/IljixbcgVnJGsKsQfDGsrnjDUo836kXufy2pm6EvcYMAV8i71i%2BgPTM2BT1YODdsuIYTGy%2FE%2FhVDw0H%2Bs%2FD0CR637ulnK3Qdbj%2BEF7dMEw%3D%3D,Ferrari Approved (preowned.ferrari.com),ZFF79ALA7K0245431 / 245431,Rosso Corsa,Nero,exterior color: Rosso Corsa; interior color: Nero
2026-09-15,488,coupe,2019,399900,3753,USD,"Norwood, USA",dealer,2019 Ferrari 488 GTB,https://preowned.ferrari.com/en-US/a/north-america/used-ferrari/usa/ferrari-of-new-england/488-gtb/IljixbcgVnJGsKsQfDGsrhZu0yft8DkkgYpERlMyLIkVuL%2ByA3WNViOGtyX1LAWRuIYTGy%2FE%2FhVAw0H%2Bs%2FDyCBq37ulnLnkabzSCFLtHEw%3D%3D,Ferrari Approved (preowned.ferrari.com),ZFF79ALA4K0245225 / P32467A,Rosso Corsa,Nero,exterior color: Rosso Corsa; interior color: Nero; Ferrari Approved certified
2026-09-15,488,coupe,2019,399991,3943,USD,"Naples, USA",dealer,2019 Ferrari 488 GTB,https://preowned.ferrari.com/en-US/a/north-america/used-ferrari/usa/ferrari-of-naples/488-gtb/IljixbcgVnJGsKsQfDGsrhKLLSd5ZIC%2BAC4u8YSEnlcHUv36oHjEG6OXbsDG7bhAuIYTGy%2FE%2FhVFw0H%2Bs%2FD0CRa37ulnKXkZazSFE7dOGA%3D%3D,Ferrari Approved (preowned.ferrari.com),ZFF79ALA1K0245439 / STK245439,Bianco Avus,Nero,exterior color: Bianco Avus; interior color: Nero; Ferrari Approved certified
2026-09-15,488,coupe,2019,399999,4811,USD,"Costa Mesa, California, USA",dealer,2019 Ferrari 488 GTB,https://www.classic.com/veh/2019-ferrari-488-gtb-zff79ala1k0239639-pdQb9K4/,Classic.com,ZFF79ALA1K0239639,red,,Classic.com asterisk asking; 4k mi displayed; mileage blank (rounded Nk mi); fixed-price; seller:Eurocar Inc.
2026-09-15,488,coupe,2019,424999,,USD,"Boynton Beach, Florida, USA",dealer,2019 Ferrari 488 GTB,https://www.classic.com/veh/2019-ferrari-488-gtb-zff79ala6k0245436-nQJ2qrW/,Classic.com,ZFF79ALA6K0245436,,,Classic.com asterisk asking; 4k mi displayed; mileage blank (rounded Nk mi); fixed-price; seller:iLusso Boynton Beach
2026-09-15,488,coupe,2019,469900,8580,USD,"Boca Raton, Florida, USA",dealer,2019 Ferrari 488 GTB,https://www.classic.com/veh/2019-ferrari-488-gtb-zff79ala6k0238874-WbRDlPW/,Classic.com,ZFF79ALA6K0238874,red,,Classic.com asterisk asking; 8k mi displayed; mileage blank (rounded Nk mi); fixed-price; seller:Auto Sport Classics Exotic & Highline
2026-09-15,488,spider,2016,344995,,USD,"Akron, Ohio, USA",dealer,2016 Ferrari 488 Spider,https://www.classic.com/veh/2016-ferrari-488-spider-zff80amaxg0219071-pdVLJwn/,Classic.com,ZFF80AMAXG0219071,,,Classic.com asterisk asking; 16k mi displayed; mileage blank (rounded Nk mi); fixed-price; seller:Perfect Auto Collection
2026-09-15,488,spider,2016,349323,,USD,"Akron, Ohio, USA",dealer,2016 Ferrari 488 Spider,https://www.classic.com/veh/2016-ferrari-488-spider-zff80ama0g0216972-pdxPJKp/,Classic.com,ZFF80AMA0G0216972,,,Classic.com asterisk asking; 19k mi displayed; mileage blank (rounded Nk mi); fixed-price; seller:Perfect Auto Collection
2026-09-15,488,spider,2016,399700,7103,USD,"Plainview, USA",dealer,2016 Ferrari 488 Spider,https://preowned.ferrari.com/en-US/a/north-america/used-ferrari/usa/ferrari-of-long-island/488-spider/IljixbcgVnJGsKsQfDGsrn7M9Bk3XSbUKgKG03q%2B58xlxp8CnCJYdBoDl6SKOMZeuIYTFCbE%2FxVBz0H%2Btv31Cx%2B37ulnKHkfYTODHLtGEQ%3D%3D,Ferrari Approved (preowned.ferrari.com),ZFF80AMA5G0218510 / FE2444,Bianco Avus,Nero,exterior color: Bianco Avus; interior color: Nero; Ferrari Approved certified
2026-09-15,488,spider,2016,419000,,USD,"Hollywood, Florida, USA",dealer,2016 Ferrari 488 Spider,https://www.classic.com/veh/2016-ferrari-488-spider-zff80ama8g0218906-WvxQyB4/,Classic.com,ZFF80AMA8G0218906,,,Classic.com asterisk asking; 8k mi displayed; mileage blank (rounded Nk mi); fixed-price; seller:Gravity Autos Hollywood
2026-09-15,488,spider,2016,422172,7053,USD,"Naples, FL",dealer,Used 2016 Ferrari 488 Spider Base,https://www.cars.com/vehicledetail/3582f160-8a50-4cfd-862e-00971f17d275/,Cars.com,ZFF80AMA9G0218932,yellow,,Cars.com data-vehicle-details; seller:Alfa Romeo of Naples; zip:34104; trim:Base; exterior color: yellow
2026-09-15,488,spider,2016,425412,,USD,"West Chicago, Illinois, USA",dealer,2016 Ferrari 488 Spider,https://www.classic.com/veh/2016-ferrari-488-spider-zff80ama9g0219272-Wkbzbon/,Classic.com,ZFF80AMA9G0219272,,,Classic.com asterisk asking; 15k mi displayed; mileage blank (rounded Nk mi); fixed-price; seller:Chicago Motor Cars
2026-09-15,488,spider,2017,311495,32000,USD,"Miami, FL",dealer,2017 Ferrari 488,https://www.cargurus.com/details/454113837,CarGurus,ZFF80AMA1H0227450,,,Stock # 00002; trim: Spider RWD; deal rating: FAIR_PRICE
2026-09-15,488,spider,2017,329985,24168,USD,"Anaheim, CA",dealer,2017 Ferrari 488,https://www.cargurus.com/details/456086198,CarGurus,ZFF80AMA1H0227447,Grigio Ferro,,Stock # 17008P; trim: Spider RWD; deal rating: GREAT_PRICE; exterior color: Grigio Ferro
2026-09-15,488,spider,2017,330925,19468,USD,"Plano, USA",dealer,2017 Ferrari 488 Spider,https://preowned.ferrari.com/en-US/a/north-america/used-ferrari/usa/ferrari-dallas/488-spider/IljixbcgVnJGsKsQfDGsrrDQrwmugU9bWsirYXpyFTHY8D3OiAQw830VJI%2Fu4nScuIYTFCbE%2FxVNwEH%2BtfLzDRy37ulnLnUebTeNELhOEA%3D%3D,Ferrari Approved (preowned.ferrari.com),ZFF80AMA9H0227373 / P0227373,Nero,Rosso Ferrari,exterior color: Nero; interior color: Rosso Ferrari; Ferrari Approved certified
2026-09-15,488,spider,2017,339900,,USD,"Cleveland, Ohio, USA",dealer,2017 Ferrari 488 Spider,https://www.classic.com/veh/2017-ferrari-488-spider-zff80ama1h0220577-WxR0dg4/,Classic.com,ZFF80AMA1H0220577,,,Classic.com asterisk asking; 23k mi displayed; mileage blank (rounded Nk mi); fixed-price; seller:Marshall Goldman Cleveland
2026-09-15,488,spider,2017,349990,12187,USD,"Fort Lauderdale, Florida, USA",dealer,2017 Ferrari 488 Spider,https://www.classic.com/veh/2017-ferrari-488-spider-zff80ama0h0225334-pERdge4/,Classic.com,ZFF80AMA0H0225334,yellow,,Classic.com asterisk asking; 12k mi displayed; mileage blank (rounded Nk mi); fixed-price; seller:Coast To Coast
2026-09-15,488,spider,2017,355725,13786,USD,"Plano, USA",dealer,2017 Ferrari 488 Spider,https://preowned.ferrari.com/en-US/a/north-america/used-ferrari/usa/ferrari-dallas/488-spider/IljixbcgVnJGsKsQfDGsrqE%2FjB8m0xz19Wl5%2BQRWnWcryAKa7XaOEIzz7INCnOveuIYTFCbE%2FxVMwEH%2Btf32Cxy37ulnLnUeazeDFbxNGA%3D%3D,Ferrari Approved (preowned.ferrari.com),ZFF80AMA8H0228613 / P0228613,Bianco Avus,Rosso Ferrari,exterior color: Bianco Avus; interior color: Rosso Ferrari; Ferrari Approved certified
2026-09-15,488,spider,2017,355900,,USD,"Costa Mesa, California, USA",dealer,2017 Ferrari 488 Spider,https://www.classic.com/veh/2017-ferrari-488-spider-zff80ama7h0224326-n2MmM94/,Classic.com,ZFF80AMA7H0224326,,,Classic.com asterisk asking; 14k mi displayed; mileage blank (rounded Nk mi); fixed-price; seller:iLusso Costa Mesa
2026-09-15,488,spider,2017,359900,18259,USD,,dealer,2017 Ferrari 488 Spider,https://www.dupontregistry.com/autos/listing/622426,dupontregistry,ZFF80AMA1H0220420 / 220420,Black,Black,duPont REGISTRY SRP initialDataCars; stock:220420; exterior color: Black; interior color: Black
2026-09-15,488,spider,2017,359990,15103,USD,"Fort Lauderdale, Florida, USA",dealer,2017 Ferrari 488 Spider,https://www.classic.com/veh/2017-ferrari-488-spider-zff80ama6h0225631-nXw7mZ4/,Classic.com,ZFF80AMA6H0225631,white,,Classic.com asterisk asking; 15k mi displayed; mileage blank (rounded Nk mi); fixed-price; seller:Coast To Coast
2026-09-15,488,spider,2017,369900,15989,USD,"Norwood, USA",dealer,2017 Ferrari 488 Spider,https://preowned.ferrari.com/en-US/a/north-america/used-ferrari/usa/ferrari-of-new-england/488-spider/IljixbcgVnJGsKsQfDGsrjxtneL4FNDIEHrrqv2ILG54%2FTJe6EIdg4IrYMv3SR2cuIYTFCbE%2FxVCwEH%2BtfTxCx237ulnJXkZaD6EFrlIEQ%3D%3D,Ferrari Approved (preowned.ferrari.com),ZFF80AMA6H0221112 / P32466,Giallo Triplo Strato,Nero,exterior color: Giallo Triplo Strato; interior color: Nero
2026-09-15,488,spider,2017,376273,10643,USD,"Carrollton, Texas, USA",dealer,2017 Ferrari 488 Spider,https://www.classic.com/veh/2017-ferrari-488-spider-zff80amaxh0226006-n2oNxDW/,Classic.com,ZFF80AMAXH0226006,,,Classic.com asterisk asking; 10k mi displayed; mileage blank (rounded Nk mi); fixed-price; seller:Earth MotorCars
2026-09-15,488,spider,2017,378950,,USD,"Newport Beach, California, USA",dealer,2017 Ferrari 488 Spider,https://www.classic.com/veh/2017-ferrari-488-spider-zff80ama5h0223501-WLZdQk4/,Classic.com,ZFF80AMA5H0223501,,,Classic.com asterisk asking; 17k mi displayed; mileage blank (rounded Nk mi); fixed-price; seller:Marshall Goldman Newport Beach
2026-09-15,488,spider,2017,379631,11919,USD,"Spring Valley Rockland County New York, USA",dealer,2017 Ferrari 488 Spider,https://preowned.ferrari.com/en-US/a/north-america/used-ferrari/usa/wide-world-ferrari/488-spider/IljixbcgVnJGsKsQfDGsrijPVIhNr46izm58M8Z%2FQ6hr6UMwoCLzcoiVAEI9bNs4uIYTFCbE%2FxVCwEH%2BtfX5CBa37ulnKnwfaDGDEbdIGA%3D%3D,Ferrari Approved (preowned.ferrari.com),ZFF80AMA6H0220929 / FM4592,Rosso Corsa,Nero,exterior color: Rosso Corsa; interior color: Nero; Ferrari Approved certified
2026-09-15,488,spider,2017,387900,10968,USD,"Phoenix, USA",dealer,2017 Ferrari 488 Spider,https://preowned.ferrari.com/en-US/a/north-america/used-ferrari/usa/scottsdale-ferrari/488-spider/IljixbcgVnJGsKsQfDGsrn%2Fpaa2NeDCeLlsZomosULIuykpHQJB67U2OLeKMhuj4uIYTFCbE%2FxVNwEH%2BtfH4DB237ulnKHUfYTSBHbdOEg%3D%3D,Ferrari Approved (preowned.ferrari.com),ZFF80AMA9H0224862 / FP5383,Giallo Modena,Nero,exterior color: Giallo Modena; interior color: Nero
2026-09-15,488,spider,2017,389900,11645,USD,"Boca Raton, USA",dealer,2017 Ferrari 488 Spider,https://preowned.ferrari.com/en-US/a/north-america/used-ferrari/usa/ferrari-of-boca-raton/488-spider/IljixbcgVnJGsKsQfDGsrvVi6pwhWcnY4AqDzm%2BviKTmz96jJLqLj9dv7PcjyM%2FvuIYTFCbE%2FxVCwEH%2BtfT4CBy37ulnJX0aYTeNE7dNGA%3D%3D,Ferrari Approved (preowned.ferrari.com),ZFF80AMA6H0221823 / BP1114,Nero Daytona,Nero,exterior color: Nero Daytona; interior color: Nero; Ferrari Approved certified
2026-09-15,488,spider,2017,392996,,USD,"Charlotte, North Carolina, USA",dealer,2017 Ferrari 488 Spider,https://www.classic.com/veh/2017-ferrari-488-spider-zff80amaxh0222568-WNvqNkW/,Classic.com,ZFF80AMAXH0222568,,,Classic.com asterisk asking; 25k mi displayed; mileage blank (rounded Nk mi); fixed-price; seller:McLaren Charlotte
2026-09-15,488,spider,2017,397888,7311,USD,"Edison, USA",dealer,2017 Ferrari 488 Spider,https://preowned.ferrari.com/en-US/a/north-america/used-ferrari/usa/ferrari-of-central-new-jersey/488-spider/IljixbcgVnJGsKsQfDGsrnGK3kPzhCjmd%2FCe6Vfhf6N6PBLy0bPH542axAroZgl5uIYTFCbE%2FxVGwEH%2BtfDxDh237ulnKn8faDaAErdPEQ%3D%3D,Ferrari Approved (preowned.ferrari.com),ZFF80AMA2H0225142 / F0225142T,Nero,Cuoio,exterior color: Nero; interior color: Cuoio
2026-09-15,488,spider,2017,398985,11484,USD,"Edison, USA",dealer,2017 Ferrari 488 Spider,https://preowned.ferrari.com/en-US/a/north-america/used-ferrari/usa/ferrari-of-central-new-jersey/488-spider/IljixbcgVnJGsKsQfDGsrsqP31sF1Yer%2BPrEoOhsCF%2FS%2FJirfRtnax5Ll4T1sZFsuIYTFCbE%2FxVHwEH%2BtfD5Ahe37ulnKHUfYDOBEr5LEA%3D%3D,Ferrari Approved (preowned.ferrari.com),ZFF80AMA3H0225988 / F0225988P,Grigio Silverstone,Nero,exterior color: Grigio Silverstone; interior color: Nero
2026-09-15,488,spider,2017,399525,9725,USD,"Mill Valley, USA",dealer,2017 Ferrari 488 Spider,https://preowned.ferrari.com/en-US/a/north-america/used-ferrari/usa/ferrari-of-san-francisco/488-spider/IljixbcgVnJGsKsQfDGsroPMJMzMPE0olxAla%2Bn5ScFBa48yvi9ts000N4XxrleDuIYTFCbE%2FxVFwEH%2BtfbxDh637ulnJX0cYTKCFrxKFA%3D%3D,Ferrari Approved (preowned.ferrari.com),ZFF80AMA1H0223141 / SC6421,Nero,Nero,exterior color: Nero; interior color: Nero; Ferrari Approved certified
2026-09-15,488,spider,2017,400080,12431,USD,"Austin, USA",dealer,2017 Ferrari 488 Spider,https://preowned.ferrari.com/en-US/a/north-america/used-ferrari/usa/ferrari-of-austin/488-spider/IljixbcgVnJGsKsQfDGsrkOtrhgGFT%2BORyyCzSk2XAGEGk2ff0TsS4knDWvAS5x%2BuIYTFCbE%2FxVEwEH%2BtfH5DB637ulnK38dbj%2BHF7xIGA%3D%3D,Ferrari Approved (preowned.ferrari.com),ZFF80AMA0H0224961 / 262059P,Bianco Avus,Extra Sample,exterior color: Bianco Avus; interior color: Extra Sample; Ferrari Approved certified
2026-09-15,488,spider,2017,417895,7995,USD,"West Palm Beach, USA",dealer,2017 Ferrari 488 Spider,https://preowned.ferrari.com/en-US/a/north-america/used-ferrari/usa/ferrari-of-palm-beach/488-spider/IljixbcgVnJGsKsQfDGsrg%2F%2BSa%2BC%2FiRW34RPkHtxhdQCXBw%2Fo98RwhgREhFT6CUcuIYTFCbE%2FxVBwEH%2BtfP0DBy37ulnL30YbT6AFr1NEA%3D%3D,Ferrari Approved (preowned.ferrari.com),ZFF80AMA5H0226463 / PF1278,Blu Tour De France,Charcoal,exterior color: Blu Tour De France; interior color: Charcoal; Ferrari Approved certified
2026-09-15,488,spider,2017,419900,14139,USD,"Norwood, USA",dealer,2017 Ferrari 488 Spider,https://preowned.ferrari.com/en-US/a/north-america/used-ferrari/usa/ferrari-of-new-england/488-spider/IljixbcgVnJGsKsQfDGsrkYrpLostKESfXekh%2FF3j8REHdyW585ZaOKweJlDL9%2FEuIYTFCbE%2FxVDwEH%2BtfD3CRq37ulnLn8YYDOGFrZJEw%3D%3D,Ferrari Approved (preowned.ferrari.com),ZFF80AMA7H0225735 / P32499,Bianco Avus,Nero,exterior color: Bianco Avus; interior color: Nero; Ferrari Approved certified
2026-09-15,488,spider,2017,420798,,USD,"Charlotte, North Carolina, USA",dealer,2017 Ferrari 488 Spider,https://www.classic.com/veh/2017-ferrari-488-spider-zff80ama9h0222951-nQAJ9On/,Classic.com,ZFF80AMA9H0222951,,,Classic.com asterisk asking; 11k mi displayed; mileage blank (rounded Nk mi); fixed-price; seller:Ferrari of Charlotte
2026-09-15,488,spider,2017,424900,7771,USD,"Norwood, USA",dealer,2017 Ferrari 488 Spider,https://preowned.ferrari.com/en-US/a/north-america/used-ferrari/usa/ferrari-of-new-england/488-spider/IljixbcgVnJGsKsQfDGsru%2Bv0xZkuA7cxt%2F3TIVVxlZ2K69al%2FPkcw74V1DM0kQ%2BuIYTFCbE%2FxVAwEH%2BtfH2Dh637ulnLX0XaTaDFrtOFg%3D%3D,Ferrari Approved (preowned.ferrari.com),ZFF80AMA4H0224641 / P32488,Nero Daytona,Nero,exterior color: Nero Daytona; interior color: Nero; Ferrari Approved certified
2026-09-15,488,spider,2017,424999,9528,USD,"Hinsdale, USA",dealer,2017 Ferrari 488 Spider,https://preowned.ferrari.com/en-US/a/north-america/used-ferrari/usa/continental-autosports/488-spider/IljixbcgVnJGsKsQfDGsrtjMidXpS%2FGLS2R8E63%2FJNFk0S3B7sP49QYJXTAxOANkuIYTFCbE%2FxVMwEH%2BtfD0Axe37ulnLHgZYDSGFbxOEw%3D%3D,Ferrari Approved (preowned.ferrari.com),ZFF80AMA8H0225498 / 9653111,Rosso Corsa,Nero,exterior color: Rosso Corsa; interior color: Nero; Ferrari Approved certified
2026-09-15,488,spider,2017,424999,9038,USD,"Roswell, USA",dealer,2017 Ferrari 488 Spider,https://preowned.ferrari.com/en-US/a/north-america/used-ferrari/usa/ferrari-of-atlanta/488-spider/IljixbcgVnJGsKsQfDGsrpCIbro3zx8XvoAuvlGOGlO9JK8EoNFV%2B55lqxZF%2FMTEuIYTFCbE%2FxVEwEH%2BtfbxCR237ulnK3oXajGHHbtKGA%3D%3D,Ferrari Approved (preowned.ferrari.com),ZFF80AMA0H0223132 / C1469,Rosso Corsa,Beige Tradizione,exterior color: Rosso Corsa; interior color: Beige Tradizione; Ferrari Approved certified
2026-09-15,488,spider,2017,429000,,USD,"Bensalem Township, Pennsylvania, USA",dealer,2017 Ferrari 488 Spider,https://www.classic.com/veh/2017-ferrari-488-spider-zff80amaxh0223591-WxjVd24/,Classic.com,ZFF80AMAXH0223591,,,Classic.com asterisk asking; 12k mi displayed; mileage blank (rounded Nk mi); fixed-price; seller:Professional Sales Inc.
2026-09-15,488,spider,2017,429895,18545,USD,"West Palm Beach, USA",dealer,2017 Ferrari 488 Spider,https://preowned.ferrari.com/en-US/a/north-america/used-ferrari/usa/ferrari-of-palm-beach/488-spider/IljixbcgVnJGsKsQfDGsrviYb6nyz6e01HPreIsa0tP041RSIB7O05P4ySXhJJGYuIYTFCbE%2FxVEwEH%2BtfP0DBm37ulnJX8ebTOAFrZKFw%3D%3D,Ferrari Approved (preowned.ferrari.com),ZFF80AMA0H0226466 / H0226466,Extra Sample,Nero,exterior color: Extra Sample; interior color: Nero; Ferrari Approved certified
2026-09-15,488,spider,2017,429900,4312,USD,"Plainview, USA",dealer,2017 Ferrari 488 Spider,https://preowned.ferrari.com/en-US/a/north-america/used-ferrari/usa/ferrari-of-long-island/488-spider/IljixbcgVnJGsKsQfDGsriBT%2FEGoGS%2BIeZvNnbw3IMfyFaymkJwH4EZrXZyacPViuIYTFCbE%2FxVDwEH%2Btff5CRy37ulnKX8YbDaBErpLFg%3D%3D,Ferrari Approved (preowned.ferrari.com),ZFF80AMA7H0222933 / FE2450,Bianco Avus,Nero,exterior color: Bianco Avus; interior color: Nero; Ferrari Approved certified
2026-09-15,488,spider,2017,429900,10607,USD,"Norwood, USA",dealer,2017 Ferrari 488 Spider,https://preowned.ferrari.com/en-US/a/north-america/used-ferrari/usa/ferrari-of-new-england/488-spider/IljixbcgVnJGsKsQfDGsrmnlis8Ub2RVDXanyHXZYY1RDudAPlR7gh8Z9qzTZ9c0uIYTFCbE%2FxVHwEH%2BtfX2Cxu37ulnLnkabzSCF71NEA%3D%3D,Ferrari Approved (preowned.ferrari.com),ZFF80AMA3H0220614 / P32502,Rosso Corsa,Beige Tradizione,exterior color: Rosso Corsa; interior color: Beige Tradizione; Ferrari Approved certified
2026-09-15,488,spider,2017,429989,2262,USD,"Johnson Creek, WI",dealer,Used 2017 Ferrari 488 Spider Base,https://www.cars.com/vehicledetail/eca57767-53a2-4db3-929f-3aa6a3927345/,Cars.com,ZFF80AMAXH0228192,white,,Cars.com data-vehicle-details; seller:Kearns Motor Car Co.; zip:53038; trim:Base; exterior color: white
2026-09-15,488,spider,2017,429995,,USD,"Nashville, Tennessee, USA",dealer,2017 Ferrari 488 Spider,https://www.classic.com/veh/2017-ferrari-488-spider-zff80ama2h0222693-pPxeB6p/,Classic.com,ZFF80AMA2H0222693,,,Classic.com asterisk asking; 12k mi displayed; mileage blank (rounded Nk mi); fixed-price; seller:Velocity Motorcars
2026-09-15,488,spider,2017,429999,,USD,"King of Prussia, Pennsylvania, USA",dealer,2017 Ferrari 488 Spider,https://www.classic.com/veh/2017-ferrari-488-spider-zff80amaxh0226250-nOl6bwW/,Classic.com,ZFF80AMAXH0226250,,,Classic.com asterisk asking; 13k mi displayed; mileage blank (rounded Nk mi); fixed-price; seller:Motorcars of the Main Line
2026-09-15,488,spider,2017,438658,8972,USD,"Salt Lake City, USA",dealer,2017 Ferrari 488 Spider,https://preowned.ferrari.com/en-US/a/north-america/used-ferrari/usa/ferrari-of-salt-lake-city/488-spider/IljixbcgVnJGsKsQfDGsrtkH7CIBaBcEdGQ9ykdJswZ%2Bf1HXMG%2FT5ZEEDjskAdWvuIYTFCbE%2FxVMwEH%2BtfT3Dhy37ulnJX0YYTCFELlPEg%3D%3D,Ferrari Approved (preowned.ferrari.com),ZFF80AMA8H0221743 / H0221743P,Blu Tour De France,Blu Sterling,exterior color: Blu Tour De France; interior color: Blu Sterling
2026-09-15,488,spider,2017,449000,,USD,"Orlando, Florida, USA",dealer,2017 Ferrari 488 Spider,https://www.classic.com/veh/2017-ferrari-488-spider-zff80ama5h0220789-nQAeNvn/,Classic.com,ZFF80AMA5H0220789,,,Classic.com asterisk asking; 8k mi displayed; mileage blank (rounded Nk mi); fixed-price; seller:Ultimate Auto
2026-09-15,488,spider,2017,449990,,USD,"Murrieta, California, USA",dealer,2017 Ferrari 488 Spider,https://www.classic.com/veh/2017-ferrari-488-spider-zff80ama6h0228111-WYxge7n/,Classic.com,ZFF80AMA6H0228111,,,Classic.com asterisk asking; 5k mi displayed; mileage blank (rounded Nk mi); fixed-price; seller:West Coast Exotic Cars
2026-09-15,488,spider,2017,459900,4485,USD,"Detroit, USA",dealer,2017 Ferrari 488 Spider,https://preowned.ferrari.com/en-US/a/north-america/used-ferrari/usa/cauley-ferrari-of-detroit/488-spider/IljixbcgVnJGsKsQfDGsrunEqr6I6NWskX4yuvJfDafx5J6gErq4%2Ffd6pFKU9gVGuIYTFCbE%2FxUswEH%2BtfP0DB%2B37ulnKHUaaTCMFbhOGQ%3D%3D,Ferrari Approved (preowned.ferrari.com),ZFF80AMAXH0226460 / 226460,Grigio Titanio Metall,Cuoio,exterior color: Grigio Titanio Metall; interior color: Cuoio
2026-09-15,488,spider,2017,463895,4814,USD,"West Palm Beach, USA",dealer,2017 Ferrari 488 Spider,https://preowned.ferrari.com/en-US/a/north-america/used-ferrari/usa/ferrari-of-palm-beach/488-spider/IljixbcgVnJGsKsQfDGsrgTs37RSGK1WoTntPksdNR5syv7omae6BS1hrIxaKw4VuIYTFCbE%2FxVCwEH%2Btf32Cha37ulnKHoeYTGHFr9HEg%3D%3D,Ferrari Approved (preowned.ferrari.com),ZFF80AMA6H0228609 / PF1272,Rosso Corsa,Nero,exterior color: Rosso Corsa; interior color: Nero; Ferrari Approved certified
2026-09-15,488,spider,2017,467900,9226,USD,"Norwood, USA",dealer,2017 Ferrari 488 Spider,https://preowned.ferrari.com/en-US/a/north-america/used-ferrari/usa/ferrari-of-new-england/488-spider/IljixbcgVnJGsKsQfDGsrjXkWyefnfg7pd0JpjY%2FeGJU%2FVh7apEjKQUHahf8IpWIuIYTFCbE%2FxVNwEH%2BtfX5CRa37ulnLX0XaTaDF7xHEA%3D%3D,Ferrari Approved (preowned.ferrari.com),ZFF80AMA9H0220939 / P32487,Bianco Avus,Blu Medio,exterior color: Bianco Avus; interior color: Blu Medio; Ferrari Approved certified
2026-09-15,488,spider,2017,499998,834,USD,"Fort Lauderdale, Florida, USA",dealer,2017 Ferrari 488 Spider,https://www.classic.com/veh/2017-ferrari-488-spider-zff80ama7h0226982-WLVBAx4/,Classic.com,ZFF80AMA7H0226982,,,Classic.com asterisk asking; exact miles displayed: 834 mi; fixed-price; seller:Carrio Motor Cars
2026-09-15,488,spider,2017,500898,,USD,"Charlotte, North Carolina, USA",dealer,2017 Ferrari 488 Spider,https://www.classic.com/veh/2017-ferrari-488-spider-zff80ama6h0223149-n81mq1W/,Classic.com,ZFF80AMA6H0223149,,,Classic.com asterisk asking; 4k mi displayed; mileage blank (rounded Nk mi); fixed-price; seller:Ferrari of Charlotte
2026-09-15,488,spider,2018,279995,,USD,"Houston, Texas, USA",dealer,2018 Ferrari 488 Spider Convertible,https://www.classic.com/veh/2018-ferrari-488-spider-convertible-zff80ama5j0236-n8MkvjW/,Classic.com,,,,Classic.com asterisk asking; 8k mi displayed; mileage blank (rounded Nk mi); fixed-price; seller:Houston Auto World
2026-09-15,488,spider,2018,319996,,USD,"Charlotte, North Carolina, USA",dealer,2018 Ferrari 488 Spider,https://www.classic.com/veh/2018-ferrari-488-spider-zff80amaxj0236282-pEq90xp/,Classic.com,ZFF80AMAXJ0236282,,,Classic.com asterisk asking; 9k mi displayed; mileage blank (rounded Nk mi); fixed-price; seller:McLaren Charlotte
2026-09-15,488,spider,2018,344995,,USD,"Broward County, Florida, USA",dealer,2018 Ferrari 488 Spider,https://www.classic.com/veh/2018-ferrari-488-spider-zff80ama9j0229923-45Jlbzn/,Classic.com,ZFF80AMA9J0229923,,,Classic.com asterisk asking; unparsed mileage text 'TMU'; left blank; fixed-price; seller:Exceed Auto Brokers
2026-09-15,488,spider,2018,349777,26987,USD,"Mesquite, Texas, USA",dealer,2018 Ferrari 488 Spider,https://www.classic.com/veh/2018-ferrari-488-spider-zff80ama9j0237584-4DwBblp/,Classic.com,ZFF80AMA9J0237584,Rosso Corsa,Rosso Ferrari,Classic.com asterisk asking; 27k mi displayed; mileage blank (rounded Nk mi); fixed-price; seller:Texas Autos Direct
2026-09-15,488,spider,2018,349899,,USD,"Scottsdale, Arizona, USA",dealer,2018 Ferrari 488 Spider,https://www.classic.com/veh/2018-ferrari-488-spider-zff80amaxj0229106-n1G1egp/,Classic.com,ZFF80AMAXJ0229106,,,Classic.com asterisk asking; 23k mi displayed; mileage blank (rounded Nk mi); fixed-price; seller:Luxury Auto Collection
2026-09-15,488,spider,2018,349996,,USD,"Charlotte, North Carolina, USA",dealer,2018 Ferrari 488 Spider,https://www.classic.com/veh/2018-ferrari-488-spider-zff80ama4j0235788-n83xJl4/,Classic.com,ZFF80AMA4J0235788,,,Classic.com asterisk asking; 41k mi displayed; mileage blank (rounded Nk mi); fixed-price; seller:McLaren Charlotte
2026-09-15,488,spider,2018,350000,22664,USD,"San Diego, USA",dealer,2018 Ferrari 488 Spider,https://preowned.ferrari.com/en-US/a/north-america/used-ferrari/usa/ferrari-of-san-diego/488-spider/IljixbcgVnJGsKsQfDGsrmEPV7FvjFtjH%2BlceowXNso8N5togX5ip2dpsFaZA64kuIYTFCbE%2FxVHwkH%2BtPf4Dx637ulnKXQXbzKEHbZMEw%3D%3D,Ferrari Approved (preowned.ferrari.com),ZFF80AMA3J0232851 / SD5691P,Nero,Nero,exterior color: Nero; interior color: Nero
2026-09-15,488,spider,2018,355888,6619,USD,"Edison, USA",dealer,2018 Ferrari 488 Spider,https://preowned.ferrari.com/en-US/a/north-america/used-ferrari/usa/ferrari-of-central-new-jersey/488-spider/IljixbcgVnJGsKsQfDGsriYjkL6NhT%2FxWH6bpW8c1pplVtdu6HNT2mItC9UNTaeyuIYTFCbE%2FxVEwkH%2BtPTzCRu37ulnKHUfYDOBFr1MGA%3D%3D,Ferrari Approved (preowned.ferrari.com),ZFF80AMA0J0231334 / F0231334P,Bianco Avus,Sabbia,exterior color: Bianco Avus; interior color: Sabbia
2026-09-15,488,spider,2018,358985,,USD,"Hurst, Texas, USA",dealer,2018 Ferrari 488 Spider,https://www.classic.com/veh/2018-ferrari-488-spider-zff80ama8j0237379-pgzaxeW/,Classic.com,ZFF80AMA8J0237379,,,Classic.com asterisk asking; 27k mi displayed; mileage blank (rounded Nk mi); fixed-price; seller:Hurst Autoplex
2026-09-15,488,spider,2018,378773,,USD,"Carrollton, Texas, USA",dealer,2018 Ferrari 488 Spider,https://www.classic.com/veh/2018-ferrari-488-spider-zff80ama9j0233552-4ymL0r4/,Classic.com,ZFF80AMA9J0233552,,,Classic.com asterisk asking; 17k mi displayed; mileage blank (rounded Nk mi); fixed-price; seller:Earth MotorCars
2026-09-15,488,spider,2018,379890,15601,USD,"St Louis, USA",dealer,2018 Ferrari 488 Spider,https://preowned.ferrari.com/en-US/a/north-america/used-ferrari/usa/cavallino-rosso-st-louis/488-spider/IljixbcgVnJGsKsQfDGsrt6Bwb11fu%2Fqdv0rSo4kPcIxwPnTsw6%2BHSgulYHFim03uIYTFCbE%2FxVEwkH%2BtPb3CBa37ulnJX8baDCBFrhHGQ%3D%3D,Ferrari Approved (preowned.ferrari.com),ZFF80AMA0J0233729 / CSJ0233729,Bianco Avus,Nero,exterior color: Bianco Avus; interior color: Nero; Ferrari Approved certified
2026-09-15,488,spider,2018,384235,20687,USD,"Plano, USA",dealer,2018 Ferrari 488 Spider,https://preowned.ferrari.com/en-US/a/north-america/used-ferrari/usa/ferrari-dallas/488-spider/IljixbcgVnJGsKsQfDGsrkBhbMJuAcy60FvYZouZNMD7sjOnxn%2BKM%2BmeGAsySAU%2BuIYTFCbE%2FxVMwkH%2BtPD3Dxa37ulnK3sbajWAEbxMEg%3D%3D,Ferrari Approved (preowned.ferrari.com),ZFF80AMA8J0235759 / A0235759,Bianco Avus,Cuoio,exterior color: Bianco Avus; interior color: Cuoio
2026-09-15,488,spider,2018,384985,14215,USD,"Palm Harbor, USA",dealer,2018 Ferrari 488 Spider,https://preowned.ferrari.com/en-US/a/north-america/used-ferrari/usa/ferrari-of-tampa-bay/488-spider/IljixbcgVnJGsKsQfDGsrvSAI3qotteLcy%2B%2FAn3ETlJnPKV97FmFU0wLCpBvIsLpuIYTFCbE%2FxUswkH%2BtPPzCh637ulnJX4XYDeFEbtPFA%3D%3D,Ferrari Approved (preowned.ferrari.com),ZFF80AMAXJ0236301 / T236301,Bianco Avus,Nero,exterior color: Bianco Avus; interior color: Nero
2026-09-15,488,spider,2018,389131,21138,USD,"Mill Valley, USA",dealer,2018 Ferrari 488 Spider,https://preowned.ferrari.com/en-US/a/north-america/used-ferrari/usa/ferrari-of-san-francisco/488-spider/IljixbcgVnJGsKsQfDGsroyP7TPjNYnozvTUAbJbqCUttMd4hDGUcIsXGcMbJKI5uIYTFCbE%2FxVGwkH%2BtPTxCx637ulnJX0cYTKCELlPFQ%3D%3D,Ferrari Approved (preowned.ferrari.com),ZFF80AMA2J0231111 / ST0773,Nero,Cuoio,exterior color: Nero; interior color: Cuoio
2026-09-15,488,spider,2018,389985,15708,USD,"Palm Harbor, USA",dealer,2018 Ferrari 488 Spider,https://preowned.ferrari.com/en-US/a/north-america/used-ferrari/usa/ferrari-of-tampa-bay/488-spider/IljixbcgVnJGsKsQfDGsrtVPLNpEg19ml4fq3J19Gjbt0p76jVKyvlaKQbpbU2%2BbuIYTFCbE%2FxVMwkH%2BtPH1DBy37ulnJX4XYDeEHblHFg%3D%3D,Ferrari Approved (preowned.ferrari.com),ZFF80AMA8J0234563 / T234563,Rosso Corsa,Nero,exterior color: Rosso Corsa; interior color: Nero
2026-09-15,488,spider,2018,390448,12369,USD,"Streetsboro, OH",dealer,2018 Ferrari 488,https://www.cargurus.com/details/458565250,CarGurus,ZFF80AMAXJ0229056,Blue,Brown (Tan),Stock # 229056C01; trim: Spider RWD; deal rating: GOOD_PRICE; exterior color: Blue; interior color: Brown (Tan)
2026-09-15,488,spider,2018,393857,9462,USD,"Pinellas County, Florida, USA",dealer,2018 Ferrari 488 Spider,https://www.classic.com/veh/2018-ferrari-488-spider-zff80ama5j0234052-n3G2dPn/,Classic.com,ZFF80AMA5J0234052,red,,Classic.com asterisk asking; 9k mi displayed; mileage blank (rounded Nk mi); fixed-price; seller:Crown Eurocars
2026-09-15,488,spider,2018,393900,,USD,"Hollywood, Florida, USA",dealer,2018 Ferrari 488 Spider,https://www.classic.com/veh/2018-ferrari-488-spider-zff80ama6j0229104-nl2lXgp/,Classic.com,ZFF80AMA6J0229104,,,Classic.com asterisk asking; 13k mi displayed; mileage blank (rounded Nk mi); fixed-price; seller:Gravity Autos Hollywood
2026-09-15,488,spider,2018,394372,19814,USD,"Redwood City, CA",dealer,2018 Ferrari 488,https://www.cargurus.com/details/457394689,CarGurus,ZFF80AMA6J0230396,Nero DS 1250,Nero,Stock # PJ0230396; trim: Spider RWD; deal rating: FAIR_PRICE; exterior color: Nero DS 1250; interior color: Nero
2026-09-15,488,spider,2018,394995,13363,USD,"Newtown Square Bryn Mawr, USA",dealer,2018 Ferrari 488 Spider,https://preowned.ferrari.com/en-US/a/north-america/used-ferrari/usa/ferrari-philadelphia/488-spider/IljixbcgVnJGsKsQfDGsrl9e%2BpkxWy0AsI0TnqOnoXjS22s3ld3R1W1XdeGgOp%2F4uIYTFCbE%2FxVAwkH%2BtPT5Chu37ulnL3QXYDeCFrtOEw%3D%3D,Ferrari Approved (preowned.ferrari.com),ZFF80AMA4J0231904 / J0231904,Rosso Corsa,Nero,exterior color: Rosso Corsa; interior color: Nero; Ferrari Approved certified
2026-09-15,488,spider,2018,396432,12020,USD,"Spring Valley Rockland County New York, USA",dealer,2018 Ferrari 488 Spider,https://preowned.ferrari.com/en-US/a/north-america/used-ferrari/usa/wide-world-ferrari/488-spider/IljixbcgVnJGsKsQfDGsrkJVBi86UZEOyNhtXGmAyDPD514jqi6giVvfoCgTte1guIYTFCbE%2FxVBwkH%2BtPH1Cxa37ulnL3sabTKEEbxKGQ%3D%3D,Ferrari Approved (preowned.ferrari.com),ZFF80AMA5J0234519 / FM4553,Nero,Nero,exterior color: Nero; interior color: Nero; Ferrari Approved certified
2026-09-15,488,spider,2018,397996,,USD,"Charlotte, North Carolina, USA",dealer,2018 Ferrari 488 Spider,https://www.classic.com/veh/2018-ferrari-488-spider-zff80ama9j0230747-WNvOQdW/,Classic.com,ZFF80AMA9J0230747,,,Classic.com asterisk asking; 18k mi displayed; mileage blank (rounded Nk mi); fixed-price; seller:McLaren Charlotte
2026-09-15,488,spider,2018,398161,15221,USD,"Clearwater, FL",dealer,Used 2018 Ferrari 488 Spider Base,https://www.cars.com/vehicledetail/5439f091-1f27-491e-a4dd-403ff329ad9a/,Cars.com,ZFF80AMA1J0231665,red,,Cars.com data-vehicle-details; seller:Lokey Nissan; zip:33763; trim:Base; exterior color: red
2026-09-15,488,spider,2018,398180,7970,USD,"Bellevue, WA",dealer,2018 Ferrari 488,https://www.cargurus.com/details/456535542,CarGurus,ZFF80AMA7J0230603,White,Red,Stock # P0591A; trim: Spider RWD; deal rating: GOOD_PRICE; exterior color: White; interior color: Red
2026-09-15,488,spider,2018,398888,10345,USD,"Naples, USA",dealer,2018 Ferrari 488 Spider,https://preowned.ferrari.com/en-US/a/north-america/used-ferrari/usa/ferrari-of-naples/488-spider/IljixbcgVnJGsKsQfDGsrqjlKJejMyJNtPDBgsZMZBkf2TWhodZfl5uyGWUapbKguIYTFCbE%2FxVNwkH%2BtPXzCxy37ulnL34WbDKMHbtKFw%3D%3D,Ferrari Approved (preowned.ferrari.com),ZFF80AMA9J0230313 / PN1250,Argento Nurburgring,Nero,exterior color: Argento Nurburgring; interior color: Nero; Ferrari Approved certified
2026-09-15,488,spider,2018,398995,14160,USD,"Akron, Ohio, USA",dealer,2018 Ferrari 488 Spider,https://www.classic.com/veh/2018-ferrari-488-spider-zff80ama9j0232837-WNvZ8BW/,Classic.com,ZFF80AMA9J0232837,Red,Red,Classic.com asterisk asking; 14k mi displayed; mileage blank (rounded Nk mi); fixed-price; seller:Perfect Auto Collection
2026-09-15,488,spider,2018,399000,15290,USD,"Thousand Oaks, USA",dealer,2018 Ferrari 488 Spider,https://preowned.ferrari.com/en-US/a/north-america/used-ferrari/usa/ferrari-westlake/488-spider/IljixbcgVnJGsKsQfDGsrhfBvuOVLbM4IF2HX9QLNiR7RSJapzPIek74jNjISn0fuIYTFCbE%2FxVNwkH%2BtPb1Ahy37ulnK3kbbjCBErhIEg%3D%3D,Ferrari Approved (preowned.ferrari.com),ZFF80AMA9J0233583 / 233583,Rosso Corsa,Nero,exterior color: Rosso Corsa; interior color: Nero
2026-09-15,488,spider,2018,399800,,USD,"Rock Hill, South Carolina, USA",dealer,2018 Ferrari 488 Spider,https://www.classic.com/veh/2018-ferrari-488-spider-zff80ama5j0231345-4aaRvM4/,Classic.com,ZFF80AMA5J0231345,,,Classic.com asterisk asking; 10k mi displayed; mileage blank (rounded Nk mi); fixed-price; seller:Chicago Motor Cars
2026-09-15,488,spider,2018,399900,,USD,"Addison, Texas, USA",dealer,2018 Ferrari 488 Spider,https://www.classic.com/veh/2018-ferrari-488-spider-zff80ama0j0232032-WRb6RMW/,Classic.com,ZFF80AMA0J0232032,,,Classic.com asterisk asking; 12k mi displayed; mileage blank (rounded Nk mi); fixed-price; seller:Tactical Fleet Dallas
2026-09-15,488,spider,2018,399989,6161,USD,"Johnson Creek, WI",dealer,Used 2018 Ferrari 488 Spider Base,https://www.cars.com/vehicledetail/3cbbb631-32b0-497b-ae46-c5617bc9f877/,Cars.com,ZFF80AMA7J0229435,white,,Cars.com data-vehicle-details; seller:Kearns Motor Car Co.; zip:53038; trim:Base; exterior color: white
2026-09-15,488,spider,2018,399990,,USD,"Fort Lauderdale, Florida, USA",dealer,2018 Ferrari 488 Spider,https://www.classic.com/veh/2018-ferrari-488-spider-zff80ama1j0237207-4rmLqvp/,Classic.com,ZFF80AMA1J0237207,,,Classic.com asterisk asking; 5k mi displayed; mileage blank (rounded Nk mi); fixed-price; seller:Coast To Coast
2026-09-15,488,spider,2018,399995,,USD,"San Clemente, California, USA",dealer,2018 Ferrari 488 Spider,https://www.classic.com/veh/2018-ferrari-488-spider-zff80ama8j0237365-p63oQV4/,Classic.com,ZFF80AMA8J0237365,,,Classic.com asterisk asking; 7k mi displayed; mileage blank (rounded Nk mi); fixed-price; seller:European Exotic Center - San Clemente
2026-09-15,488,spider,2018,404950,15278,USD,"Beverly Hills, California, USA",dealer,2018 Ferrari 488 Spider,https://www.classic.com/veh/2018-ferrari-488-spider-zff80ama7j0233887-n3GymEn/,Classic.com,ZFF80AMA7J0233887,red,,Classic.com asterisk asking; 15k mi displayed; mileage blank (rounded Nk mi); fixed-price; seller:Marshall Goldman Beverly Hills
2026-09-15,488,spider,2018,409900,13960,USD,"Phoenix, USA",dealer,2018 Ferrari 488 Spider,https://preowned.ferrari.com/en-US/a/north-america/used-ferrari/usa/scottsdale-ferrari/488-spider/IljixbcgVnJGsKsQfDGsrviljSo5CKfKLT0ZZMzpmv%2FWlsL1vcCViUzUzIxZiixquIYTFCbE%2FxVBwkH%2BtPDwCx%2B37ulnKHUfYTSDF7ZOFg%3D%3D,Ferrari Approved (preowned.ferrari.com),ZFF80AMA5J0235010 / FP5373A,Argento Nurburgring,Rosso Ferrari,exterior color: Argento Nurburgring; interior color: Rosso Ferrari
2026-09-15,488,spider,2018,409900,,USD,"Naples, Florida, USA",dealer,2018 Ferrari 488 Spider,https://www.classic.com/veh/2018-ferrari-488-spider-zff80ama5j0236318-WYYo9kW/,Classic.com,ZFF80AMA5J0236318,,,Classic.com asterisk asking; 4k mi displayed; mileage blank (rounded Nk mi); fixed-price; seller:Black Horse Motors
2026-09-15,488,spider,2018,416488,10853,USD,"Hickory, North Carolina, USA",dealer,2018 Ferrari 488 Spider,https://www.classic.com/veh/2018-ferrari-488-spider-zff80ama6j0236022-4DqB1on/,Classic.com,ZFF80AMA6J0236022,red,,Classic.com asterisk asking; 10k mi displayed; mileage blank (rounded Nk mi); fixed-price; seller:Paramount Volvo VW
2026-09-15,488,spider,2018,419091,9282,USD,"Greensboro, USA",dealer,2018 Ferrari 488 Spider,https://preowned.ferrari.com/en-US/a/north-america/used-ferrari/usa/ferrari-of-greensboro/488-spider/IljixbcgVnJGsKsQfDGsrjzXa5nL8bQfiS9yKwx8BxQn%2B9D3%2FkEGzG7dC%2F9kxXUPuIYTFCbE%2FxVDwkH%2BtPP2Aha37ulnJH8abjWGFrhGGQ%3D%3D,Ferrari Approved (preowned.ferrari.com),ZFF80AMA7J0236689 / HCF6013,Rosso Corsa,Nero,exterior color: Rosso Corsa; interior color: Nero; Ferrari Approved certified
2026-09-15,488,spider,2018,419895,9250,USD,"West Palm Beach, USA",dealer,2018 Ferrari 488 Spider,https://preowned.ferrari.com/en-US/a/north-america/used-ferrari/usa/ferrari-of-palm-beach/488-spider/IljixbcgVnJGsKsQfDGsrmHwoo0LIncVYm4iItRgorOsYCm6VRAw0kMV4KVMeaDhuIYTFCbE%2FxVCwkH%2BtPb1Ahi37ulnLnkZaDSMFLZGEQ%3D%3D,Ferrari Approved (preowned.ferrari.com),ZFF80AMA6J0233587 / PF1271,Argento Nurburgring,Charcoal,exterior color: Argento Nurburgring; interior color: Charcoal; Ferrari Approved certified
2026-09-15,488,spider,2018,419900,,USD,"Addison, Texas, USA",dealer,2018 Ferrari 488 Spider,https://www.classic.com/veh/2018-ferrari-488-spider-zff80ama6j0236294-nKy0wxp/,Classic.com,ZFF80AMA6J0236294,,,Classic.com asterisk asking; 18k mi displayed; mileage blank (rounded Nk mi); fixed-price; seller:Tactical Fleet Dallas
2026-09-15,488,spider,2018,419995,13234,USD,"Naples, USA",dealer,2018 Ferrari 488 Spider,https://preowned.ferrari.com/en-US/a/north-america/used-ferrari/usa/ferrari-of-naples/488-spider/IljixbcgVnJGsKsQfDGsrjm1mKv5td5JlHi6xt7wwddMM83yhVqPguraOssP60pnuIYTFCbE%2FxVNwkH%2Btf33CRe37ulnJXwWbDCMFb1NFg%3D%3D,Ferrari Approved (preowned.ferrari.com),ZFF80AMA9J0228738 / PN1289,Bianco Avus,Blu Sterling,exterior color: Bianco Avus; interior color: Blu Sterling; Ferrari Approved certified
2026-09-15,488,spider,2018,420125,8069,USD,"Plano, USA",dealer,2018 Ferrari 488 Spider,https://preowned.ferrari.com/en-US/a/north-america/used-ferrari/usa/ferrari-dallas/488-spider/IljixbcgVnJGsKsQfDGsrmx9kaUrGaAR2QwVnWV6QVEu5rD5iHORw3TAnau3jWW5uIYTFCbE%2FxVCwkH%2BtPT2DRm37ulnK34abjSNFbhPEg%3D%3D,Ferrari Approved (preowned.ferrari.com),ZFF80AMA6J0231676 / J0231676,Bianco Avus,Nero,exterior color: Bianco Avus; interior color: Nero
2026-09-15,488,spider,2018,420900,7518,USD,"Plainview, USA",dealer,2018 Ferrari 488 Spider,https://preowned.ferrari.com/en-US/a/north-america/used-ferrari/usa/ferrari-of-long-island/488-spider/IljixbcgVnJGsKsQfDGsrgl2lSa0rkznUQIcH8S5fZAEpXo%2FO4Ito9yN4ICg8BOjuIYTFCbE%2FxVCwkH%2BtPLzDRe37ulnL3oWbT%2BBEb5MEg%3D%3D,Ferrari Approved (preowned.ferrari.com),ZFF80AMA6J0237378 / FE2439,Bianco Avus,Cioccolato,exterior color: Bianco Avus; interior color: Cioccolato; Ferrari Approved certified
2026-09-15,488,spider,2018,420900,7204,USD,"Plainview, USA",dealer,2018 Ferrari 488 Spider,https://preowned.ferrari.com/en-US/a/north-america/used-ferrari/usa/ferrari-of-long-island/488-spider/IljixbcgVnJGsKsQfDGsrnwrfT9U4dHaA2GMhCJo0HeF51H4OEnaSQUVXBzvDv7buIYTFCbE%2FxVAwkH%2BtPH3Dh%2B37ulnKH8cbjGDEr5PGQ%3D%3D,Ferrari Approved (preowned.ferrari.com),ZFF80AMA4J0234740 / FE2442,Bianco Avus,Nero,exterior color: Bianco Avus; interior color: Nero; Ferrari Approved certified
2026-09-15,488,spider,2018,424999,10035,USD,"Hinsdale, USA",dealer,2018 Ferrari 488 Spider,https://preowned.ferrari.com/en-US/a/north-america/used-ferrari/usa/continental-autosports/488-spider/IljixbcgVnJGsKsQfDGsribrT3l5BJBYQhU5%2FLNMdI2qnQhiMM3%2FCFbozykWjUPxuIYTFCbE%2FxVEwkH%2BtPP5Axa37ulnL3saYDGCFbxNEA%3D%3D,Ferrari Approved (preowned.ferrari.com),ZFF80AMA0J0236999 / 9767,Grigio Silverstone,Nero,exterior color: Grigio Silverstone; interior color: Nero; Ferrari Approved certified
2026-09-15,488,spider,2018,425125,7481,USD,"Plano, USA",dealer,2018 Ferrari 488 Spider,https://preowned.ferrari.com/en-US/a/north-america/used-ferrari/usa/ferrari-dallas/488-spider/IljixbcgVnJGsKsQfDGsrlLX8MSRq9ZC4ozkaIQ476Mks%2BklFBiK27to%2FI6IYn%2FVuIYTFCbE%2FxVFwkH%2BtPb4DR%2B37ulnJXkZaDCMHbxOFA%3D%3D,Ferrari Approved (preowned.ferrari.com),ZFF80AMA1J0233870 / Z0233870,Rosso Corsa,Nero,exterior color: Rosso Corsa; interior color: Nero
2026-09-15,488,spider,2018,429700,5891,USD,"Plainview, USA",dealer,2018 Ferrari 488 Spider,https://preowned.ferrari.com/en-US/a/north-america/used-ferrari/usa/ferrari-of-long-island/488-spider/IljixbcgVnJGsKsQfDGsrpwGL415O2Ua6DeBs5Csn%2FPaoOxyFpetucblAEAcy214uIYTFCbE%2FxUswkH%2BtPH2Ch%2B37ulnLnkeazOFHbhPFw%3D%3D,Ferrari Approved (preowned.ferrari.com),ZFF80AMAXJ0234600 / FE2424,Bianco Avus,Rosso Ferrari,exterior color: Bianco Avus; interior color: Rosso Ferrari; Ferrari Approved certified
2026-09-15,488,spider,2018,429795,6506,USD,"WILLIAMSVILLE, USA",dealer,2018 Ferrari 488 Spider,https://preowned.ferrari.com/en-US/a/north-america/used-ferrari/usa/maranello/488-spider/IljixbcgVnJGsKsQfDGsrvy%2BWeFEonP97pWXStXm3rzyUTqiHm1LmcNNQ4ihFS5yuIYTFCbE%2FxVHwkH%2BtPPwCBm37ulnL3sbbjWEHbhIEw%3D%3D,Ferrari Approved (preowned.ferrari.com),ZFF80AMA3J0236026 / UP0280A,Rosso Corsa,Nero,exterior color: Rosso Corsa; interior color: Nero; Ferrari Approved certified
2026-09-15,488,spider,2018,429900,9288,USD,"Detroit, USA",dealer,2018 Ferrari 488 Spider,https://preowned.ferrari.com/en-US/a/north-america/used-ferrari/usa/cauley-ferrari-of-detroit/488-spider/IljixbcgVnJGsKsQfDGsrspghCIUXeJLpqpf4pxfkcy609CTRRHMUI5LRPlpVYkFuIYTFCbE%2FxVHwkH%2Btf35Cxu37ulnJHQWajKEFbZNFg%3D%3D,Ferrari Approved (preowned.ferrari.com),ZFF80AMA3J0228914 / 228914,Nero Daytona,Cuoio,exterior color: Nero Daytona; interior color: Cuoio; Ferrari Approved certified
2026-09-15,488,spider,2018,429900,12431,USD,"Norwood, USA",dealer,2018 Ferrari 488 Spider,https://preowned.ferrari.com/en-US/a/north-america/used-ferrari/usa/ferrari-of-new-england/488-spider/IljixbcgVnJGsKsQfDGsrsdp2k8G1PNpKmE6fjKBtN26HkmYudfOymlV3qDR70%2BRuIYTFCbE%2FxVBwkH%2Btfz0Ah237ulnL34WYDaFELlPGQ%3D%3D,Ferrari Approved (preowned.ferrari.com),ZFF80AMA5J0229482 / P32503,Nero Daytona,Nero,exterior color: Nero Daytona; interior color: Nero; Ferrari Approved certified
2026-09-15,488,spider,2018,429912,,USD,"West Chicago, Illinois, USA",dealer,2018 Ferrari 488 Spider,https://www.classic.com/veh/2018-ferrari-488-spider-zff80ama6j0230012-n1xBvG4/,Classic.com,ZFF80AMA6J0230012,,,Classic.com asterisk asking; 14k mi displayed; mileage blank (rounded Nk mi); fixed-price; seller:Chicago Motor Cars
2026-09-15,488,spider,2018,429999,19528,USD,"Charlotte, NC",dealer,Used 2018 Ferrari 488 Spider Base,https://www.cars.com/vehicledetail/0765ea79-7590-4cd1-bc63-322c7f4201e7/,Cars.com,ZFF80AMA6J0230141,red,,Cars.com data-vehicle-details; seller:Foreign Cars Italia Charlotte (Now Hendrick); zip:28217; trim:Base; exterior color: red
2026-09-15,488,spider,2018,429999,,USD,"Costa Mesa, California, USA",dealer,2018 Ferrari 488 Spider *FULL ELECTRIC SEATS * CARBON STEERING WHEEL*,https://www.classic.com/veh/2018-ferrari-488-spider-full-electric-seats-carbon-pJqdykW/,Classic.com,,,,Classic.com asterisk asking; 9k mi displayed; mileage blank (rounded Nk mi); fixed-price; seller:Eurocar Inc.
2026-09-15,488,spider,2018,431148,,USD,"Fort Lauderdale, Florida, USA",dealer,2018 Ferrari 488 Spider,https://www.classic.com/veh/2018-ferrari-488-spider-zff80ama8j0236023-nmvjrjW/,Classic.com,ZFF80AMA8J0236023,,,Classic.com asterisk asking; 19k mi displayed; mileage blank (rounded Nk mi); fixed-price; seller:Holman Motorcars
2026-09-15,488,spider,2018,432888,,USD,"San Luis Obispo, California, USA",dealer,2018 Ferrari 488 Spider,https://www.classic.com/veh/2018-ferrari-488-spider-zff80amaxj0232653-450zmep/,Classic.com,ZFF80AMAXJ0232653,,,Classic.com asterisk asking; 6k mi displayed; mileage blank (rounded Nk mi); fixed-price; seller:Porsche San Luis Obispo
2026-09-15,488,spider,2018,432995,6097,USD,"Naples, USA",dealer,2018 Ferrari 488 Spider,https://preowned.ferrari.com/en-US/a/north-america/used-ferrari/usa/ferrari-of-naples/488-spider/IljixbcgVnJGsKsQfDGsrujTqX29sZ6hfiraiw04AtuBj1ZGKSIh2WlH%2BUAWDpBnuIYTFCbE%2FxVDwkH%2BtPfwDRq37ulnJHgWajCNErZIGA%3D%3D,Ferrari Approved (preowned.ferrari.com),ZFF80AMA7J0232075 / PN1287A,Nero Daytona,Nero,exterior color: Nero Daytona; interior color: Nero; Ferrari Approved certified
2026-09-15,488,spider,2018,448650,6797,USD,"Salt Lake City, USA",dealer,2018 Ferrari 488 Spider,https://preowned.ferrari.com/en-US/a/north-america/used-ferrari/usa/ferrari-of-salt-lake-city/488-spider/IljixbcgVnJGsKsQfDGsrhAH2QOIrSXSSGqCADWEx0TarKswDxRr0Fs3siV1MxRjuIYTFCbE%2FxVAwkH%2BtPPwCB637ulnJXkfYTGNEr1PFA%3D%3D,Ferrari Approved (preowned.ferrari.com),ZFF80AMA4J0236021 / CH236021,Blu Corsa,Nero,exterior color: Blu Corsa; interior color: Nero; Ferrari Approved certified
2026-09-15,488,spider,2018,449912,,USD,"West Chicago, Illinois, USA",dealer,2018 Ferrari 488 Spider,https://www.classic.com/veh/2018-ferrari-488-spider-zff80ama2j0236650-WjbBqlW/,Classic.com,ZFF80AMA2J0236650,,,Classic.com asterisk asking; 11k mi displayed; mileage blank (rounded Nk mi); fixed-price; seller:Chicago Motor Cars
2026-09-15,488,spider,2018,464950,,USD,"Beverly Hills, California, USA",dealer,2018 Ferrari 488 Spider,https://www.classic.com/veh/2018-ferrari-488-spider-zff80ama2j0233389-W9767b4/,Classic.com,ZFF80AMA2J0233389,,,Classic.com asterisk asking; 1k mi displayed; mileage blank (rounded Nk mi); fixed-price; seller:Marshall Goldman Beverly Hills
2026-09-15,488,spider,2018,469000,12386,USD,"Norwood, USA",dealer,2018 Ferrari 488 Spider,https://preowned.ferrari.com/en-US/a/north-america/used-ferrari/usa/ferrari-of-new-england/488-spider/IljixbcgVnJGsKsQfDGsrqugElSEbMSTNyBzENYSEXeYaCjkIjb8jqNlxnJz0BQXuIYTFCbE%2FxVHwkH%2BtfzwDxe37ulnLXUWbzeBEb5JFw%3D%3D,Ferrari Approved (preowned.ferrari.com),ZFF80AMA3J0229058 / P32498,Bianco Avus,Nero,exterior color: Bianco Avus; interior color: Nero
2026-09-15,488,spider,2018,479990,4649,USD,"Highlands Ranch, USA",dealer,2018 Ferrari 488 Spider,https://preowned.ferrari.com/en-US/a/north-america/used-ferrari/usa/ferrari-of-denver/488-spider/IljixbcgVnJGsKsQfDGsrjv5Gaop7gu%2Fpg5gwyrxGn1sSkT09pC%2BmAy6w0PP9bRLuIYTFCbE%2FxVDwkH%2BtPLyDhu37ulnKXQabjKNEr5HFA%3D%3D,Ferrari Approved (preowned.ferrari.com),ZFF80AMA7J0237244 / J0237244P,Bianco Avus,Nero,exterior color: Bianco Avus; interior color: Nero; Ferrari Approved certified
2026-09-15,488,spider,2018,479995,6115,USD,"West Palm Beach, USA",dealer,2018 Ferrari 488 Spider,https://preowned.ferrari.com/en-US/a/north-america/used-ferrari/usa/ferrari-of-palm-beach/488-spider/IljixbcgVnJGsKsQfDGsrhP5sHe7I2QDf1gOX9lk29lboHLmo8Sq4lo%2BR2duj9lXuIYTFCbE%2FxVBwkH%2BtPD4CRy37ulnLnkZaDSCE7hIGA%3D%3D,Ferrari Approved (preowned.ferrari.com),ZFF80AMA5J0235833 / PF1249,Giallo Modena,Nero,exterior color: Giallo Modena; interior color: Nero; Ferrari Approved certified
2026-09-15,488,spider,2018,479995,,USD,"Beverly Hills, California, USA",dealer,2018 Ferrari 488 Spider,https://www.classic.com/veh/2018-ferrari-488-spider-zff80amaxj0236055-nXwOdZ4/,Classic.com,ZFF80AMAXJ0236055,,,Classic.com asterisk asking; 2k mi displayed; mileage blank (rounded Nk mi); fixed-price; seller:TBTFW
2026-09-15,488,spider,2018,485000,4696,USD,"Roswell, USA",dealer,2018 Ferrari 488 Spider,https://preowned.ferrari.com/en-US/a/north-america/used-ferrari/usa/ferrari-of-atlanta/488-spider/IljixbcgVnJGsKsQfDGsrjBw4QKTmyJDlKkJdGjXvTzArQoiL%2BVA3qDyriPVqg45uIYTFCbE%2FxVMwkH%2BtPX4CB237ulnJHQXYD6EHLZPGA%3D%3D,Ferrari Approved (preowned.ferrari.com),ZFF80AMA8J0230822 / C1473,Nero,Nero,exterior color: Nero; interior color: Nero; Ferrari Approved certified
2026-09-15,488,spider,2018,485125,5521,USD,"Plano, USA",dealer,2018 Ferrari 488 Spider,https://preowned.ferrari.com/en-US/a/north-america/used-ferrari/usa/ferrari-dallas/488-spider/IljixbcgVnJGsKsQfDGsrq0vHtnhEMtezXUzgsK%2BSVfHIteA99%2BGezKO9EKq42IcuIYTFCbE%2FxVBwkH%2Btfz2DB637ulnKHQbazSBF7hPEg%3D%3D,Ferrari Approved (preowned.ferrari.com),ZFF80AMA5J0229661 / P0229661,Giallo Modena,Nero,exterior color: Giallo Modena; interior color: Nero; Ferrari Approved certified
2026-09-15,488,spider,2018,489999,,USD,"Costa Mesa, California, USA",dealer,2018 Ferrari 488 Spider,https://www.classic.com/veh/2018-ferrari-488-spider-zff80ama3j0235037-45GDb5W/,Classic.com,ZFF80AMA3J0235037,,,Classic.com asterisk asking; 4k mi displayed; mileage blank (rounded Nk mi); fixed-price; seller:Eurocar Inc.
2026-09-15,488,spider,2018,499900,6260,USD,"Norwood, USA",dealer,2018 Ferrari 488 Spider,https://preowned.ferrari.com/en-US/a/north-america/used-ferrari/usa/ferrari-of-new-england/488-spider/IljixbcgVnJGsKsQfDGsrvlAPVmv2DQ8Jv2G%2B%2FEiRdtrV6M77OgmC6qEA1DdhyKPuIYTFCbE%2FxVBwkH%2BtPPwDxe37ulnKHQXazKCFr1IFg%3D%3D,Ferrari Approved (preowned.ferrari.com),ZFF80AMA5J0236058 / P32520,Nero,Nero,exterior color: Nero; interior color: Nero; Ferrari Approved certified
2026-09-15,488,spider,2018,500711,,USD,"Charlotte, North Carolina, USA",dealer,2018 Ferrari 488 Spider,https://www.classic.com/veh/2018-ferrari-488-spider-zff80ama0j0231849-p6mgOgW/,Classic.com,ZFF80AMA0J0231849,,,Classic.com asterisk asking; 8k mi displayed; mileage blank (rounded Nk mi); fixed-price; seller:Ferrari of Charlotte
2026-09-15,488,spider,2018,549898,937,USD,"Phoenix, USA",dealer,2018 Ferrari 488 Spider,https://preowned.ferrari.com/en-US/a/north-america/used-ferrari/usa/scottsdale-ferrari/488-spider/IljixbcgVnJGsKsQfDGsrtv7H6Ix66Jlp2dQgEM9GSFjG6TDFyvXJZt3%2FWC%2Fe8tbuIYTFCbE%2FxVFwkH%2BtPf4CRy37ulnK3scYDODEbZMEw%3D%3D,Ferrari Approved (preowned.ferrari.com),ZFF80AMA1J0232833 / FP5278A,Bianco Avus,Nero,exterior color: Bianco Avus; interior color: Nero
2026-09-15,488,spider,2019,279991,,USD,"Dallas, Texas, USA",dealer,2019 Ferrari 488 Spider,https://www.classic.com/veh/2019-ferrari-488-spider-zff80ama6k0245885-pPxJjPp/,Classic.com,ZFF80AMA6K0245885,,,Classic.com asterisk asking; 55k mi displayed; mileage blank (rounded Nk mi); fixed-price; seller:RPM Garage
2026-09-15,488,spider,2019,317785,41568,USD,"Covington, KY",dealer,Used 2019 Ferrari 488 Spider Base,https://www.cars.com/vehicledetail/43ab1b98-1650-4ece-a21d-f67634dff580/,Cars.com,ZFF80AMA1K0244465,red,,Cars.com data-vehicle-details; seller:Performance Luxury Sport (Cincinnati); zip:41011; trim:Base; exterior color: red
2026-09-15,488,spider,2019,369996,,USD,"Charlotte, North Carolina, USA",dealer,2019 Ferrari 488 Spider,https://www.classic.com/veh/2019-ferrari-488-spider-zff80ama3k0240062-n30dQQW/,Classic.com,ZFF80AMA3K0240062,,,Classic.com asterisk asking; 22k mi displayed; mileage blank (rounded Nk mi); fixed-price; seller:McLaren Charlotte
2026-09-15,488,spider,2019,386725,18502,USD,"Plano, USA",dealer,2019 Ferrari 488 Spider,https://preowned.ferrari.com/en-US/a/north-america/used-ferrari/usa/ferrari-dallas/488-spider/IljixbcgVnJGsKsQfDGsrkmqUJOkiu6vyHdgqGJ5vbX11MQKyE3l1lRxsJ0MREkduIYTFCbE%2FxVGw0H%2BtP30CRy37ulnKHQbazSBFbZJFA%3D%3D,Ferrari Approved (preowned.ferrari.com),ZFF80AMA2K0238433 / P0238433,Bianco Avus,Rosso Ferrari,exterior color: Bianco Avus; interior color: Rosso Ferrari; Ferrari Approved certified
2026-09-15,488,spider,2019,387888,14374,USD,"Edison, USA",dealer,2019 Ferrari 488 Spider,https://preowned.ferrari.com/en-US/a/north-america/used-ferrari/usa/ferrari-of-central-new-jersey/488-spider/IljixbcgVnJGsKsQfDGsrslB2r8WEWOj1zof8inCF2YaVyf%2BzJiIYYVkk7BVATSeuIYTFCbE%2FxVFw0H%2BtPL5Dxy37ulnKHUfYDOBHb1NEw%3D%3D,Ferrari Approved (preowned.ferrari.com),ZFF80AMA1K0237953 / F0237953P,Bianco Avus,Rosso Ferrari,exterior color: Bianco Avus; interior color: Rosso Ferrari
2026-09-15,488,spider,2019,395501,12257,USD,"Roswell, USA",dealer,2019 Ferrari 488 Spider,https://preowned.ferrari.com/en-US/a/north-america/used-ferrari/usa/ferrari-of-atlanta/488-spider/IljixbcgVnJGsKsQfDGsrlkb9RSBidTNndn%2Fdap3G5a8x6KSQ8MSvfjydC7bgsRSuIYTFCbE%2FxVFw0H%2Bs%2FT5CBy37ulnK38dYTGAHLdGEg%3D%3D,Ferrari Approved (preowned.ferrari.com),ZFF80AMA1K0241923 / C1453,Nero,Nero,exterior color: Nero; interior color: Nero; Ferrari Approved certified
2026-09-15,488,spider,2019,395501,,USD,"Roswell, Georgia, USA",dealer,2019 Ferrari 488 Spider Convertible,https://www.classic.com/veh/2019-ferrari-488-spider-convertible-zff80ama1k0241-WxmqEgp/,Classic.com,,,,Classic.com asterisk asking; 12k mi displayed; mileage blank (rounded Nk mi); fixed-price; seller:Maserati of Atlanta
2026-09-15,488,spider,2019,395831,10385,USD,"Greensboro, USA",dealer,2019 Ferrari 488 Spider,https://preowned.ferrari.com/en-US/a/north-america/used-ferrari/usa/ferrari-of-greensboro/488-spider/IljixbcgVnJGsKsQfDGsrsatOF%2BQfh3cPZvapWrMIUeCac2QMNRxq1j7OMWHhPksuIYTFCbE%2FxVDw0H%2Bs%2FP0CR237ulnJH8abjWGF71GEg%3D%3D,Ferrari Approved (preowned.ferrari.com),ZFF80AMA7K0246432 / PSF6005,Grigio Titanio Metall,Charcoal,exterior color: Grigio Titanio Metall; interior color: Charcoal; Ferrari Approved certified
2026-09-15,488,spider,2019,399000,17681,USD,"Mill Valley, USA",dealer,2019 Ferrari 488 Spider,https://preowned.ferrari.com/en-US/a/north-america/used-ferrari/usa/ferrari-of-san-francisco/488-spider/IljixbcgVnJGsKsQfDGsrryyl2CXYwEU%2FmjFAcHUYZcLOumByMk%2FFyCMjRK6QylluIYTFCbE%2FxVDw0H%2Bs%2Fb2DRq37ulnJX0cYTKCFrdPFA%3D%3D,Ferrari Approved (preowned.ferrari.com),ZFF80AMA7K0243675 / S1851,Bianco Avus,Nero,exterior color: Bianco Avus; interior color: Nero; Ferrari Approved certified
2026-09-15,488,spider,2019,399996,,USD,"Charlotte, North Carolina, USA",dealer,2019 Ferrari 488 Spider,https://www.classic.com/veh/2019-ferrari-488-spider-zff80ama7k0237956-p6mP8VW/,Classic.com,ZFF80AMA7K0237956,,,Classic.com asterisk asking; 23k mi displayed; mileage blank (rounded Nk mi); fixed-price; seller:McLaren Charlotte
2026-09-15,488,spider,2019,408888,10227,USD,"Naples, USA",dealer,2019 Ferrari 488 Spider,https://preowned.ferrari.com/en-US/a/north-america/used-ferrari/usa/ferrari-of-naples/488-spider/IljixbcgVnJGsKsQfDGsrv8mOiiMcy9wTtDeMK9%2BBxeupS7B%2FG667ofC4Is2UedJuIYTFCbE%2FxVGw0H%2BtPz4DRy37ulnL3kWbj6EEr5KEQ%3D%3D,Ferrari Approved (preowned.ferrari.com),ZFF80AMA2K0239873 / PN1252,Rosso Corsa,Beige Tradizione,exterior color: Rosso Corsa; interior color: Beige Tradizione; Ferrari Approved certified
2026-09-15,488,spider,2019,408974,15402,USD,"Rancho Mirage, USA",dealer,2019 Ferrari 488 Spider,https://preowned.ferrari.com/en-US/a/north-america/used-ferrari/usa/ferrari-of-rancho-mirage/488-spider/IljixbcgVnJGsKsQfDGsrnEkt0sYX5C2KOb%2F8pk5Ym76Ns8I77HgDm8BUd3KH8nZuIYTFCbE%2FxVFw0H%2Bs%2FXwDhu37ulnKHobaDGCE7ZMFw%3D%3D,Ferrari Approved (preowned.ferrari.com),ZFF80AMA1K0240044 / PK0240044,Bianco Avus,Nero,exterior color: Bianco Avus; interior color: Nero; Ferrari Approved certified
2026-09-15,488,spider,2019,409895,13799,USD,"Orlando, USA",dealer,2019 Ferrari 488 Spider,https://preowned.ferrari.com/en-US/a/north-america/used-ferrari/usa/ferrari-central-florida/488-spider/IljixbcgVnJGsKsQfDGsrmTo1udTkMndd%2B%2BJCq2V7wX7z4PYnIrV062dADFUE8LRuIYTFCbE%2FxVMw0H%2Bs%2FD0DBm37ulnK3odYTaAFr9OEQ%3D%3D,Ferrari Approved (preowned.ferrari.com),ZFF80AMA8K0245466 / P245466,Bianco Avus,Nero,exterior color: Bianco Avus; interior color: Nero
2026-09-15,488,spider,2019,415488,11509,USD,"Fresno, California, USA",dealer,2019 Ferrari 488 Spider,https://www.classic.com/veh/2019-ferrari-488-spider-zff80ama3k0243608-pP7RqRW/,Classic.com,ZFF80AMA3K0243608,gray,Black,Classic.com asterisk asking; 11k mi displayed; mileage blank (rounded Nk mi); fixed-price; seller:Porsche Fresno
2026-09-15,488,spider,2019,419895,13399,USD,"West Palm Beach, USA",dealer,2019 Ferrari 488 Spider,https://preowned.ferrari.com/en-US/a/north-america/used-ferrari/usa/ferrari-of-palm-beach/488-spider/IljixbcgVnJGsKsQfDGsrqksaeYMLHIxusiZyFSVW%2BzG7W5k7n6U4SM4JqdsdA6WuIYTFCbE%2FxVCw0H%2BtP3xAha37ulnKX8bYTeHE7hKFw%3D%3D,Ferrari Approved (preowned.ferrari.com),ZFF80AMA6K0238189 / CF168A,Giallo Modena,Nero,exterior color: Giallo Modena; interior color: Nero; Ferrari Approved certified
2026-09-15,488,spider,2019,419900,13800,USD,"Fort Lauderdale, USA",dealer,2019 Ferrari 488 Spider,https://preowned.ferrari.com/en-US/a/north-america/used-ferrari/usa/ferrari-of-fort-lauderdale/488-spider/IljixbcgVnJGsKsQfDGsrurKH2Pjisvg3I4M4HFoaTdc7zjkTjJVcMvNW4dquU10uIYTFCbE%2FxUsw0H%2Bs%2Fb5Ch%2B37ulnK3scYDODHL9HGQ%3D%3D,Ferrari Approved (preowned.ferrari.com),ZFF80AMAXK0243900 / FP7460,Bianco Avus,Rosso Ferrari,exterior color: Bianco Avus; interior color: Rosso Ferrari; Ferrari Approved certified
2026-09-15,488,spider,2019,419999,,USD,"Costa Mesa, California, USA",dealer,2019 Ferrari 488 Spider,https://www.classic.com/veh/2019-ferrari-488-spider-zff80ama2k0243650-pPv2Von/,Classic.com,ZFF80AMA2K0243650,,,Classic.com asterisk asking; 9k mi displayed; mileage blank (rounded Nk mi); fixed-price; seller:Eurocar Inc.
2026-09-15,488,spider,2019,424990,13986,USD,"Golden Valley, USA",dealer,2019 Ferrari 488 Spider,https://preowned.ferrari.com/en-US/a/north-america/used-ferrari/usa/twin-cities-performance/488-spider/IljixbcgVnJGsKsQfDGsrsVBI1LXECDhACaulUlfSpPdqeveuTtonY3VCQMBWIqUuIYTFCbE%2FxVGw0H%2Bs%2FfxCBm37ulnK3gaaTaFHbdGEQ%3D%3D,Ferrari Approved (preowned.ferrari.com),ZFF80AMA2K0242126 / K0242126P,Blu Pozzi,Blu Sterling,exterior color: Blu Pozzi; interior color: Blu Sterling; Ferrari Approved certified
2026-09-15,488,spider,2019,427680,12033,USD,"San Diego, USA",dealer,2019 Ferrari 488 Spider,https://preowned.ferrari.com/en-US/a/north-america/used-ferrari/usa/ferrari-of-san-diego/488-spider/IljixbcgVnJGsKsQfDGsrjLKxNZl2L4JVO9xW6RIn2XOSLeVhdBTFA3ePiasO8kzuIYTFCbE%2FxVGw0H%2BtPzyDRu37ulnK30cajeGFLxKFg%3D%3D,Ferrari Approved (preowned.ferrari.com),ZFF80AMA2K0239274 / SD5751T,Canna di Fucile,Nero,exterior color: Canna di Fucile; interior color: Nero
2026-09-15,488,spider,2019,429900,13040,USD,"Norwood, USA",dealer,2019 Ferrari 488 Spider,https://preowned.ferrari.com/en-US/a/north-america/used-ferrari/usa/ferrari-of-new-england/488-spider/IljixbcgVnJGsKsQfDGsrimpBn%2FwV3W6QCgkXwo8Inhkug6i3ouvcB42QMs%2Fei%2BXuIYTFCbE%2FxVEw0H%2BtP3zAh237ulnL34WYT%2BME7xNGA%3D%3D,Ferrari Approved (preowned.ferrari.com),ZFF80AMA0K0238382 / P32504,Extra Sample,Crema,exterior color: Extra Sample; interior color: Crema; Ferrari Approved certified
2026-09-15,488,spider,2019,439900,13978,USD,"Lake Bluff, USA",dealer,2019 Ferrari 488 Spider,https://preowned.ferrari.com/en-US/a/north-america/used-ferrari/usa/ferrari-lake-forest/488-spider/IljixbcgVnJGsKsQfDGsrtrS08RZlRp851KGhUVeU9S%2B1DA6FocY0Yhc0iLPFXgOuIYTFCbE%2FxVNw0H%2Bs%2FH0DBa37ulnJXwcajCAFrlMFg%3D%3D,Ferrari Approved (preowned.ferrari.com),ZFF80AMA9K0244469 / 244469,Nero Daytona,Nero,exterior color: Nero Daytona; interior color: Nero; Ferrari Approved certified
2026-09-15,488,spider,2019,440000,,USD,"Boynton Beach, Florida, USA",dealer,2019 Ferrari 488 Spider,https://www.classic.com/veh/2019-ferrari-488-spider-zff80ama2k0246449-WjK22lp/,Classic.com,ZFF80AMA2K0246449,,,Classic.com asterisk asking; 3k mi displayed; mileage blank (rounded Nk mi); fixed-price; seller:iLusso Boynton Beach
2026-09-15,488,spider,2019,449000,4393,USD,"Beverly Hills, USA",dealer,2019 Ferrari 488 Spider,https://preowned.ferrari.com/en-US/a/north-america/used-ferrari/usa/ferrari-beverly-hills/488-spider/IljixbcgVnJGsKsQfDGsrkakZrbv9VoA2nND1JbV5EyHUCBDQJ%2FLwJUglH49ruNxuIYTFCbE%2FxVGw0H%2Bs%2FH5DB637ulnJHkYbzCFEbpKFg%3D%3D,Ferrari Approved (preowned.ferrari.com),ZFF80AMA2K0244961 / 244961,Rosso Fiorano,Tortora,exterior color: Rosso Fiorano; interior color: Tortora
2026-09-15,488,spider,2019,449996,,USD,"Charlotte, North Carolina, USA",dealer,2019 Ferrari 488 Spider,https://www.classic.com/veh/2019-ferrari-488-spider-zff80ama3k0238375-4rmML6p/,Classic.com,ZFF80AMA3K0238375,,,Classic.com asterisk asking; 8k mi displayed; mileage blank (rounded Nk mi); fixed-price; seller:McLaren Charlotte
2026-09-15,488,spider,2019,450408,3407,USD,"Middletown, RI",dealer,Used 2019 Ferrari 488 Spider Base,https://www.cars.com/vehicledetail/93fae7a1-bbc3-4695-b48a-9d6def1ad75b/,Cars.com,ZFF80AMA1K0244319,red,Cuoio,Cars.com data-vehicle-details; seller:BMW of Newport; zip:02842; trim:Base; exterior color: red
2026-09-15,488,spider,2019,459000,,USD,"Scottsdale, Arizona, USA",dealer,2019 Ferrari 488 Spider,https://www.classic.com/veh/2019-ferrari-488-spider-zff80ama9k0246433-47r2ALp/,Classic.com,ZFF80AMA9K0246433,,,Classic.com asterisk asking; 11k mi displayed; mileage blank (rounded Nk mi); fixed-price; seller:Hubbard Auto Center
2026-09-15,488,spider,2019,459988,6306,USD,"Sterling, USA",dealer,2019 Ferrari 488 Spider,https://preowned.ferrari.com/en-US/a/north-america/used-ferrari/usa/ferrari-of-washington/488-spider/IljixbcgVnJGsKsQfDGsroHY5oEggwPWS3ztL8D%2F%2BMM%2Bm9hCS6BXIOJQK9Dl5d1huIYTFCbE%2FxVAw0H%2Bs%2FX4Ah%2B37ulnKnwaaj%2BGFb5HEw%3D%3D,Ferrari Approved (preowned.ferrari.com),ZFF80AMA4K0240880 / CFF3521,Rosso Corsa,Beige Tradizione,exterior color: Rosso Corsa; interior color: Beige Tradizione; Ferrari Approved certified
2026-09-15,488,spider,2019,459990,10601,USD,"Marysville, Ohio, USA",dealer,2019 Ferrari 488 Spider,https://www.classic.com/veh/2019-ferrari-488-spider-zff80ama1k0242134-WN7GXdp/,Classic.com,ZFF80AMA1K0242134,red,,Classic.com asterisk asking; 10k mi displayed; mileage blank (rounded Nk mi); fixed-price; seller:Performance Luxury Sport
2026-09-15,488,spider,2019,460212,,USD,"Cary, Illinois, USA",dealer,2019 Ferrari 488 Spider,https://www.classic.com/veh/2019-ferrari-488-spider-zff80ama6k0240069-nXw2B14/,Classic.com,ZFF80AMA6K0240069,,,Classic.com asterisk asking; 4k mi displayed; mileage blank (rounded Nk mi); fixed-price; seller:Illinois Motors
2026-09-15,488,spider,2019,469900,3409,USD,"Detroit, USA",dealer,2019 Ferrari 488 Spider,https://preowned.ferrari.com/en-US/a/north-america/used-ferrari/usa/cauley-ferrari-of-detroit/488-spider/IljixbcgVnJGsKsQfDGsrkLcDMLn407Cvw1hL2IRqAVPbPOdILXMN%2FNX7l%2Faw1XDuIYTFCbE%2FxVDw0H%2Bs%2Fb4DBe37ulnK38bYDONFbpIFg%3D%3D,Ferrari Approved (preowned.ferrari.com),ZFF80AMA7K0243868 / 243868,Rosso Corsa,Cuoio,exterior color: Rosso Corsa; interior color: Cuoio; Ferrari Approved certified
2026-09-15,488,spider,2019,469999,4222,USD,"Hinsdale, USA",dealer,2019 Ferrari 488 Spider,https://preowned.ferrari.com/en-US/a/north-america/used-ferrari/usa/continental-autosports/488-spider/IljixbcgVnJGsKsQfDGsrlYCSa7n9v7TvP2b1e3EbBXjpResglB7WaMz42i9SqovuIYTFCbE%2FxVGw0H%2BtP3xAhi37ulnKHsYaTSNFrtKEA%3D%3D,Ferrari Approved (preowned.ferrari.com),ZFF80AMA2K0238187 / C238187,Rosso Corsa,Beige Tradizione,exterior color: Rosso Corsa; interior color: Beige Tradizione; Ferrari Approved certified
2026-09-15,488,spider,2019,499000,667,USD,"Mill Valley, USA",dealer,2019 Ferrari 488 Spider,https://preowned.ferrari.com/en-US/a/north-america/used-ferrari/usa/ferrari-of-san-francisco/488-spider/IljixbcgVnJGsKsQfDGsrjwdTl4Esf7FRwuOfJrxTnwIV%2BmZtNRH%2FN5Q1%2B9AIOr7uIYTFCbE%2FxUsw0H%2Bs%2FT5CB237ulnJX8baDCEFbdNEA%3D%3D,Ferrari Approved (preowned.ferrari.com),ZFF80AMAXK0241922 / S1894,Rosso Corsa,Nero,exterior color: Rosso Corsa; interior color: Nero
2026-09-15,F8,coupe,2020,408000,17307,USD,"Tributo Base Alpha Auto Long Island Westbury, NY",dealer,Used 2020 Ferrari F8 Tributo Base,https://www.cars.com/vehicledetail/3ff373c7-6a38-4f14-bb0f-bd9c539e7976/,Cars.com,ZFF92LLA5L0257152,red,,Cars.com data-vehicle-details; seller:Alpha Auto Long Island; zip:11590; trim:Base; exterior color: red
2026-09-15,F8,coupe,2020,419589,11700,USD,"Southwest Ranches, FL",dealer,Used 2020 Ferrari F8 Tributo Base,https://www.cars.com/vehicledetail/709ea27d-b152-49ed-ab10-7ecd1dc0023d/,Cars.com,ZFF92LLA3L0254217,white,Rosso Ferrari,Cars.com data-vehicle-details; seller:Lamborghini Broward; zip:33330; trim:Base; exterior color: white
2026-09-15,F8,coupe,2020,435080,13709,USD,"Austin, USA",dealer,2020 Ferrari F8 Tributo,https://preowned.ferrari.com/en-US/a/north-america/used-ferrari/usa/ferrari-of-austin/f8-tributo/IljixbcgVnJGsKsQfDGsrm%2Fnpr%2FQCa%2B0efP%2Fz2Ff3E1OxCNJxeMlkcxzRWAF0H62uIYTFSTJ%2FhVMxEH%2BsvPxAhi37ulnK3ocajWHHL1OFg%3D%3D,Ferrari Approved (preowned.ferrari.com),ZFF92LLA8L0256187 / 262076P,Blu Nart,Cuoio,exterior color: Blu Nart; interior color: Cuoio; Ferrari Approved certified
2026-09-15,F8,coupe,2020,445895,8916,USD,"West Palm Beach, USA",dealer,2020 Ferrari F8 Tributo,https://preowned.ferrari.com/en-US/a/north-america/used-ferrari/usa/ferrari-of-palm-beach/f8-tributo/IljixbcgVnJGsKsQfDGsrvly3X9bhATvKIhWF%2FP9nXY2fxpenmCV5hWpdX17qSAvuIYTFSTJ%2FhVCxEH%2BsvDzDhq37ulnLngdbj%2BBFblOGQ%3D%3D,Ferrari Approved (preowned.ferrari.com),ZFF92LLA6L0255345 / PF1273,Rosso Corsa,Beige Tradizione,exterior color: Rosso Corsa; interior color: Beige Tradizione; Ferrari Approved certified
2026-09-15,F8,coupe,2020,449765,7685,USD,"Carrollton, Texas, USA",dealer,2020 Ferrari F8 Tributo,https://www.classic.com/veh/2020-ferrari-f8-tributo-zff92lla9l0255002-45jX8vn/,Classic.com,ZFF92LLA9L0255002,Rosso Corsa,Nero,Classic.com asterisk asking; 7k mi displayed; mileage blank (rounded Nk mi); fixed-price; seller:One Legacy Motors
2026-09-15,F8,coupe,2020,449813,9818,USD,"Tributo Base One Exotics Tampa, FL",dealer,Used 2020 Ferrari F8 Tributo Base,https://www.cars.com/vehicledetail/a3d6bd35-d972-4316-b194-6286e790f8d4/,Cars.com,ZFF92LLA2L0254869,red,Nero,Cars.com data-vehicle-details; seller:One Exotics; zip:33602; trim:Base; exterior color: red
2026-09-15,F8,coupe,2020,449999,11090,USD,"Tributo Base Brooklyn Auto Sales Staten Island, NY",dealer,Used 2020 Ferrari F8 Tributo Base,https://www.cars.com/vehicledetail/e3e8524c-099a-46c2-8dd6-f05bc2d31716/,Cars.com,ZFF92LLA7L0253474,red,,Cars.com data-vehicle-details; seller:Brooklyn Auto Sales; zip:10310; trim:Base; exterior color: red
2026-09-15,F8,coupe,2020,451294,15605,USD,"Coral Gables, FL",dealer,Used 2020 Ferrari F8 Tributo Base,https://www.cars.com/vehicledetail/e70e5028-5b9a-4667-883d-c490740ed2be/,Cars.com,ZFF92LLAXL0255008,red,,Cars.com data-vehicle-details; seller:THE COLLECTION; zip:33146; trim:Base; exterior color: red
2026-09-15,F8,coupe,2020,459765,6579,USD,"Carrollton, Texas, USA",dealer,2020 Ferrari F8 Tributo,https://www.classic.com/veh/2020-ferrari-f8-tributo-zff92lla0l0254479-nO8LLDW/,Classic.com,ZFF92LLA0L0254479,Grigio Ferro,Brown (Beige Tradizione),Classic.com asterisk asking; 6k mi displayed; mileage blank (rounded Nk mi); fixed-price; seller:One Legacy Motors
2026-09-15,F8,coupe,2020,459813,8567,USD,"Tributo Base One Exotics Tampa, FL",dealer,Used 2020 Ferrari F8 Tributo Base,https://www.cars.com/vehicledetail/8adffefb-a56b-4f9a-93e7-b7f3785f43d9/,Cars.com,ZFF92LLA6L0257189,black,Rosso Ferrari,Cars.com data-vehicle-details; seller:One Exotics; zip:33602; trim:Base; exterior color: black
2026-09-15,F8,coupe,2020,459995,6882,USD,"Naples, USA",dealer,2020 Ferrari F8 Tributo,https://preowned.ferrari.com/en-US/a/north-america/used-ferrari/usa/ferrari-of-naples/f8-tributo/IljixbcgVnJGsKsQfDGsrlZIg%2FqIe5CNybDPL1DUAMDtBX%2Bk%2Fk1V5f4yTkgHgstguIYTFSTJ%2FhVHxEH%2BsvHxAhu37ulnJX0dbTeDFL5NGA%3D%3D,Ferrari Approved (preowned.ferrari.com),ZFF92LLA3L0254184 / PN1285,Rosso Corsa,Nero,exterior color: Rosso Corsa; interior color: Nero
2026-09-15,F8,coupe,2020,462890,4237,USD,"St Louis, USA",dealer,2020 Ferrari F8 Tributo,https://preowned.ferrari.com/en-US/a/north-america/used-ferrari/usa/cavallino-rosso-st-louis/f8-tributo/IljixbcgVnJGsKsQfDGsruyTu5JHX4%2B%2BH0fAdrR343V2gEfGCACnhzeDlL2JxWzmuIYTFSTJ%2FhVBxEH%2BsvL2CRm37ulnJX8baDCBEb1KEA%3D%3D,Ferrari Approved (preowned.ferrari.com),ZFF92LLA5L0257636 / CPL0257636,Bianco Avus,Nero,exterior color: Bianco Avus; interior color: Nero; Ferrari Approved certified
2026-09-15,F8,coupe,2020,469900,8918,USD,"Tributo Base Tactical Fleet Dallas Dallas, TX",dealer,Used 2020 Ferrari F8 Tributo Base,https://www.cars.com/vehicledetail/7171e3d7-1178-44cf-8f59-df469b321b16/,Cars.com,ZFF92LLA1L0256192,red,,Cars.com data-vehicle-details; seller:Tactical Fleet Dallas; zip:75244; trim:Base; exterior color: red
2026-09-15,F8,coupe,2020,469988,4497,USD,"Sterling, USA",dealer,2020 Ferrari F8 Tributo,https://preowned.ferrari.com/en-US/a/north-america/used-ferrari/usa/ferrari-of-washington/f8-tributo/IljixbcgVnJGsKsQfDGsrl6qzPzWDS4HqGcvr7OV0f0o9c6hF86Qg73ExbXUhFKvuIYTFSTJ%2FhVExEH%2BsvT3Aha37ulnJXwYYTOMFL1JFw%3D%3D,Ferrari Approved (preowned.ferrari.com),ZFF92LLA0L0251789 / STK251789,Grigio Titanio Metall,Bordeaux,exterior color: Grigio Titanio Metall; interior color: Bordeaux
2026-09-15,F8,coupe,2020,469996,,USD,"Charlotte, North Carolina, USA",dealer,2020 Ferrari F8 Tributo,https://www.classic.com/veh/2020-ferrari-f8-tributo-zff92lla8l0254195-nKxgvQW/,Classic.com,ZFF92LLA8L0254195,,,Classic.com asterisk asking; 10k mi displayed; mileage blank (rounded Nk mi); fixed-price; seller:McLaren Charlotte
2026-09-15,F8,coupe,2020,479995,2029,USD,"Orlando, Florida, USA",dealer,2020 Ferrari F8 Tributo,https://www.classic.com/veh/2020-ferrari-f8-tributo-zff92lla3l0256355-pgaYKLn/,Classic.com,ZFF92LLA3L0256355,red,Nero,Classic.com asterisk asking; 2k mi displayed; mileage blank (rounded Nk mi); fixed-price; seller:Exotic Knights
2026-09-15,F8,coupe,2020,479996,10408,USD,"Charlotte, North Carolina, USA",dealer,2020 Ferrari F8 Tributo,https://www.classic.com/veh/2020-ferrari-f8-tributo-zff92lla7l0255001-4a6eQXn/,Classic.com,ZFF92LLA7L0255001,Red,Brown,Classic.com asterisk asking; 10k mi displayed; mileage blank (rounded Nk mi); fixed-price; seller:McLaren Charlotte
2026-09-15,F8,coupe,2020,489800,1413,USD,"Tributo Base Vegas Auto Gallery Las Vegas, NV",dealer,Used 2020 Ferrari F8 Tributo Base,https://www.cars.com/vehicledetail/c75346db-adb3-4f67-8a0a-ad295e63825f/,Cars.com,ZFF92LLA4L0254209,red,Nero,Cars.com data-vehicle-details; seller:Vegas Auto Gallery; zip:89118; trim:Base; exterior color: red
2026-09-15,F8,coupe,2020,489990,6376,USD,"Houston, USA",dealer,2020 Ferrari F8 Tributo,https://preowned.ferrari.com/en-US/a/north-america/used-ferrari/usa/ferrari-of-houston/f8-tributo/IljixbcgVnJGsKsQfDGsrrCkZinKHuEtIoFG8HoY%2FvtG1mQVcuCaluEPhqvIlzr2uIYTFSTJ%2FhVMxEH%2BsvHxAh637ulnK3UeazKDErdNFQ%3D%3D,Ferrari Approved (preowned.ferrari.com),ZFF92LLA8L0254181 / ZL0254181,Nero,Nero,exterior color: Nero; interior color: Nero; Ferrari Approved certified
2026-09-15,F8,coupe,2020,489999,7116,USD,"Hinsdale, USA",dealer,2020 Ferrari F8 Tributo,https://preowned.ferrari.com/en-US/a/north-america/used-ferrari/usa/continental-autosports/f8-tributo/IljixbcgVnJGsKsQfDGsrswa%2BnxAo7nc4fh6sPa1QGwFUKzCYp7oywK2M2liLyMduIYTFSTJ%2FhVMxEH%2BsvHyCR637ulnKnofbDKCHb1GGA%3D%3D,Ferrari Approved (preowned.ferrari.com),ZFF92LLA8L0254231 / 97691,Blu Corsa,Nero,exterior color: Blu Corsa; interior color: Nero; Ferrari Approved certified
2026-09-15,F8,coupe,2020,489999,6560,USD,"Tributo Base Brooklyn Auto Sales Staten Island, NY",dealer,Used 2020 Ferrari F8 Tributo Base,https://www.cars.com/vehicledetail/c0385039-12f0-4345-bf85-75783f20171f/,Cars.com,ZFF92LLA4L0258485,black,,Cars.com data-vehicle-details; seller:Brooklyn Auto Sales; zip:10310; trim:Base; exterior color: black
2026-09-15,F8,coupe,2020,499900,6656,USD,"Plainview, USA",dealer,2020 Ferrari F8 Tributo,https://preowned.ferrari.com/en-US/a/north-america/used-ferrari/usa/ferrari-of-long-island/f8-tributo/IljixbcgVnJGsKsQfDGsrh%2F%2FCiiiXQGhWYyXanTepu1A3aicMaQFC958OIr2YprPuIYTFSTJ%2FhUsxEH%2BsvHyCh637ulnJHQYYT6AEL9NGA%3D%3D,Ferrari Approved (preowned.ferrari.com),ZFF92LLAXL0254201 / FE2477,Nero,Nero,exterior color: Nero; interior color: Nero
2026-09-15,F8,coupe,2021,295000,,USD,"Pittsburgh, Pennsylvania, USA",dealer,2021 Ferrari F8 Tributo,https://www.classic.com/veh/2021-ferrari-f8-tributo-zff92lla9m0264378-pe6b6a4/,Classic.com,ZFF92LLA9M0264378,,,Classic.com asterisk asking; 3k mi displayed; mileage blank (rounded Nk mi); fixed-price; seller:Lw Automotive
2026-09-15,F8,coupe,2021,448999,10400,USD,"Scottsdale, AZ",dealer,Used 2021 Ferrari F8 Tributo Base,https://www.cars.com/vehicledetail/0e390583-daeb-44f9-95f2-43ee4692e128/,Cars.com,ZFF92LLA4M0259928,red,,Cars.com data-vehicle-details; seller:Luxury Auto Collection; zip:85258; trim:Base; exterior color: red
2026-09-15,F8,coupe,2021,459990,9384,USD,"Houston, USA",dealer,2021 Ferrari F8 Tributo,https://preowned.ferrari.com/en-US/a/north-america/used-ferrari/usa/ferrari-of-houston/f8-tributo/IljixbcgVnJGsKsQfDGsrh4ce790bsaLwbIyAhNI5PoTFKV3edaa9nk7XLwcNXAluIYTFSTJ%2FhVFxUH%2BsfTxCB637ulnJXkaYD%2BFF75OEA%3D%3D,Ferrari Approved (preowned.ferrari.com),ZFF92LLA1M0261121 / ZM0261121,Rosso Corsa,Nero,exterior color: Rosso Corsa; interior color: Nero; Ferrari Approved certified
2026-09-15,F8,coupe,2021,461212,9172,USD,"Tampa, FL",dealer,2021 Ferrari F8,https://www.cargurus.com/details/455734438,CarGurus,ZFF92LLA6M0266167,Rosso Corsa,Nero,Stock # T66167; trim: Tributo RWD; deal rating: GOOD_PRICE; exterior color: Rosso Corsa; interior color: Nero
2026-09-15,F8,coupe,2021,484161,1735,USD,"Clearwater, FL",dealer,Used 2021 Ferrari F8 Tributo Base,https://www.cars.com/vehicledetail/78276be4-7002-4013-b7c5-328df9db03dd/,Cars.com,ZFF92LLA2M0266568,red,Nero,Cars.com data-vehicle-details; seller:Lokey Nissan; zip:33763; trim:Base; exterior color: red
2026-09-15,F8,coupe,2021,489995,6100,USD,"Houston, Texas, USA",dealer,2021 Ferrari F8 Tributo,https://www.classic.com/veh/2021-ferrari-f8-tributo-zff92llaxm0262669-nQAO9on/,Classic.com,ZFF92LLAXM0262669,White,Black,Classic.com asterisk asking; 6k mi displayed; mileage blank (rounded Nk mi); fixed-price; seller:Autodynamics
2026-09-15,F8,coupe,2021,495900,2989,USD,"Lake Bluff, USA",dealer,2021 Ferrari F8 Tributo,https://preowned.ferrari.com/en-US/a/north-america/used-ferrari/usa/ferrari-lake-forest/f8-tributo/IljixbcgVnJGsKsQfDGsrkdVZZqx6c4zYp1SPFEEo5%2B7bbOV0unbhge74O3Qn0%2F5uIYTFSTJ%2FhVDxUH%2BsfX3Chy37ulnK3wdbT6DFb5HEA%3D%3D,Ferrari Approved (preowned.ferrari.com),ZFF92LLA7M0260703 / 260703,Rosso Corsa,Nero,exterior color: Rosso Corsa; interior color: Nero; Ferrari Approved certified
2026-09-15,F8,coupe,2021,499000,2258,USD,"Newport Beach, USA",dealer,2021 Ferrari F8 Tributo,https://preowned.ferrari.com/en-US/a/north-america/used-ferrari/usa/ferrari-of-newport-beach/f8-tributo/IljixbcgVnJGsKsQfDGsrjVgxeRNQmqKi0xa1igs7FoWiWcOZdHaZFeAy514llb2uIYTFSTJ%2FhVBxUH%2BsfbzAhi37ulnKXQYaTaNEr1JEg%3D%3D,Ferrari Approved (preowned.ferrari.com),ZFF92LLA5M0263387 / NB5844P,Blu Corsa,Blu Sterling,exterior color: Blu Corsa; interior color: Blu Sterling; Ferrari Approved certified
2026-09-15,F8,coupe,2021,499999,7220,USD,"Costa Mesa, California, USA",dealer,2021 Ferrari F8 Tributo,https://www.classic.com/veh/2021-ferrari-f8-tributo-zff92lla0m0267394-n1w7lLp/,Classic.com,ZFF92LLA0M0267394,Grigio Silverstone Metallic,Cuoio,Classic.com asterisk asking; 7k mi displayed; mileage blank (rounded Nk mi); fixed-price; seller:Eurocar Inc.
2026-09-15,F8,coupe,2021,519999,5790,USD,"Costa Mesa, California, USA",dealer,2021 Ferrari F8 Tributo,https://www.classic.com/veh/2021-ferrari-f8-tributo-zff92lla3m0261914-4rLPkNW/,Classic.com,ZFF92LLA3M0261914,Grigio Silverstone Metallic,Cuoio,Classic.com asterisk asking; 5k mi displayed; mileage blank (rounded Nk mi); fixed-price; seller:Eurocar Inc.
2026-09-15,F8,coupe,2022,419900,508,USD,"Coral Gables, USA",dealer,2022 Ferrari F8 Tributo,https://preowned.ferrari.com/en-US/a/north-america/used-ferrari/usa/the-collection/f8-tributo/IljixbcgVnJGsKsQfDGsrtFgZ2xRNjZCNwJyCl13Hbqtx85tpHtEdplUF%2FwjuRjFuIYTFSTJ%2FhUsxkH%2Bv%2FTzChq37ulnLnwZaz6AFLlJEQ%3D%3D,Ferrari Approved (preowned.ferrari.com),ZFF92LLAXN0281305 / N0281305P,Rosso Corsa,Nero,exterior color: Rosso Corsa; interior color: Nero
2026-09-15,F8,coupe,2022,459900,14615,USD,"Phoenix, USA",dealer,2022 Ferrari F8 Tributo,https://preowned.ferrari.com/en-US/a/north-america/used-ferrari/usa/scottsdale-ferrari/f8-tributo/IljixbcgVnJGsKsQfDGsro2mgqWGyCRPhMNlqYQOR5iE8Auo14trnCys1v85nJUOuIYTFSTJ%2FhVGxkH%2BsPf3Ax237ulnKXkYYTaDHbhGGQ%3D%3D,Ferrari Approved (preowned.ferrari.com),ZFF92LLA2N0272792 / FP5384,Blu Tour De France,Pelle Gialla,exterior color: Blu Tour De France; interior color: Pelle Gialla
2026-09-15,F8,coupe,2022,471212,8041,USD,"Tampa, FL",dealer,2022 Ferrari F8,https://www.cargurus.com/details/448643285,CarGurus,ZFF92LLA1N0272752,Rosso Corsa,Crema/Red,Stock # C72752; trim: Tributo RWD; deal rating: GOOD_PRICE; exterior color: Rosso Corsa; interior color: Crema/Red
2026-09-15,F8,coupe,2022,489900,3007,USD,"Beverly Hills, USA",dealer,2022 Ferrari F8 Tributo,https://preowned.ferrari.com/en-US/a/north-america/used-ferrari/usa/ferrari-beverly-hills/f8-tributo/IljixbcgVnJGsKsQfDGsrrRiwOi262zzCln%2BN8hNiQpN6Xgjnl993mb%2BOmwqBF0xuIYTFSTJ%2FhVCxkH%2BsPf5Ax%2B37ulnJHkXazaHFL1NFA%3D%3D,Ferrari Approved (preowned.ferrari.com),ZFF92LLA6N0272990 / 272990,Nero,Rosso Ferrari,exterior color: Nero; interior color: Rosso Ferrari
2026-09-15,F8,coupe,2022,498801,2763,USD,"Greensboro, USA",dealer,2022 Ferrari F8 Tributo,https://preowned.ferrari.com/en-US/a/north-america/used-ferrari/usa/ferrari-of-greensboro/f8-tributo/IljixbcgVnJGsKsQfDGsrnhDHcwi63ZqxQ0iXuGdyhyAf6kxJzDW1KuCNlSbztj3uIYTFSTJ%2FhVDxkH%2BsPX4Ax237ulnJH8abjWGEbpHEw%3D%3D,Ferrari Approved (preowned.ferrari.com),ZFF92LLA7N0270892 / PF6011,Bianco Avus,Rosso Ferrari,exterior color: Bianco Avus; interior color: Rosso Ferrari
2026-09-15,F8,coupe,2022,499900,875,USD,"Tributo Base Tactical Fleet Dallas Dallas, TX",dealer,Used 2022 Ferrari F8 Tributo Base,https://www.cars.com/vehicledetail/74cb23ce-ccbd-4189-91ae-faa806add747/,Cars.com,ZFF92LLA5N0279140,red,,Cars.com data-vehicle-details; seller:Tactical Fleet Dallas; zip:75244; trim:Base; exterior color: red
2026-09-15,F8,coupe,2022,529000,4203,USD,"Boca Raton, USA",dealer,2022 Ferrari F8 Tributo,https://preowned.ferrari.com/en-US/a/north-america/used-ferrari/usa/ferrari-of-boca-raton/f8-tributo/IljixbcgVnJGsKsQfDGsruX7noZ1ypdZT5H0hnfcooMu%2BIxT35jlnEuqv8sx8IKcuIYTFSTJ%2FhVAxkH%2Bv%2Fb0Chm37ulnJX0cYTGDE7dHFw%3D%3D,Ferrari Approved (preowned.ferrari.com),ZFF92LLA4N0283406 / BP1105,Giallo Modena,Nero,exterior color: Giallo Modena; interior color: Nero; Ferrari Approved certified
2026-09-15,F8,coupe,2022,529990,,USD,"Marysville, Ohio, USA",dealer,2022 Ferrari F8 Tributo,https://www.classic.com/veh/2022-ferrari-f8-tributo-zff92lla2n0272999-nBakd74/,Classic.com,ZFF92LLA2N0272999,,,Classic.com asterisk asking; 1k mi displayed; mileage blank (rounded Nk mi); fixed-price; seller:Performance Luxury Sport
2026-09-15,F8,coupe,2022,548900,1946,USD,"Phoenix, USA",dealer,2022 Ferrari F8 Tributo,https://preowned.ferrari.com/en-US/a/north-america/used-ferrari/usa/scottsdale-ferrari/f8-tributo/IljixbcgVnJGsKsQfDGsrr0jsLGd1GJ6Dfu31E%2FcjdfAicuixNaMOy83D%2Bz4TF1duIYTFSTJ%2FhVNxkH%2Bv%2Fb2DRq37ulnK3oWbj%2BDELhOFg%3D%3D,Ferrari Approved (preowned.ferrari.com),ZFF92LLA9N0283675 / CONSIGNF8DK,Rosso Corsa,Nero,exterior color: Rosso Corsa; interior color: Nero
2026-09-15,F8,coupe,2022,619900,1688,USD,"Phoenix, USA",dealer,2022 Ferrari F8 Tributo,https://preowned.ferrari.com/en-US/a/north-america/used-ferrari/usa/scottsdale-ferrari/f8-tributo/IljixbcgVnJGsKsQfDGsrjReE%2F0zEIrbPFJ%2F%2BhuQHIMeHiEJ1jhQHJxPMyFH18IYuIYTFSTJ%2FhVAxkH%2BsPPwDx237ulnK3kaaT%2BHE7xKEw%3D%3D,Ferrari Approved (preowned.ferrari.com),ZFF92LLA4N0276052 / CONSBHPF8T,Viola Hong Kong,Nero,exterior color: Viola Hong Kong; interior color: Nero
2026-09-15,F8,coupe,2022,699000,3102,USD,"Newport Beach, USA",dealer,2022 Ferrari F8 Tributo,https://preowned.ferrari.com/en-US/a/north-america/used-ferrari/usa/ferrari-of-newport-beach/f8-tributo/IljixbcgVnJGsKsQfDGsrgPtLvsEQ5eZrrWAz9GJbjrWkArDBR2RpoMQ3G%2FrLPLvuIYTFSTJ%2FhVAxkH%2Bv%2FXyAh%2B37ulnK3oZYDKEErhIFQ%3D%3D,Ferrari Approved (preowned.ferrari.com),ZFF92LLA4N0280280 / NB5888P,Grigio Scuro,Orange,exterior color: Grigio Scuro; interior color: Orange; Ferrari Approved certified
2026-09-15,F8,spider,2021,499996,39164,USD,"Charlotte, North Carolina, USA",dealer,2021 Ferrari F8 Spider,https://www.classic.com/veh/2021-ferrari-f8-spider-zff93lma8m0261970-pG1Rq8n/,Classic.com,ZFF93LMA8M0261970,Red,Black,Classic.com asterisk asking; 39k mi displayed; mileage blank (rounded Nk mi); fixed-price; seller:McLaren Charlotte
2026-09-15,F8,spider,2021,514996,24472,USD,"Charlotte, North Carolina, USA",dealer,2021 Ferrari F8 Spider,https://www.classic.com/veh/2021-ferrari-f8-spider-zff93lma6m0261014-W9BLdXp/,Classic.com,ZFF93LMA6M0261014,White,Black,Classic.com asterisk asking; 24k mi displayed; mileage blank (rounded Nk mi); fixed-price; seller:McLaren Charlotte
2026-09-15,F8,spider,2021,569900,,USD,"Addison, Texas, USA",dealer,2021 Ferrari F8 Spider,https://www.classic.com/veh/2021-ferrari-f8-spider-zff93lma7m0268571-pg9kKVn/,Classic.com,ZFF93LMA7M0268571,,,Classic.com asterisk asking; 1k mi displayed; mileage blank (rounded Nk mi); fixed-price; seller:Exotic World Motor Cars
2026-09-15,F8,spider,2021,574900,14441,USD,"Phoenix, USA",dealer,2021 Ferrari F8 Spider,https://preowned.ferrari.com/en-US/a/north-america/used-ferrari/usa/scottsdale-ferrari/f8-spider/IljixbcgVnJGsKsQfDGsricUtaNPjQbN41VU8Vi1kX6yIMS4kme1ZrCv9zYHKHVmuIYTFSXJ%2FxVGxUH%2Bsvz5Dxq37ulnK3kaaT%2BGFblOGQ%3D%3D,Ferrari Approved (preowned.ferrari.com),ZFF93LMA2M0259955 / CONSBHWF8,Bianco Italia,Rosso Ferrari,exterior color: Bianco Italia; interior color: Rosso Ferrari
2026-09-15,F8,spider,2021,585990,12238,USD,"Redwood City, USA",dealer,2021 Ferrari F8 Spider,https://preowned.ferrari.com/en-US/a/north-america/used-ferrari/usa/ferrari-silicon-valley/f8-spider/IljixbcgVnJGsKsQfDGsroJIMCYJLGWUF2h1kx5rwDV%2BtMScF4fVsF25pgBvFK%2FeuIYTFSXJ%2FxUsxUH%2BsfL0Ah%2B37ulnJHgabjONHbhPEQ%3D%3D,Ferrari Approved (preowned.ferrari.com),ZFF93LMAXM0267480 / 267480,Rosso Corsa,Beige Tradizione,exterior color: Rosso Corsa; interior color: Beige Tradizione; Ferrari Approved certified
2026-09-15,F8,spider,2021,589995,12600,USD,"Akron, Ohio, USA",dealer,2021 Ferrari F8 Spider,https://www.classic.com/veh/2021-ferrari-f8-spider-zff93lma7m0259191-pJxVYan/,Classic.com,ZFF93LMA7M0259191,White,Red,Classic.com asterisk asking; 12k mi displayed; mileage blank (rounded Nk mi); fixed-price; seller:Perfect Auto Collection
2026-09-15,F8,spider,2021,592725,9326,USD,"Spring Valley Rockland County New York, USA",dealer,2021 Ferrari F8 Spider,https://preowned.ferrari.com/en-US/a/north-america/used-ferrari/usa/wide-world-ferrari/f8-spider/IljixbcgVnJGsKsQfDGsrtgz%2BDrNHNZ02tKPoHYoG3xz5BQsILuGSOaIExNpZvwOuIYTFSXJ%2FxVBxUH%2BsfXzChi37ulnJHgdajWAEbpIFw%3D%3D,Ferrari Approved (preowned.ferrari.com),ZFF93LMA5M0260307 / FM4600,Bianco Avus,Rosso Ferrari,exterior color: Bianco Avus; interior color: Rosso Ferrari; Ferrari Approved certified
2026-09-15,F8,spider,2021,599890,10871,USD,"St Louis, USA",dealer,2021 Ferrari F8 Spider,https://preowned.ferrari.com/en-US/a/north-america/used-ferrari/usa/cavallino-rosso-st-louis/f8-spider/IljixbcgVnJGsKsQfDGsrpaTbkmKe%2Bb1Mn02EwGrwsTDrdWR6pQ%2BuCgnys1YVbcQuIYTFSXJ%2FxVHxUH%2BsfTwDBm37ulnJHkdbzSGFb5KGA%3D%3D,Ferrari Approved (preowned.ferrari.com),ZFF93LMA3M0261066 / C1M0261066,Nero Daytona,Nero,exterior color: Nero Daytona; interior color: Nero; Ferrari Approved certified
2026-09-15,F8,spider,2021,600000,10137,USD,"San Diego, USA",dealer,2021 Ferrari F8 Spider,https://preowned.ferrari.com/en-US/a/north-america/used-ferrari/usa/ferrari-of-san-diego/f8-spider/IljixbcgVnJGsKsQfDGsrg2AZrub8t1qMre9oDKxy8MKQC0QRhypotEQguQS8JWeuIYTFSXJ%2FxVHxUH%2BsfT5Ahi37ulnJHQWYT6EEr1HEg%3D%3D,Ferrari Approved (preowned.ferrari.com),ZFF93LMA3M0261987 / SD5814C,Rosso Corsa,Beige Tradizione,exterior color: Rosso Corsa; interior color: Beige Tradizione
2026-09-15,F8,spider,2021,601190,9891,USD,"Spider Base Exclusive Automotive Group Ashburn, VA",dealer,Used 2021 Ferrari F8 Spider Base,https://www.cars.com/vehicledetail/d7d77457-6326-41cc-a3ce-f1203a7f4f5b/,Cars.com,ZFF93LMA2M0266193,black,,Cars.com data-vehicle-details; seller:Exclusive Automotive Group; zip:20147; trim:Base; exterior color: black
2026-09-15,F8,spider,2021,604895,9433,USD,"West Palm Beach, USA",dealer,2021 Ferrari F8 Spider,https://preowned.ferrari.com/en-US/a/north-america/used-ferrari/usa/ferrari-of-palm-beach/f8-spider/IljixbcgVnJGsKsQfDGsrj0o%2B%2FcgmsNbWLM6LUGARJ%2F2p5Wj5LpINlVglszzbh7iuIYTFSXJ%2FxVExUH%2BsfP2Ch%2B37ulnKHoeYTGGHLZGEw%3D%3D,Ferrari Approved (preowned.ferrari.com),ZFF93LMA0M0266600 / PF1286,Grigio Ferro,Nero,exterior color: Grigio Ferro; interior color: Nero; Ferrari Approved certified
2026-09-15,F8,spider,2021,604990,5047,USD,"Golden Valley, USA",dealer,2021 Ferrari F8 Spider,https://preowned.ferrari.com/en-US/a/north-america/used-ferrari/usa/twin-cities-performance/f8-spider/IljixbcgVnJGsKsQfDGsrnYuSw7OMnh5Pl4mZshW64zm8esuqU%2BMgZUECPPCC9vMuIYTFSXJ%2FxVFxUH%2BsfLwAha37ulnJHQcaTeNEb9LGQ%3D%3D,Ferrari Approved (preowned.ferrari.com),ZFF93LMA1M0267089 / 267089,Rosso Corsa Metallizzato,Beige Tradizione,exterior color: Rosso Corsa Metallizzato; interior color: Beige Tradizione; Ferrari Approved certified
2026-09-15,F8,spider,2021,638680,1302,USD,"Salt Lake City, USA",dealer,2021 Ferrari F8 Spider,https://preowned.ferrari.com/en-US/a/north-america/used-ferrari/usa/ferrari-of-salt-lake-city/f8-spider/IljixbcgVnJGsKsQfDGsrtCQiBmDb%2F8Iv61Ba2aYzRidTAOw9S0Wdbj3BBej5LrJuIYTFSXJ%2FxUsxUH%2Bsf3xDRq37ulnK34ZaDeBFL1JFQ%3D%3D,Ferrari Approved (preowned.ferrari.com),ZFF93LMAXM0268175 / M0268175P,Giallo Modena,Nero,exterior color: Giallo Modena; interior color: Nero
2026-09-15,F8,spider,2021,649895,3304,USD,"Orlando, USA",dealer,2021 Ferrari F8 Spider,https://preowned.ferrari.com/en-US/a/north-america/used-ferrari/usa/ferrari-central-florida/f8-spider/IljixbcgVnJGsKsQfDGsrr1HESXldBVJFPaC08A%2F%2F3yjjbfC6L3KGykoJoEKwU8SuIYTFSXJ%2FxVAxUH%2BsfH0CBe37ulnK3UYbjKDHLZKEg%3D%3D,Ferrari Approved (preowned.ferrari.com),ZFF93LMA4M0264428 / C264428A,Rosso Corsa,Nero,exterior color: Rosso Corsa; interior color: Nero
2026-09-15,F8,spider,2021,649900,1020,USD,"Lake Bluff, USA",dealer,2021 Ferrari F8 Spider,https://preowned.ferrari.com/en-US/a/north-america/used-ferrari/usa/ferrari-lake-forest/f8-spider/IljixbcgVnJGsKsQfDGsrk3PJwm177W70PQRAHFX6l4TUitQSWqa7BQ848j%2FDRXOuIYTFSXJ%2FxUsxUH%2BsfP5DB637ulnKnoZbT6DEL9LEA%3D%3D,Ferrari Approved (preowned.ferrari.com),ZFF93LMAXM0266961 / 266961,Giallo Modena,Nero,exterior color: Giallo Modena; interior color: Nero; Ferrari Approved certified
2026-09-15,F8,spider,2021,649995,8887,USD,"Spider TBTFW Beverly Hills, CA",dealer,Used 2021 Ferrari F8 Spider,https://www.cars.com/vehicledetail/34fd8b69-f658-45be-853c-9f1b0a6e84a0/,Cars.com,ZFF93LMA5M0266592,white,,Cars.com data-vehicle-details; seller:TBTFW; zip:90212; exterior color: white
2026-09-15,F8,spider,2021,656995,3673,USD,"Naples, USA",dealer,2021 Ferrari F8 Spider,https://preowned.ferrari.com/en-US/a/north-america/used-ferrari/usa/ferrari-of-naples/f8-spider/IljixbcgVnJGsKsQfDGsroohMaXd62iIyhrfT8b22fKBMOKDf%2BygOdkZAum%2FvdCGuIYTFSXJ%2FxVAxUH%2BsfT2Dhy37ulnK3UXajONFrpJGQ%3D%3D,Ferrari Approved (preowned.ferrari.com),ZFF93LMA4M0261643 / PN1286,Bianco Avus,Nero,exterior color: Bianco Avus; interior color: Nero
2026-09-15,F8,spider,2021,673888,,USD,"San Luis Obispo, California, USA",dealer,2021 Ferrari F8 Spider,https://www.classic.com/veh/2021-ferrari-f8-spider-zff93lma3m0262962-Wxmxvxp/,Classic.com,ZFF93LMA3M0262962,,,Classic.com asterisk asking; 4k mi displayed; mileage blank (rounded Nk mi); fixed-price; seller:Porsche San Luis Obispo
2026-09-15,F8,spider,2021,679600,,USD,"Carrollton, Texas, USA",dealer,2021 Ferrari F8 Spider,https://www.classic.com/veh/2021-ferrari-f8-spider-zff93lma0m0259971-WjbAJbW/,Classic.com,ZFF93LMA0M0259971,,,Classic.com asterisk asking; 6k mi displayed; mileage blank (rounded Nk mi); fixed-price; seller:Earth MotorCars
2026-09-15,F8,spider,2021,679980,,USD,"Miami-Dade County, Florida, USA",dealer,2021 Ferrari F8 Spider,https://www.classic.com/veh/2021-ferrari-f8-spider-zff93lma5m0263739-4AV8k5n/,Classic.com,ZFF93LMA5M0263739,,,Classic.com asterisk asking; 3k mi displayed; mileage blank (rounded Nk mi); fixed-price; seller:Limited Spec Automotive
2026-09-15,F8,spider,2021,679995,,USD,,dealer,"2021 Ferrari F8 Spider | Houston, Texas | Autodynamics",https://www.classic.com/veh/2021-ferrari-f8-spider-houston-texas-autodynamics-4DwJJgp/,Classic.com,,,,Classic.com asterisk asking; 6k mi displayed; mileage blank (rounded Nk mi); fixed-price; seller:Autodynamics
2026-09-15,F8,spider,2021,685900,5798,USD,"Lake Bluff, USA",dealer,2021 Ferrari F8 Spider,https://preowned.ferrari.com/en-US/a/north-america/used-ferrari/usa/ferrari-lake-forest/f8-spider/IljixbcgVnJGsKsQfDGsrqCLowQl2zSm1dfqDcuNP0ttVkcM6oJp0xKI9TJxkyqmuIYTFSXJ%2FxVFxUH%2BsfL1DB237ulnJHkdbTKNFbdNFg%3D%3D,Ferrari Approved (preowned.ferrari.com),ZFF93LMA1M0267562 / 267562,Blu Elettrico,Nero,exterior color: Blu Elettrico; interior color: Nero; Ferrari Approved certified
2026-09-15,F8,spider,2021,689900,2493,USD,"Detroit, USA",dealer,2021 Ferrari F8 Spider,https://preowned.ferrari.com/en-US/a/north-america/used-ferrari/usa/cauley-ferrari-of-detroit/f8-spider/IljixbcgVnJGsKsQfDGsrnPNf%2FxhRJrhl2vEITrOE%2BpygUZJ4t7NUiGbDWeM%2BFKWuIYTFSXJ%2FxVBxUH%2Bsf31DR%2B37ulnJHkdbTOBEbdGFg%3D%3D,Ferrari Approved (preowned.ferrari.com),ZFF93LMA5M0268570 / 268570,Rosso Corsa,Beige Tradizione,exterior color: Rosso Corsa; interior color: Beige Tradizione; Ferrari Approved certified
2026-09-15,F8,spider,2021,719900,1956,USD,"Phoenix, USA",dealer,2021 Ferrari F8 Spider,https://preowned.ferrari.com/en-US/a/north-america/used-ferrari/usa/scottsdale-ferrari/f8-spider/IljixbcgVnJGsKsQfDGsrkCmWqGFpNq7ISXfbF7ccc6IUZ9z3f5vpFtNPgmph4b%2FuIYTFSXJ%2FxVCxUH%2BsfT2Cxy37ulnK34YbDaHELtKGA%3D%3D,Ferrari Approved (preowned.ferrari.com),ZFF93LMA6M0261613 / CONSBHYF8,Giallo Modena,Nero,exterior color: Giallo Modena; interior color: Nero
2026-09-15,F8,spider,2022,389700,6781,USD,"Tampa, Florida, USA",dealer,2022 Ferrari F8 Spider,https://www.classic.com/veh/2022-ferrari-f8-spider-zff93lma1n0276778-pJKmx74/,Classic.com,ZFF93LMA1N0276778,Bianco Cervino,Rosso Ferrari,Classic.com asterisk asking; 6k mi displayed; mileage blank (rounded Nk mi); fixed-price; seller:3 Percent Auto Group
2026-09-15,F8,spider,2022,399991,,USD,"Tampa, Florida, USA",dealer,2022 Ferrari F8 Spider,https://www.classic.com/veh/2022-ferrari-f8-spider-zff93lma1n0271189-pzlydEn/,Classic.com,ZFF93LMA1N0271189,,,Classic.com asterisk asking; 3k mi displayed; mileage blank (rounded Nk mi); fixed-price; seller:Lux Auto Imports
2026-09-15,F8,spider,2022,459900,4353,USD,"Coral Gables, USA",dealer,2022 Ferrari F8 Spider,https://preowned.ferrari.com/en-US/a/north-america/used-ferrari/usa/the-collection/f8-spider/IljixbcgVnJGsKsQfDGsrsdk4ixEieDauMUX%2BkQQkjy%2FjeRmltO%2B0DBoAr3Ni6Y%2FuIYTFSXJ%2FxVDxkH%2BsPP2CBu37uloJXUbYDOHHbhMEA%3D%3D,Ferrari Approved (preowned.ferrari.com),ZFF93LMA7N0276624 / P0295643A,Alluminio Opaco,Rosso Ferrari,exterior color: Alluminio Opaco; interior color: Rosso Ferrari; Ferrari Approved certified
2026-09-15,F8,spider,2022,542998,,USD,"Naperville, Illinois, USA",dealer,2022 Ferrari F8 Spider,https://www.classic.com/veh/2022-ferrari-f8-spider-zff93lma0n0279655-WvmNGMn/,Classic.com,ZFF93LMA0N0279655,,,Classic.com asterisk asking; 24k mi displayed; mileage blank (rounded Nk mi); fixed-price; seller:Alfa Romeo of Naperville
2026-09-15,F8,spider,2022,559996,18345,USD,"Charlotte, North Carolina, USA",dealer,2022 Ferrari F8 Spider,https://www.classic.com/veh/2022-ferrari-f8-spider-zff93lma3n0273798-nOEBgbp/,Classic.com,ZFF93LMA3N0273798,Gray,Brown,Classic.com asterisk asking; 18k mi displayed; mileage blank (rounded Nk mi); fixed-price; seller:McLaren Charlotte
2026-09-15,F8,spider,2022,573289,16296,USD,"Sterling, VA",dealer,2022 Ferrari F8,https://www.cargurus.com/details/458799355,CarGurus,ZFF93LMA4N0270179,White,Red,Stock # 174405; trim: Spider RWD; deal rating: GOOD_PRICE; exterior color: White; interior color: Red
2026-09-15,F8,spider,2022,594895,8525,USD,"West Palm Beach, USA",dealer,2022 Ferrari F8 Spider,https://preowned.ferrari.com/en-US/a/north-america/used-ferrari/usa/ferrari-of-palm-beach/f8-spider/IljixbcgVnJGsKsQfDGsrliv%2F6wPzY5fsNX27F9bp13hPF88%2Bvj73MXsqgTuuKXYuIYTFSXJ%2FxVDxkH%2Bv%2FfzCBm37ulnKHoeYTGHELlNGA%3D%3D,Ferrari Approved (preowned.ferrari.com),ZFF93LMA7N0282326 / PF1270,Bianco Cervino,Blu Sterling,exterior color: Bianco Cervino; interior color: Blu Sterling; Ferrari Approved certified
2026-09-15,F8,spider,2022,599000,,USD,"Costa Mesa, California, USA",dealer,2022 Ferrari F8 Spider,https://www.classic.com/veh/2022-ferrari-f8-spider-zff93lma9n0277208-nOaX1wp/,Classic.com,ZFF93LMA9N0277208,,,Classic.com asterisk asking; 9k mi displayed; mileage blank (rounded Nk mi); fixed-price; seller:iLusso Costa Mesa
2026-09-15,F8,spider,2022,599980,,USD,"Miami-Dade County, Florida, USA",dealer,2022 Ferrari F8 Spider,https://www.classic.com/veh/2022-ferrari-f8-spider-zff93lma5n0279652-nQd7Mw4/,Classic.com,ZFF93LMA5N0279652,,,Classic.com asterisk asking; 5k mi displayed; mileage blank (rounded Nk mi); fixed-price; seller:Limited Spec Automotive
2026-09-15,F8,spider,2022,600988,5994,USD,"Naples, FL",dealer,Used 2022 Ferrari F8 Spider Base,https://www.cars.com/vehicledetail/127201b2-17ee-4bad-bbf1-1e99fe0bd6ba/,Cars.com,ZFF93LMA8N0270931,red,,Cars.com data-vehicle-details; seller:R3 Motorcars LLC; zip:34114; trim:Base; exterior color: red
2026-09-15,F8,spider,2022,605000,5994,USD,"Olivier Coconut, FL",dealer,Used 2022 Ferrari F8 Spider Base,https://www.cars.com/vehicledetail/d0b0ec95-5d6c-4f78-90cc-adf2b7870398/,Cars.com,ZFF93LMAXN0280893,yellow,,Cars.com data-vehicle-details; zip:34134; trim:Base; exterior color: yellow
2026-09-15,F8,spider,2022,609990,8972,USD,"Golden Valley, USA",dealer,2022 Ferrari F8 Spider,https://preowned.ferrari.com/en-US/a/north-america/used-ferrari/usa/twin-cities-performance/f8-spider/IljixbcgVnJGsKsQfDGsrvUmheWNazjSBT1H1PCN2WX88qZsbql689LvU86zBqr0uIYTFSXJ%2FxVHxkH%2BsPH1CR237ulnKXUXbDGHF7lNEg%3D%3D,Ferrari Approved (preowned.ferrari.com),ZFF93LMA3N0274532 / N0274532P,Grigio Silverstone,Charcoal,exterior color: Grigio Silverstone; interior color: Charcoal; Ferrari Approved certified
2026-09-15,F8,spider,2022,618125,3887,USD,"Plano, USA",dealer,2022 Ferrari F8 Spider,https://preowned.ferrari.com/en-US/a/north-america/used-ferrari/usa/ferrari-dallas/f8-spider/IljixbcgVnJGsKsQfDGsrs%2Bj8odUtrwTO77hxAFt1zmsDT%2B8%2FVMOUh2N9BmZJxCLuIYTFSXJ%2FxVMxkH%2BsPDxAx637ulnKXQabjSDEL9OFw%3D%3D,Ferrari Approved (preowned.ferrari.com),ZFF93LMA8N0275191 / P0275191,Giallo Modena,Nero,exterior color: Giallo Modena; interior color: Nero; Ferrari Approved certified
2026-09-15,F8,spider,2022,619091,2491,USD,"Greensboro, USA",dealer,2022 Ferrari F8 Spider,https://preowned.ferrari.com/en-US/a/north-america/used-ferrari/usa/ferrari-of-greensboro/f8-spider/IljixbcgVnJGsKsQfDGsrrhIlYLti%2F2krhZFS6Yq94PmGOUhi0Bgz%2BG76BZSv%2ByvuIYTFSXJ%2FxVCxkH%2BsP33Ahu37ulnJH8abjWGFbdNEg%3D%3D,Ferrari Approved (preowned.ferrari.com),ZFF93LMA6N0278784 / HCF6012A,Bianco Avus,Rosso Ferrari,exterior color: Bianco Avus; interior color: Rosso Ferrari; Ferrari Approved certified
2026-09-15,F8,spider,2022,619990,3698,USD,"Newport Beach, USA",dealer,2022 Ferrari F8 Spider,https://preowned.ferrari.com/en-US/a/north-america/used-ferrari/usa/ferrari-of-newport-beach/f8-spider/IljixbcgVnJGsKsQfDGsrrM4c%2BhNt%2B%2FQuzqk%2FRXcGKzl3mQLBmDPuu3yyW8eqtgfuIYTFSXJ%2FxVNxkH%2BsPT3DBu37ulnKnkebDGGFrhLEg%3D%3D,Ferrari Approved (preowned.ferrari.com),ZFF93LMA9N0271764 / NB5831P,Rosso Fiorano,Nero,exterior color: Rosso Fiorano; interior color: Nero; Ferrari Approved certified
2026-09-15,F8,spider,2022,619996,3913,USD,"Charlotte, North Carolina, USA",dealer,2022 Ferrari F8 Spider,https://www.classic.com/veh/2022-ferrari-f8-spider-zff93lma5n0276475-pE79GDn/,Classic.com,ZFF93LMA5N0276475,White,Black,Classic.com asterisk asking; 3k mi displayed; mileage blank (rounded Nk mi); fixed-price; seller:McLaren Charlotte
2026-09-15,F8,spider,2022,619996,1838,USD,"Charlotte, North Carolina, USA",dealer,2022 Ferrari F8 Spider,https://www.dupontregistry.com/autos/listing/622421,dupontregistry,ZFF93LMA7N0279782 / N0279782,Other,Black,duPont REGISTRY SRP initialDataCars; stock:N0279782; exterior color: Other; interior color: Black
2026-09-15,F8,spider,2022,629900,2877,USD,"Phoenix, USA",dealer,2022 Ferrari F8 Spider,https://preowned.ferrari.com/en-US/a/north-america/used-ferrari/usa/scottsdale-ferrari/f8-spider/IljixbcgVnJGsKsQfDGsrgzq2wYE24g7CJ7ir6Pf5WNg%2BFigd7XvDOjtl6npx5YluIYTFSXJ%2FxVDxkH%2Bv%2FTwCh637ulnK3wcbD%2BDHbxLEg%3D%3D,Ferrari Approved (preowned.ferrari.com),ZFF93LMA7N0281001 / CONSBGF8,Giallo Modena,Charcoal,exterior color: Giallo Modena; interior color: Charcoal
2026-09-15,F8,spider,2022,638895,3339,USD,"West Palm Beach, USA",dealer,2022 Ferrari F8 Spider,https://preowned.ferrari.com/en-US/a/north-america/used-ferrari/usa/ferrari-of-palm-beach/f8-spider/IljixbcgVnJGsKsQfDGsruXYoaBJtiFAvLCJXyNhTeHCnNBEQzjvcCJq7pwr89BmuIYTFSXJ%2FxVCxkH%2Bv%2FX4Ax637ulnL3QXYDSFEbtOGQ%3D%3D,Ferrari Approved (preowned.ferrari.com),ZFF93LMA6N0280891 / PF1283,Grigio Silverstone,Rosso Ferrari,exterior color: Grigio Silverstone; interior color: Rosso Ferrari; Ferrari Approved certified
2026-09-15,F8,spider,2022,639615,2816,USD,"St Louis, USA",dealer,2022 Ferrari F8 Spider,https://preowned.ferrari.com/en-US/a/north-america/used-ferrari/usa/cavallino-rosso-st-louis/f8-spider/IljixbcgVnJGsKsQfDGsrgkXI1P7ZKqqa1SzysbAbILWDZRAuk8NucdfpfKso%2FVTuIYTFSXJ%2FxVBxkH%2BsPb2Ax%2B37ulnKnUcYTGEEL1LEA%3D%3D,Ferrari Approved (preowned.ferrari.com),ZFF93LMA5N0273690 / CPN0273690,Bianco Cervino,Nero,exterior color: Bianco Cervino; interior color: Nero; Ferrari Approved certified
2026-09-15,F8,spider,2022,639885,2718,USD,"Edison, USA",dealer,2022 Ferrari F8 Spider,https://preowned.ferrari.com/en-US/a/north-america/used-ferrari/usa/ferrari-of-central-new-jersey/f8-spider/IljixbcgVnJGsKsQfDGsri%2B4HheFpZRfrbPkHHtzB3Iw5ojI0G5VTF3jto9ok%2FOyuIYTFSXJ%2FxVGxkH%2BsPD3DR%2B37ulnJX0eajSMErlMGA%3D%3D,Ferrari Approved (preowned.ferrari.com),ZFF93LMA2N0275770 / F0275770T,Giallo Modena,Nero,exterior color: Giallo Modena; interior color: Nero
2026-09-15,F8,spider,2022,641689,1091,USD,"West Palm Beach, FL",dealer,Certified 2022 Ferrari F8 Spider,https://www.cars.com/vehicledetail/8e98415e-4161-46e9-836e-562a1ce8c4ee/,Cars.com,ZFF93LMA4N0276967,red,,Cars.com data-vehicle-details; seller:Ferrari of Palm Beach; zip:33409; exterior color: red
2026-09-15,F8,spider,2022,643895,2010,USD,"West Palm Beach, USA",dealer,2022 Ferrari F8 Spider,https://preowned.ferrari.com/en-US/a/north-america/used-ferrari/usa/ferrari-of-palm-beach/f8-spider/IljixbcgVnJGsKsQfDGsrm5bR0Za8D%2B%2FsA9wGUUBkrXsphz%2FNeuEKMpV3NqqYheTuIYTFSXJ%2FxVHxkH%2BsPzwChu37ulnJHkXYDeBHLhJEg%3D%3D,Ferrari Approved (preowned.ferrari.com),ZFF93LMA3N0279004 / PF1288,Giallo Modena,Nero,exterior color: Giallo Modena; interior color: Nero; Ferrari Approved certified
2026-09-15,F8,spider,2022,644890,8875,USD,"St Louis, USA",dealer,2022 Ferrari F8 Spider,https://preowned.ferrari.com/en-US/a/north-america/used-ferrari/usa/cavallino-rosso-st-louis/f8-spider/IljixbcgVnJGsKsQfDGsrmOlRCHOTomLULuNHvK9mX6VL8NFBjCKNyW%2FyFBCkc2ZuIYTFSXJ%2FxVMxkH%2BsPT0CRy37ulnJX8baDCBF7tIFg%3D%3D,Ferrari Approved (preowned.ferrari.com),ZFF93LMA8N0271433 / CTN0271433,Grigio Silverstone,Charcoal,exterior color: Grigio Silverstone; interior color: Charcoal; Ferrari Approved certified
2026-09-15,F8,spider,2022,649900,,USD,"Norwood, Massachusetts, USA",dealer,2022 Ferrari F8 Spider,https://www.classic.com/veh/2022-ferrari-f8-spider-zff93lma1n0275842-nXwz014/,Classic.com,ZFF93LMA1N0275842,,,Classic.com asterisk asking; 9k mi displayed; mileage blank (rounded Nk mi); fixed-price; seller:Boch Exotics
2026-09-15,F8,spider,2022,649990,6452,USD,"Houston, USA",dealer,2022 Ferrari F8 Spider,https://preowned.ferrari.com/en-US/a/north-america/used-ferrari/usa/ferrari-of-houston/f8-spider/IljixbcgVnJGsKsQfDGsrlaAtpeQgcpi0CWyPfcYBr6JRasALZZGI0OiVEqTKrxpuIYTFSXJ%2FxVCxkH%2BsPT3DR637ulnJH4caDSGErdGFw%3D%3D,Ferrari Approved (preowned.ferrari.com),ZFF93LMA6N0271771 / N0271771A,Verde British,Cuoio,exterior color: Verde British; interior color: Cuoio; Ferrari Approved certified
2026-09-15,F8,spider,2022,649995,9190,USD,"Spider Base Gulf Coast Motorworks Bonita Springs, FL",dealer,Used 2022 Ferrari F8 Spider Base,https://www.cars.com/vehicledetail/2f586f08-a61b-40b1-9e67-a0e05813d707/,Cars.com,ZFF93LMA6N0270376,gray,,Cars.com data-vehicle-details; seller:Gulf Coast Motorworks; zip:34134; trim:Base; exterior color: gray
2026-09-15,F8,spider,2022,649999,4920,USD,"New York, New York, USA",dealer,2022 Ferrari F8 Spider,https://www.classic.com/veh/2022-ferrari-f8-spider-zff93lma7n0280866-nXgy6b4/,Classic.com,ZFF93LMA7N0280866,Silver,Blue,Classic.com asterisk asking; 4k mi displayed; mileage blank (rounded Nk mi); fixed-price; seller:Status Auto Group
2026-09-15,F8,spider,2022,650080,3122,USD,"Austin, USA",dealer,2022 Ferrari F8 Spider,https://preowned.ferrari.com/en-US/a/north-america/used-ferrari/usa/ferrari-of-austin/f8-spider/IljixbcgVnJGsKsQfDGsricNoSQHta8BZeSb0H332i%2FFeprl6oSfhqJPhfgQg6PluIYTFSXJ%2FxVGxkH%2BsPLyCR%2B37ulnK3UebzCBEbZGEA%3D%3D,Ferrari Approved (preowned.ferrari.com),ZFF93LMA2N0277230 / 262077P,Bianco Avus,Nero,exterior color: Bianco Avus; interior color: Nero
2026-09-15,F8,spider,2022,651449,4277,USD,"Plano, USA",dealer,2022 Ferrari F8 Spider,https://preowned.ferrari.com/en-US/a/north-america/used-ferrari/usa/ferrari-dallas/f8-spider/IljixbcgVnJGsKsQfDGsrs%2BttIghyqXS8kQXBX4N1YFNjikq0m%2FXwdn%2BMDAM%2BmHBuIYTFSXJ%2FxVBxkH%2Bv%2FX5DRi37ulnK34abjSNF7tKFQ%3D%3D,Ferrari Approved (preowned.ferrari.com),ZFF93LMA5N0280977 / P0280977,Nero,Nero,exterior color: Nero; interior color: Nero; Ferrari Approved certified
2026-09-15,F8,spider,2022,655912,3743,USD,"Plano, USA",dealer,2022 Ferrari F8 Spider,https://preowned.ferrari.com/en-US/a/north-america/used-ferrari/usa/ferrari-dallas/f8-spider/IljixbcgVnJGsKsQfDGsrpdbxxsWaACl%2FIMQ0PRjnay6Z4KQULuJkCcBM6ekcVlOuIYTFSXJ%2FxVDxkH%2BsPHxDRm37ulnK3sbajWAErxNEQ%3D%3D,Ferrari Approved (preowned.ferrari.com),ZFF93LMA7N0274176 / P0274176,Nero,Nero,exterior color: Nero; interior color: Nero; Ferrari Approved certified
2026-09-15,F8,spider,2022,657995,4792,USD,"Naples, USA",dealer,2022 Ferrari F8 Spider,https://preowned.ferrari.com/en-US/a/north-america/used-ferrari/usa/ferrari-of-naples/f8-spider/IljixbcgVnJGsKsQfDGsroLrf1Mmhb2F5ctGU%2BaUo7UgUrZvPwUeywsm5T5uyIqZuIYTFSXJ%2FxVGxkH%2BsPHyDhm37ulnKnUcYTGBHLZMFQ%3D%3D,Ferrari Approved (preowned.ferrari.com),ZFF93LMA2N0274246 / CN1280A,Grigio Silverstone,Cuoio,exterior color: Grigio Silverstone; interior color: Cuoio
2026-09-15,F8,spider,2022,658573,,USD,"Carrollton, Texas, USA",dealer,2022 Ferrari F8 Spider,https://www.classic.com/veh/2022-ferrari-f8-spider-zff93lma9n0271425-n8kRE14/,Classic.com,ZFF93LMA9N0271425,,,Classic.com asterisk asking; 3k mi displayed; mileage blank (rounded Nk mi); fixed-price; seller:Earth MotorCars
2026-09-15,F8,spider,2022,659900,2255,USD,"Torrance, USA",dealer,2022 Ferrari F8 Spider,https://preowned.ferrari.com/en-US/a/north-america/used-ferrari/usa/ferrari-south-bay/f8-spider/IljixbcgVnJGsKsQfDGsro8hJGEG5bW48AS3sFKrXnxXjnobz1FYswYKS7LSZZCDuIYTFSXJ%2FxVBxkH%2Bv%2Ff4Dhy37ulnJHgXYD%2BNF71GFQ%3D%3D,Ferrari Approved (preowned.ferrari.com),ZFF93LMA5N0282843 / 282843,Argento Nurburgring,Nero,exterior color: Argento Nurburgring; interior color: Nero
2026-09-15,F8,spider,2022,669895,6412,USD,"Orlando, USA",dealer,2022 Ferrari F8 Spider,https://preowned.ferrari.com/en-US/a/north-america/used-ferrari/usa/ferrari-central-florida/f8-spider/IljixbcgVnJGsKsQfDGsrpQvPRrdJ%2BRiBKcuGpz%2B%2FnedlUqvf3eb4fQkL6btIjnTuIYTFSXJ%2FxVDxkH%2Bv%2FTyDRy37ulnKXUZbT%2BFFrxLGQ%3D%3D,Ferrari Approved (preowned.ferrari.com),ZFF93LMA7N0281273 / C281273,Rosso Corsa,Rosso Ferrari,exterior color: Rosso Corsa; interior color: Rosso Ferrari
2026-09-15,F8,spider,2022,669990,4166,USD,"Highlands Ranch, USA",dealer,2022 Ferrari F8 Spider,https://preowned.ferrari.com/en-US/a/north-america/used-ferrari/usa/ferrari-of-denver/f8-spider/IljixbcgVnJGsKsQfDGsrlqIWWjPQNbSL0itywSWQLUNVbX0RXw%2Fzc5xwbCWUFAFuIYTFSXJ%2FxVAxkH%2BsPb3CBe37ulnKXQabjKNE7pKFQ%3D%3D,Ferrari Approved (preowned.ferrari.com),ZFF93LMA4N0273728 / N0273728P,Bianco Avus,Nero,exterior color: Bianco Avus; interior color: Nero; Ferrari Approved certified
2026-09-15,F8,spider,2022,673471,853,USD,"Naples, FL",dealer,Used 2022 Ferrari F8 Spider,https://www.cars.com/vehicledetail/157ded3b-0bd1-4019-b3c1-5027d5809c82/,Cars.com,ZFF93LMA7N0277157,red,,Cars.com data-vehicle-details; seller:Lamborghini Naples; zip:34113; exterior color: red
2026-09-15,F8,spider,2022,674865,12515,USD,"Salt Lake City, USA",dealer,2022 Ferrari F8 Spider,https://preowned.ferrari.com/en-US/a/north-america/used-ferrari/usa/ferrari-of-salt-lake-city/f8-spider/IljixbcgVnJGsKsQfDGsrjSbr0RQqAAIZGOyGpGWvyMPNlSRZzA%2BuCmC3BOzaalhuIYTFSXJ%2FxUsxkH%2BsPbwCBy37ulnJH8aaD%2BFELtKFQ%3D%3D,Ferrari Approved (preowned.ferrari.com),ZFF93LMAXN0273023 / N0273023W,Blu Corsa,Nero,exterior color: Blu Corsa; interior color: Nero
2026-09-15,F8,spider,2022,674995,6300,USD,"San Antonio BEXAR, USA",dealer,2022 Ferrari F8 Spider,https://preowned.ferrari.com/en-US/a/north-america/used-ferrari/usa/ferrari-of-san-antonio/f8-spider/IljixbcgVnJGsKsQfDGsroZIyXVoADKBIPqncS4q3hkSWSJabgcv8jXLH%2FeDva5kuIYTFSXJ%2FxVDxkH%2BsPT0CBu37ulnK34faTSCFbhPEg%3D%3D,Ferrari Approved (preowned.ferrari.com),ZFF93LMA7N0271424 / N0271424P,Giallo Modena,Nero,exterior color: Giallo Modena; interior color: Nero; Ferrari Approved certified
2026-09-15,F8,spider,2022,678836,3349,USD,"Salt Lake City, USA",dealer,2022 Ferrari F8 Spider,https://preowned.ferrari.com/en-US/a/north-america/used-ferrari/usa/ferrari-of-salt-lake-city/f8-spider/IljixbcgVnJGsKsQfDGsroA4%2BvA0hY6X0qB5FH23cDFyN0T5fH6QGRlBLfQA08YvuIYTFSXJ%2FxVDxkH%2BsPH2Axu37ulnJHgWaj%2BEEbdGEw%3D%3D,Ferrari Approved (preowned.ferrari.com),ZFF93LMA7N0274694 / N0274694W,Canna di Fucile,Charcoal,exterior color: Canna di Fucile; interior color: Charcoal
2026-09-15,F8,spider,2022,679000,,USD,"Costa Mesa, California, USA",dealer,2022 Ferrari F8 Spider,https://www.classic.com/veh/2022-ferrari-f8-spider-zff93lma6n0269955-pJdRagn/,Classic.com,ZFF93LMA6N0269955,,,Classic.com asterisk asking; 6k mi displayed; mileage blank (rounded Nk mi); fixed-price; seller:iLusso Costa Mesa
2026-09-15,F8,spider,2022,679890,3237,USD,"St Louis, USA",dealer,2022 Ferrari F8 Spider,https://preowned.ferrari.com/en-US/a/north-america/used-ferrari/usa/cavallino-rosso-st-louis/f8-spider/IljixbcgVnJGsKsQfDGsrqD%2BJB2VtGiag96DJ0R5SvTiDsNI8kVS5e305P4RM9btuIYTFSXJ%2FxVCxkH%2Bv%2Fb1CRy37ulnJX8baDCBELpGEA%3D%3D,Ferrari Approved (preowned.ferrari.com),ZFF93LMA6N0283533 / CPN0283533,Bianco Cervino,Pelle Bianca,exterior color: Bianco Cervino; interior color: Pelle Bianca; Ferrari Approved certified
2026-09-15,F8,spider,2022,679990,3350,USD,"Houston, USA",dealer,2022 Ferrari F8 Spider,https://preowned.ferrari.com/en-US/a/north-america/used-ferrari/usa/ferrari-of-houston/f8-spider/IljixbcgVnJGsKsQfDGsrjlDp5G3YDCX78g9S2pHBSU0Q6WhHbZ%2B1XPn2Exy42vcuIYTFSXJ%2FxVCxkH%2BsPTxDR237ulnK34XbTaNFbhLEg%3D%3D,Ferrari Approved (preowned.ferrari.com),ZFF93LMA6N0271172 / PN0271172,Bianco Avus,Nero,exterior color: Bianco Avus; interior color: Nero; Ferrari Approved certified
2026-09-15,F8,spider,2022,684900,4091,USD,"Coral Gables, USA",dealer,2022 Ferrari F8 Spider,https://preowned.ferrari.com/en-US/a/north-america/used-ferrari/usa/the-collection/f8-spider/IljixbcgVnJGsKsQfDGsrjSNS6DOT1CjFaoO5C7m0VviFmWiagE9dwOM4jnDtsaNuIYTFSXJ%2FxVFxkH%2BsPfwDx237ulnKnwWaDeNFrlOEA%3D%3D,Ferrari Approved (preowned.ferrari.com),ZFF93LMA1N0272052 / N0272052P,Rosso Corsa,Nero,exterior color: Rosso Corsa; interior color: Nero; Ferrari Approved certified
2026-09-15,F8,spider,2022,689795,5642,USD,"Spring Valley Rockland County New York, USA",dealer,2022 Ferrari F8 Spider,https://preowned.ferrari.com/en-US/a/north-america/used-ferrari/usa/wide-world-ferrari/f8-spider/IljixbcgVnJGsKsQfDGsrtwWj%2FOHyuhQV3bxYE8hM%2BctU0ISSh3O2iqxyiG7PdeZuIYTFSXJ%2FxVDxkH%2Bv%2FXzCB%2B37ulnJHgdajWBHbZIFA%3D%3D,Ferrari Approved (preowned.ferrari.com),ZFF93LMA7N0280320 / FM4627,Nero,Charcoal,exterior color: Nero; interior color: Charcoal; Ferrari Approved certified
2026-09-15,F8,spider,2022,698070,1582,USD,"Houston, USA",dealer,2022 Ferrari F8 Spider,https://preowned.ferrari.com/en-US/a/north-america/used-ferrari/usa/ferrari-of-houston/f8-spider/IljixbcgVnJGsKsQfDGsriBLwgBvx%2Btl6rsE13l6x2zZIANFrWQKdbG1r4vtNI6%2BuIYTFSXJ%2FxVGxkH%2Bv%2Ff2DR637ulnKHoXaDWEF79HEg%3D%3D,Ferrari Approved (preowned.ferrari.com),ZFF93LMA2N0282671 / ZN0282671,Nero Daytona,Nero,exterior color: Nero Daytona; interior color: Nero; Ferrari Approved certified
2026-09-15,F8,spider,2022,698835,1657,USD,"Salt Lake City, USA",dealer,2022 Ferrari F8 Spider,https://preowned.ferrari.com/en-US/a/north-america/used-ferrari/usa/ferrari-of-salt-lake-city/f8-spider/IljixbcgVnJGsKsQfDGsrk8Ntk0bHUNyflZrhQluAcmd8Ifh4nGMdu49cInBR07OuIYTFSXJ%2FxVGxkH%2BsP30CBm37ulnJHgWaj%2BEEb5IEg%3D%3D,Ferrari Approved (preowned.ferrari.com),ZFF93LMA2N0278426 / N0278426W,Nero Daytona,Nero,exterior color: Nero Daytona; interior color: Nero
2026-09-15,F8,spider,2022,699000,588,USD,"Thousand Oaks, USA",dealer,2022 Ferrari F8 Spider,https://preowned.ferrari.com/en-US/a/north-america/used-ferrari/usa/ferrari-westlake/f8-spider/IljixbcgVnJGsKsQfDGsrrYK8nOl1E3Rz4FryTOl8dXMNIccTLJuQdVonNhvjrzhuIYTFSXJ%2FxUsxkH%2BsPf3Dxa37ulnJX0eaDWCHbtGEw%3D%3D,Ferrari Approved (preowned.ferrari.com),ZFF93LMAXN0272759 / 272759,Nero,Nero,exterior color: Nero; interior color: Nero
2026-09-15,F8,spider,2022,700125,5938,USD,"Plano, USA",dealer,2022 Ferrari F8 Spider,https://preowned.ferrari.com/en-US/a/north-america/used-ferrari/usa/ferrari-dallas/f8-spider/IljixbcgVnJGsKsQfDGsrvk4XOheSgzOrX%2Fl%2F0Ozp2hplZ9jov290M010L43rskJuIYTFSXJ%2FxVCxkH%2BsPX2DR%2B37ulnKHQXbDOCEb1MEw%3D%3D,Ferrari Approved (preowned.ferrari.com),ZFF93LMA6N0270670 / Z0270670,Rosso Corsa,Nero,exterior color: Rosso Corsa; interior color: Nero; Ferrari Approved certified
2026-09-15,F8,spider,2022,739900,1649,USD,"Fort Lauderdale, USA",dealer,2022 Ferrari F8 Spider,https://preowned.ferrari.com/en-US/a/north-america/used-ferrari/usa/ferrari-of-fort-lauderdale/f8-spider/IljixbcgVnJGsKsQfDGsrlILYbJCfQ%2B%2BENGURObxu%2BvHCgoyNnLUiNkMuf39ccuDuIYTFSXJ%2FxVAxkH%2BsPf4Chm37ulnKHodbjKFHLlOGA%3D%3D,Ferrari Approved (preowned.ferrari.com),ZFF93LMA4N0272806 / FC2809,Giallo Triplo Strato,Nero,exterior color: Giallo Triplo Strato; interior color: Nero; Ferrari Approved certified
2026-09-15,F8,spider,2022,739995,13062,USD,"Spider Tailor Made TBTFW Beverly Hills, CA",dealer,Used 2022 Ferrari F8 Spider Tailor Made,https://www.cars.com/vehicledetail/be2797d2-45dd-4490-90b3-848b0bb4ce95/,Cars.com,ZFF93LMA1N0280023,,,Cars.com data-vehicle-details; seller:TBTFW; zip:90212; trim:Tailor Made
2026-09-15,F8,spider,2022,749950,,USD,"Van Nuys, California, USA",dealer,2022 Ferrari F8 Spider,https://www.classic.com/veh/2022-ferrari-f8-spider-zff93lma7n0271164-4V7RK5n/,Classic.com,ZFF93LMA7N0271164,,,Classic.com asterisk asking; 2k mi displayed; mileage blank (rounded Nk mi); fixed-price; seller:Land Rover Van Nuys
2026-09-15,F8,spider,2023,629996,17777,USD,"Charlotte, North Carolina, USA",dealer,2023 Ferrari F8 Spider,https://www.classic.com/veh/2023-ferrari-f8-spider-zff93lma4p0290161-nQMrEZn/,Classic.com,ZFF93LMA4P0290161,White,Brown,Classic.com asterisk asking; 17k mi displayed; mileage blank (rounded Nk mi); fixed-price; seller:McLaren Charlotte
2026-09-15,F8,spider,2023,630035,,USD,"Carrollton, Texas, USA",dealer,2023 Ferrari F8 Spider,https://www.classic.com/veh/2023-ferrari-f8-spider-zff93lma2p0294614-WNAlgPn/,Classic.com,ZFF93LMA2P0294614,,,Classic.com asterisk asking; 3k mi displayed; mileage blank (rounded Nk mi); fixed-price; seller:One Legacy Motors
2026-09-15,F8,spider,2023,639888,,USD,"Bakersfield, California, USA",dealer,2023 Ferrari F8 Spider,https://www.classic.com/veh/2023-ferrari-f8-spider-zff93lma7p0289618-nKzQj74/,Classic.com,ZFF93LMA7P0289618,,,Classic.com asterisk asking; 6k mi displayed; mileage blank (rounded Nk mi); fixed-price; seller:Porsche Bakersfield
2026-09-15,F8,spider,2023,659989,4980,USD,"Johnson Creek, WI",dealer,Used 2023 Ferrari F8 Spider,https://www.cars.com/vehicledetail/807e7d09-9a26-473f-9db5-8da014e01b47/,Cars.com,ZFF93LMA6P0292929,red,,Cars.com data-vehicle-details; seller:Kearns Motor Car Co.; zip:53038; exterior color: red
2026-09-15,F8,spider,2023,674985,11108,USD,"Palm Harbor, USA",dealer,2023 Ferrari F8 Spider,https://preowned.ferrari.com/en-US/a/north-america/used-ferrari/usa/ferrari-of-tampa-bay/f8-spider/IljixbcgVnJGsKsQfDGsrmbktmf56NzmdCUpP%2FwtRznmHokY8IOsXiwLsrLDkcpQuIYTFSXJ%2FxVH2EH%2BvvX2Chq37ulnJX4XYDeEHLdPFg%3D%3D,Ferrari Approved (preowned.ferrari.com),ZFF93LMA3P0290605 / T290605A,Giallo Modena,Nero,exterior color: Giallo Modena; interior color: Nero
2026-09-15,F8,spider,2023,679912,,USD,"West Chicago, Illinois, USA",dealer,2023 Ferrari F8 Spider,https://www.classic.com/veh/2023-ferrari-f8-spider-zff93lmaxp0289659-W9wPwj4/,Classic.com,ZFF93LMAXP0289659,,,Classic.com asterisk asking; 9k mi displayed; mileage blank (rounded Nk mi); fixed-price; seller:Chicago Motor Cars
2026-09-15,F8,spider,2023,679995,979,USD,"Spider Base Gulf Coast Motorworks Bonita Springs, FL",dealer,Used 2023 Ferrari F8 Spider Base,https://www.cars.com/vehicledetail/84729058-0f6b-4ba7-8367-26aa49d31bfa/,Cars.com,ZFF93LMA1P0290361,red,,Cars.com data-vehicle-details; seller:Gulf Coast Motorworks; zip:34134; trim:Base; exterior color: red
2026-09-15,F8,spider,2023,684180,4219,USD,"Plano, USA",dealer,2023 Ferrari F8 Spider,https://preowned.ferrari.com/en-US/a/north-america/used-ferrari/usa/ferrari-dallas/f8-spider/IljixbcgVnJGsKsQfDGsrm%2F9cxij8LplbWWEAIM6058Nci0XS0RSebU2QurLIR69uIYTFSXJ%2FxUs2EH%2BvvfyDh%2B37ulnK34daTKDFbpNFA%3D%3D,Ferrari Approved (preowned.ferrari.com),ZFF93LMAXP0292240 / P0292240,Rosso Corsa,Nero,exterior color: Rosso Corsa; interior color: Nero; Ferrari Approved certified
2026-09-15,F8,spider,2023,689995,7500,USD,"Orlando, Florida, USA",dealer,2023 Ferrari F8 Spider,https://www.classic.com/veh/2023-ferrari-f8-spider-zff93lma6p0293059-nwkevYn/,Classic.com,ZFF93LMA6P0293059,red,,Classic.com asterisk asking; 7k mi displayed; mileage blank (rounded Nk mi); fixed-price; seller:Exotic Knights
2026-09-15,F8,spider,2023,690125,4507,USD,"Plano, USA",dealer,2023 Ferrari F8 Spider,https://preowned.ferrari.com/en-US/a/north-america/used-ferrari/usa/ferrari-dallas/f8-spider/IljixbcgVnJGsKsQfDGsroZkO9RmB3S49kKIkykMfgy1tgw%2BaDZFnheaf1sQOtBuuIYTFSXJ%2FxVG2EH%2BvvT4Cha37ulnK34XbTeEEbtIEA%3D%3D,Ferrari Approved (preowned.ferrari.com),ZFF93LMA2P0291809 / Z0291809,Blu Pozzi,Nero,exterior color: Blu Pozzi; interior color: Nero; Ferrari Approved certified
2026-09-15,F8,spider,2023,699000,3131,USD,"Boca Raton, USA",dealer,2023 Ferrari F8 Spider,https://preowned.ferrari.com/en-US/a/north-america/used-ferrari/usa/ferrari-of-boca-raton/f8-spider/IljixbcgVnJGsKsQfDGsrsCt6gIIc1h0LLBKa5ZWyrA0NMVX4CvQT1%2FLdn586y%2BOuIYTFSXJ%2FxUs2EH%2BvvX5Ahi37ulnJX0cYTGDFL1NFw%3D%3D,Ferrari Approved (preowned.ferrari.com),ZFF93LMAXP0290987 / BP1087,Rosso Portofino,Nero,exterior color: Rosso Portofino; interior color: Nero; Ferrari Approved certified
2026-09-15,F8,spider,2023,699912,3120,USD,"West Chicago, Illinois, USA",dealer,2023 Ferrari F8 Spider,https://www.classic.com/veh/2023-ferrari-f8-spider-zff93lma8p0289661-4oDdmJn/,Classic.com,ZFF93LMA8P0289661,White,Red,Classic.com asterisk asking; 3k mi displayed; mileage blank (rounded Nk mi); fixed-price; seller:Chicago Motor Cars
2026-09-15,F8,spider,2023,699989,3196,USD,"Johnson Creek, WI",dealer,Used 2023 Ferrari F8 Spider Base,https://www.cars.com/vehicledetail/7b4d8219-0b66-4d8e-b8d5-8432c16a1ae1/,Cars.com,ZFF93LMA2P0296329,gray,,Cars.com data-vehicle-details; seller:Kearns Motor Car Co.; zip:53038; trim:Base; exterior color: gray
2026-09-15,F8,spider,2023,701190,,USD,"Ashburn, Virginia, USA",dealer,2023 Ferrari F8 Spider,https://www.classic.com/veh/2023-ferrari-f8-spider-zff93lma8p0292379-p0eGO34/,Classic.com,ZFF93LMA8P0292379,,,Classic.com asterisk asking; 4k mi displayed; mileage blank (rounded Nk mi); fixed-price; seller:Exclusive Automotive Group
2026-09-15,F8,spider,2023,709000,3911,USD,"Boca Raton, USA",dealer,2023 Ferrari F8 Spider,https://preowned.ferrari.com/en-US/a/north-america/used-ferrari/usa/ferrari-of-boca-raton/f8-spider/IljixbcgVnJGsKsQfDGsrqTXC7ub%2BbeVGbzx905V%2BwXN2Y5PVwuGDAhctmZ%2FoCdKuIYTFSXJ%2FxVH2EH%2Bvvf4DR237ulnJX0cYTGDFr1GFg%3D%3D,Ferrari Approved (preowned.ferrari.com),ZFF93LMA3P0292872 / BP1092,Blu Elettrico 2020,Terra Bruciata,exterior color: Blu Elettrico 2020; interior color: Terra Bruciata; Ferrari Approved certified
2026-09-15,F8,spider,2023,709000,2584,USD,"Fort Lauderdale, USA",dealer,2023 Ferrari F8 Spider,https://preowned.ferrari.com/en-US/a/north-america/used-ferrari/usa/ferrari-of-fort-lauderdale/f8-spider/IljixbcgVnJGsKsQfDGsrjJ4cpYbi5I1aCRGwj2SPB7wr9UoRYV4ZTCX5pl2YM12uIYTFSXJ%2FxVC2EH%2BvvTyDBy37ulnKHoaaT6NFLlOEA%3D%3D,Ferrari Approved (preowned.ferrari.com),ZFF93LMA6P0291263 / FP7422,Blu Mirabeau,Nero,exterior color: Blu Mirabeau; interior color: Nero; Ferrari Approved certified
2026-09-15,F8,spider,2023,709999,,USD,"Costa Mesa, California, USA",dealer,2023 Ferrari F8 Spider,https://www.classic.com/veh/2023-ferrari-f8-spider-zff93lma2p0291941-nObAog4/,Classic.com,ZFF93LMA2P0291941,,,Classic.com asterisk asking; 2k mi displayed; mileage blank (rounded Nk mi); fixed-price; seller:Eurocar Inc.
2026-09-15,F8,spider,2023,710595,3170,USD,"Phoenix, USA",dealer,2023 Ferrari F8 Spider,https://preowned.ferrari.com/en-US/a/north-america/used-ferrari/usa/scottsdale-ferrari/f8-spider/IljixbcgVnJGsKsQfDGsrhRyKip4PEjT6vt3JrduvEgRhoES2hxHMSLPKLktRsgiuIYTFSXJ%2FxVE2EH%2BvvX2DB%2B37ulnJHQdbzCHF7lMFQ%3D%3D,Ferrari Approved (preowned.ferrari.com),ZFF93LMA0P0290660 / F01903B,Bianco Avus,Nero,exterior color: Bianco Avus; interior color: Nero
2026-09-15,F8,spider,2023,717742,2510,USD,"Spring Valley Rockland County New York, USA",dealer,2023 Ferrari F8 Spider,https://preowned.ferrari.com/en-US/a/north-america/used-ferrari/usa/wide-world-ferrari/f8-spider/IljixbcgVnJGsKsQfDGsrs63V1%2BRMdeMETaKO4URIeK1H86QFCJZYiFdeAzr8qRmuIYTFSXJ%2FxVE2EH%2BvvP4Cxq37ulnK38fbDGDEbZLEA%3D%3D,Ferrari Approved (preowned.ferrari.com),ZFF93LMA0P0296815 / FM4599,Bianco Cervino,Pelle Bianca,exterior color: Bianco Cervino; interior color: Pelle Bianca; Ferrari Approved certified
2026-09-15,F8,spider,2023,719900,4301,USD,"Norwood, USA",dealer,2023 Ferrari F8 Spider,https://preowned.ferrari.com/en-US/a/north-america/used-ferrari/usa/ferrari-of-new-england/f8-spider/IljixbcgVnJGsKsQfDGsrrLophGz8zvcAdUlwsJVANiVJrbzZm0KR05ywbN8gfIzuIYTFSXJ%2FxVH2EH%2Bv%2FzxAxu37ulnK3wXbTWCEr9NGQ%3D%3D,Ferrari Approved (preowned.ferrari.com),ZFF93LMA3P0289194 / P32523,Bianco Cervino,Rosso Ferrari,exterior color: Bianco Cervino; interior color: Rosso Ferrari; Ferrari Approved certified
2026-09-15,F8,spider,2023,720000,,USD,"DuPage County, Illinois, USA",dealer,2023 Ferrari F8 Spider,https://www.classic.com/veh/2023-ferrari-f8-spider-zff93lma0p0292246-nBajMm4/,Classic.com,ZFF93LMA0P0292246,,,Classic.com asterisk asking; 1k mi displayed; mileage blank (rounded Nk mi); fixed-price; seller:Continental AutoSports
2026-09-15,F8,spider,2023,724900,645,USD,"Coral Gables, USA",dealer,2023 Ferrari F8 Spider,https://preowned.ferrari.com/en-US/a/north-america/used-ferrari/usa/the-collection/f8-spider/IljixbcgVnJGsKsQfDGsrhNKOsvwCqrJwGdryBwbNyEuTqev8xTNaHu0pxNvv%2BshuIYTFSXJ%2FxVC2EH%2BvvfzCh237ulnKnwXbDGAE79GEQ%3D%3D,Ferrari Approved (preowned.ferrari.com),ZFF93LMA6P0292302 / P0292302P,Nero,Nero,exterior color: Nero; interior color: Nero; Ferrari Approved certified
2026-09-15,F8,spider,2023,729273,,USD,"Carrollton, Texas, USA",dealer,2023 Ferrari F8 Spider,https://www.classic.com/veh/2023-ferrari-f8-spider-zff93lma7p0295998-WYwJq14/,Classic.com,ZFF93LMA7P0295998,,,Classic.com asterisk asking; 2k mi displayed; mileage blank (rounded Nk mi); fixed-price; seller:Earth MotorCars
2026-09-15,F8,spider,2023,729990,4313,USD,"Houston, USA",dealer,2023 Ferrari F8 Spider,https://preowned.ferrari.com/en-US/a/north-america/used-ferrari/usa/ferrari-of-houston/f8-spider/IljixbcgVnJGsKsQfDGsrjHfWFstt1X6eFPtXKvRfo7WA0yA2a1E7PBz3WdGn5cHuIYTFSXJ%2FxVF2EH%2BvvX5Ahe37ulnK3UYbjSNFL1OGA%3D%3D,Ferrari Approved (preowned.ferrari.com),ZFF93LMA1P0290988 / ZP0290988,Grigio Silverstone Opaco,Rosso Ferrari,exterior color: Grigio Silverstone Opaco; interior color: Rosso Ferrari; Ferrari Approved certified
2026-09-15,F8,spider,2023,739995,3580,USD,"Charlotte, USA",dealer,2023 Ferrari F8 Spider,https://preowned.ferrari.com/en-US/a/north-america/used-ferrari/usa/ferrari-of-charlotte/f8-spider/IljixbcgVnJGsKsQfDGsrlDE61j7W7TquZmoXO%2FAwdFUId3pm%2BKnPQAf%2FyCEqD97uIYTFSXJ%2FxVF2EH%2BvvX5DRu37ulnJH8abjSNFLdNEQ%3D%3D,Ferrari Approved (preowned.ferrari.com),ZFF93LMA1P0290974 / PSF18870,Rosso Corsa,Crema,exterior color: Rosso Corsa; interior color: Crema; Ferrari Approved certified
2026-09-15,F8,spider,2023,799990,4100,USD,"Newport Beach, USA",dealer,2023 Ferrari F8 Spider,https://preowned.ferrari.com/en-US/a/north-america/used-ferrari/usa/ferrari-of-newport-beach/f8-spider/IljixbcgVnJGsKsQfDGsrskPrcErF4iGm7tt%2FcLYQgSBBLUJvkXh8bAvneEARE1UuIYTFSXJ%2FxVD2EH%2BvvX0Cxu37ulnJX0faDSMFbdNEQ%3D%3D,Ferrari Approved (preowned.ferrari.com),ZFF93LMA7P0290414 / NB5904,Extra Sample,Nero,exterior color: Extra Sample; interior color: Nero; Ferrari Approved certified
2026-09-15,458,coupe,2010,404000,,USD,"Sarasota, Florida, USA",dealer,2010 Ferrari 458 Italia,https://www.classic.com/veh/2010-ferrari-458-italia-zff67nfa6a0175309-nBaNzN4/,Classic.com,ZFF67NFA6A0175309,,,Classic.com asterisk asking; 458 Italia→coupe; 458 filter: rounded 9k mi unknown-but-likely-low (<15k threshold); 9k mi displayed; mileage blank (rounded Nk mi); fixed-price; seller:The Consignment Club
2026-09-15,458,coupe,2010,417900,11530,USD,"Norwood, USA",dealer,2010 Ferrari 458 Italia,https://preowned.ferrari.com/en-US/a/north-america/used-ferrari/usa/ferrari-of-new-england/458-italia/IljixbcgVnJGsKsQfDGsrk96y0uADRSlmE0pjUn1rdSJw2SSpKYiXaF8tkY47cpDuIYTGiHL9BVHyUH9sPH4CR637ulnLXgXbTCHEL9IEA%3D%3D,Ferrari Approved (preowned.ferrari.com),ZFF67NFA3A0174831 / P32493,Rosso Corsa,Beige,exterior color: Rosso Corsa; interior color: Beige
2026-09-15,458,coupe,2010,429900,8284,USD,"Lake Bluff, USA",dealer,2010 Ferrari 458 Italia,https://preowned.ferrari.com/en-US/a/north-america/used-ferrari/usa/ferrari-lake-forest/458-italia/IljixbcgVnJGsKsQfDGsruGuykVHviSrhsCINiYgD2rfozAGM%2FnkODvSdh%2F86tWVuIYTGiHL9BVEyUH9sPDzDxu37ulnK34WbDOFHbdKFw%3D%3D,Ferrari Approved (preowned.ferrari.com),ZFF67NFA0A0175354 / 175354,Rosso Corsa,Beige,exterior color: Rosso Corsa; interior color: Beige
2026-09-15,458,coupe,2010,459900,4922,USD,"Norwood, USA",dealer,2010 Ferrari 458 Italia,https://preowned.ferrari.com/en-US/a/north-america/used-ferrari/usa/ferrari-of-new-england/458-italia/IljixbcgVnJGsKsQfDGsrnW3navF2cWmFbLAc857CHJxpIzp3C7VbbpJ7wqLh5lvuIYTGiHL9BVCyUH9sPH4Cx%2B37ulnL3sXYTSAFrhMGA%3D%3D,Ferrari Approved (preowned.ferrari.com),ZFF67NFA6A0174810 / P32509,Nero,Nero,exterior color: Nero; interior color: Nero
2026-09-15,458,coupe,2010,1337888,,USD,"San Luis Obispo, California, USA",dealer,2010 Ferrari 458 Italia,https://www.classic.com/veh/2010-ferrari-458-italia-zff67nfa4a0175079-M4DRJxW/,Classic.com,ZFF67NFA4A0175079,,,Classic.com asterisk asking; 458 Italia→coupe; 458 filter: rounded 4k mi unknown-but-likely-low (<15k threshold); 4k mi displayed; mileage blank (rounded Nk mi); fixed-price; seller:Porsche San Luis Obispo
2026-09-15,458,coupe,2011,339995,,USD,"Zionsville, Indiana, USA",dealer,2011 Ferrari 458 Italia,https://www.classic.com/veh/2011-ferrari-458-italia-zff67nfa5b0180549-pPxq36p/,Classic.com,ZFF67NFA5B0180549,,,Classic.com asterisk asking; 458 Italia→coupe; 458 filter: rounded 13k mi unknown-but-likely-low (<15k threshold); 13k mi displayed; mileage blank (rounded Nk mi); fixed-price; seller:Graham Rahal Performance
2026-09-15,458,coupe,2011,392979,12327,USD,"Scottsdale, AZ",dealer,2011 Ferrari 458,https://www.cargurus.com/details/457286805,CarGurus,ZFF67NFA2B0176278,Yellow,Black,Stock # 176278; trim: Italia Coupe RWD; deal rating: GREAT_PRICE; exterior color: Yellow; interior color: Black
2026-09-15,458,coupe,2011,424800,9841,USD,"Coral Gables, Florida, USA",dealer,2011 Ferrari 458 Italia,https://www.classic.com/veh/2011-ferrari-458-italia-zff67nfa7b0176728-pdxelNp/,Classic.com,ZFF67NFA7B0176728,Red,Brown (Beige),Classic.com asterisk asking; 458 Italia→coupe; 458 filter: rounded 9k mi unknown-but-likely-low (<15k threshold); 9k mi displayed; mileage blank (rounded Nk mi); fixed-price; seller:Formula Sports Cars Miami
2026-09-15,458,coupe,2011,429995,11270,USD,,dealer,2011 Ferrari 458 Italia,https://www.dupontregistry.com/autos/listing/613881,dupontregistry,ZFF67NFA7B0180701 / 3631,Yellow,Black,duPont REGISTRY SRP initialDataCars; stock:3631; exterior color: Yellow; interior color: Black
2026-09-15,458,coupe,2011,449900,,USD,"Norwood, Massachusetts, USA",dealer,2011 Ferrari 458 Italia,https://www.classic.com/veh/2011-ferrari-458-italia-zff67nfa3b0180436-p6qeDLW/,Classic.com,ZFF67NFA3B0180436,,,Classic.com asterisk asking; 458 Italia→coupe; 458 filter: rounded 5k mi unknown-but-likely-low (<15k threshold); 5k mi displayed; mileage blank (rounded Nk mi); fixed-price; seller:Boch Exotics
2026-09-15,458,coupe,2011,459999,7875,USD,"Hinsdale, USA",dealer,2011 Ferrari 458 Italia,https://preowned.ferrari.com/en-US/a/north-america/used-ferrari/usa/continental-autosports/458-italia/IljixbcgVnJGsKsQfDGsrpBXfbv8lTAAXdhTqz0Jj6m8gNh4toznheL%2FonAoEGe7uIYTGiHL9BVAykH9sP3yCx237uloJXofbDSBF7ZOEw%3D%3D,Ferrari Approved (preowned.ferrari.com),ZFF67NFA4B0178212 / 9764,Nero Daytona,Nero,exterior color: Nero Daytona; interior color: Nero
2026-09-15,458,coupe,2011,470195,4649,USD,"Scottsdale, Arizona, USA",dealer,2011 Ferrari 458 Italia,https://www.classic.com/veh/2011-ferrari-458-italia-zff67nfa4b0177707-4yjdoyn/,Classic.com,ZFF67NFA4B0177707,Gray,Brown,Classic.com asterisk asking; 458 Italia→coupe; 458 filter: rounded 4k mi unknown-but-likely-low (<15k threshold); 4k mi displayed; mileage blank (rounded Nk mi); fixed-price; seller:Young Motorcars
2026-09-15,458,coupe,2013,399900,13236,USD,"Las Vegas, Nevada, USA",dealer,2013 Ferrari 458 Italia,https://www.classic.com/veh/2013-ferrari-458-italia-zff68nha0d0191486-4VNAX64/,Classic.com,ZFF68NHA0D0191486,Red,Beige,Classic.com asterisk asking; 458 Italia→coupe; 458 filter: rounded 13k mi unknown-but-likely-low (<15k threshold); 13k mi displayed; mileage blank (rounded Nk mi); fixed-price; seller:Celebrity Cars Las Vegas
2026-09-15,458,coupe,2013,499995,,USD,"Zionsville, Indiana, USA",dealer,2013 Ferrari 458 Italia,https://www.classic.com/veh/2013-ferrari-458-italia-zff67nfa3d0193223-pJdvj7n/,Classic.com,ZFF67NFA3D0193223,,,Classic.com asterisk asking; 458 Italia→coupe; 458 filter: rounded 2k mi unknown-but-likely-low (<15k threshold); 2k mi displayed; mileage blank (rounded Nk mi); fixed-price; seller:Graham Rahal Performance
2026-09-15,458,coupe,2014,330497,7205,USD,"Italia Base The Collezione By THECARWIZ Las Vegas, NV",dealer,Used 2014 Ferrari 458 Italia Base,https://www.cars.com/vehicledetail/39934cbd-9e60-439f-b2c1-959242bf7326/,Cars.com,ZFF67NFA7E0197910,black,Black,Cars.com data-vehicle-details; seller:The Collezione By THECARWIZ; zip:89113; trim:Base; exterior color: black
2026-09-15,458,coupe,2014,399000,,USD,"Boynton Beach, Florida, USA",dealer,2014 Ferrari 458 Italia,https://www.classic.com/veh/2014-ferrari-458-italia-zff67nfa0e0199594-nl3rwX4/,Classic.com,ZFF67NFA0E0199594,,,Classic.com asterisk asking; 458 Italia→coupe; 458 filter: rounded 12k mi unknown-but-likely-low (<15k threshold); 12k mi displayed; mileage blank (rounded Nk mi); fixed-price; seller:iLusso Boynton Beach
2026-09-15,458,coupe,2014,459998,,USD,"Fort Lauderdale, Florida, USA",dealer,"2014 Ferrari 458 Italia Bianco Avus Paint, Fully Bespoke Interior, JBL Professional Audio System AND MUCH MORE!!",https://www.classic.com/veh/2014-ferrari-458-italia-bianco-avus-paint-fully-be-4rvABM4/,Classic.com,,,,Classic.com asterisk asking; 458 Italia→coupe; 458 filter: rounded 7k mi unknown-but-likely-low (<15k threshold); 7k mi displayed; mileage blank (rounded Nk mi); fixed-price; seller:Carrio Motor Cars
2026-09-15,458,coupe,2014,468273,,USD,"Carrollton, Texas, USA",dealer,2014 Ferrari 458 Italia,https://www.classic.com/veh/2014-ferrari-458-italia-zff67nfa6e0196697-nl2V3Jp/,Classic.com,ZFF67NFA6E0196697,,,Classic.com asterisk asking; 458 Italia→coupe; 458 filter: rounded 8k mi unknown-but-likely-low (<15k threshold); 8k mi displayed; mileage blank (rounded Nk mi); fixed-price; seller:Earth MotorCars
2026-09-15,458,coupe,2014,479988,,USD,"Pompano Beach, Florida, USA",dealer,2014 Ferrari 458 Italia,https://www.classic.com/veh/2014-ferrari-458-italia-zff67nfa0e0197862-nKNmyv4/,Classic.com,ZFF67NFA0E0197862,,,Classic.com asterisk asking; 458 Italia→coupe; 458 filter: rounded 9k mi unknown-but-likely-low (<15k threshold); 9k mi displayed; mileage blank (rounded Nk mi); fixed-price; seller:Sienna Motors
2026-09-15,458,coupe,2014,529995,,USD,"Tampa, Florida, USA",dealer,2014 Ferrari 458 Italia,https://www.classic.com/veh/2014-ferrari-458-italia-zff67nfa2e0201300-WN7RXPp/,Classic.com,ZFF67NFA2E0201300,,,Classic.com asterisk asking; 458 Italia→coupe; 458 filter: rounded 3k mi unknown-but-likely-low (<15k threshold); 3k mi displayed; mileage blank (rounded Nk mi); fixed-price; seller:European Exotic Center - Tampa
2026-09-15,458,coupe,2015,474900,7040,USD,"Fort Lauderdale, USA",dealer,2015 Ferrari 458 Italia,https://preowned.ferrari.com/en-US/a/north-america/used-ferrari/usa/ferrari-of-fort-lauderdale/458-italia/IljixbcgVnJGsKsQfDGsrniC5agRmiYia1mMzUrn04R%2FG0hyRcPdhm4Ol1FB2fTEuIYTGiHL9BVDzkH%2BtvXwDhy37ulnL3UbaD%2BEFrpPEA%3D%3D,Ferrari Approved (preowned.ferrari.com),ZFF67NFA7F0210043 / FP7368,Rosso Corsa,Nero,exterior color: Rosso Corsa; interior color: Nero; Ferrari Approved certified
2026-09-15,458,coupe,2015,479000,9435,USD,"Boca Raton, USA",dealer,2015 Ferrari 458 Italia,https://preowned.ferrari.com/en-US/a/north-america/used-ferrari/usa/ferrari-of-boca-raton/458-italia/IljixbcgVnJGsKsQfDGsrjGpd6uWENXOPp4Ktf2Wu%2BbAzDegYxCv9MU7gaJhpEcbuIYTGiHL9BVMzkH%2BtvX3Dhm37ulnJX0cYTGAHLxLGA%3D%3D,Ferrari Approved (preowned.ferrari.com),ZFF67NFA8F0210746 / BP1054,Rosso Corsa,Nero,exterior color: Rosso Corsa; interior color: Nero; Ferrari Approved certified
2026-09-15,458,coupe,2015,529995,4365,USD,"City of Glen Cove, New York, USA",dealer,2015 Ferrari 458 Italia,https://www.classic.com/veh/2015-ferrari-458-italia-zff67nfa7f0212150-WbwDGop/,Classic.com,ZFF67NFA7F0212150,Red,Brown,Classic.com asterisk asking; 458 Italia→coupe; 458 filter: rounded 4k mi unknown-but-likely-low (<15k threshold); 4k mi displayed; mileage blank (rounded Nk mi); fixed-price; seller:Ryan Friedman Motor Cars
2026-09-15,458,spider,2012,495125,13093,USD,"Plano, USA",dealer,2012 Ferrari 458 Spider,https://preowned.ferrari.com/en-US/a/north-america/used-ferrari/usa/ferrari-dallas/458-spider/IljixbcgVnJGsKsQfDGsrs7KxSj8%2F%2BRYHKfKUJoPexsx2PiUV3WUIIRsDU6gdc2duIYTGi7L%2BhVFy0H9v%2FLyAxi37ulnKHQbazSGFb1LFw%3D%3D,Ferrari Approved (preowned.ferrari.com),ZFF68NHA1C0187297 / P0187297,Rosso Corsa,Beige,exterior color: Rosso Corsa; interior color: Beige; Ferrari Approved certified
2026-09-15,458,spider,2012,497888,11570,USD,"Edison, USA",dealer,2012 Ferrari 458 Spider,https://preowned.ferrari.com/en-US/a/north-america/used-ferrari/usa/ferrari-of-central-new-jersey/458-spider/IljixbcgVnJGsKsQfDGsrtnnsWlPy5VfudfLOviBi54QsAwDuTapDacZ3Kb4lM6MuIYTGi7L%2BhVHy0H9v%2FLyAxe37ulnKHUfYDOAFrhJFw%3D%3D,Ferrari Approved (preowned.ferrari.com),ZFF68NHA3C0187298 / F0187298T,Argento Nurburgring,Nero,exterior color: Argento Nurburgring; interior color: Nero
2026-09-15,458,spider,2012,499995,14891,USD,"Spider Base Velocity Motorcars LLC Nashville, TN",dealer,Used 2012 Ferrari 458 Spider Base,https://www.cars.com/vehicledetail/17800cca-b7c0-44d1-8e47-1498db285172/,Cars.com,ZFF68NHA5C0189103,red,,Cars.com data-vehicle-details; seller:Velocity Motorcars LLC; zip:37217; trim:Base; exterior color: red
2026-09-15,458,spider,2012,515000,,USD,"Town of Southampton, New York, USA",dealer,2012 Ferrari 458 Spider,https://www.classic.com/veh/2012-ferrari-458-spider-zff68nha3c0188869-n1GZ9gp/,Classic.com,ZFF68NHA3C0188869,,,Classic.com asterisk asking; 458 Spider; 458 filter: rounded 5k mi unknown-but-likely-low (<15k threshold); 5k mi displayed; mileage blank (rounded Nk mi); fixed-price; seller:Rubio Premier Motors
2026-09-15,458,spider,2012,524350,6119,USD,"Salt Lake City, USA",dealer,2012 Ferrari 458 Spider,https://preowned.ferrari.com/en-US/a/north-america/used-ferrari/usa/ferrari-of-salt-lake-city/458-spider/IljixbcgVnJGsKsQfDGsrnS3QJzRLONEnnQCTrY%2ByuBPSXK%2BvrkOIxf9KVGl9CBkuIYTGi7L%2BhVEy0H9v%2FL5CBy37ulnLnUXbjOBEr5KEg%3D%3D,Ferrari Approved (preowned.ferrari.com),ZFF68NHA0C0187923 / C0187923W,Extra Sample,Rosso,exterior color: Extra Sample; interior color: Rosso
2026-09-15,458,spider,2012,529999,5012,USD,"San Diego, USA",dealer,2012 Ferrari 458 Spider,https://preowned.ferrari.com/en-US/a/north-america/used-ferrari/usa/ferrari-of-san-diego/458-spider/IljixbcgVnJGsKsQfDGsrvAFQDsiMB9CrESUzDh6Bv1kRb3I6%2FXG2Lg2Fx7bZyQDuIYTGi7L%2BhVFy0H9v%2F3wDxa37ulnJHgYbTaCFbpLEA%3D%3D,Ferrari Approved (preowned.ferrari.com),ZFF68NHA1C0188059 / SD5804C,Rosso Corsa,Beige,exterior color: Rosso Corsa; interior color: Beige
2026-09-15,458,spider,2012,765888,,USD,"San Luis Obispo, California, USA",dealer,2012 Ferrari 458 Spider,https://www.classic.com/veh/2012-ferrari-458-italia-zff68nha2c0187759-n8580lW/,Classic.com,ZFF68NHA2C0187759,,,Classic.com asterisk asking; 458 Spider; 458 filter: rounded 4k mi unknown-but-likely-low (<15k threshold); 4k mi displayed; mileage blank (rounded Nk mi); fixed-price; seller:Porsche San Luis Obispo
2026-09-15,458,spider,2013,438442,8580,USD,"Salt Lake City, USA",dealer,2013 Ferrari 458 Spider,https://preowned.ferrari.com/en-US/a/north-america/used-ferrari/usa/ferrari-of-salt-lake-city/458-spider/IljixbcgVnJGsKsQfDGsroTOLqVKtwmevtw6F5%2Fw4RKodUAytQwqBULqTo9wCuo1uIYTGi7L%2BhVDzEH9vvHyChi37ulnKXsbaTCAEb5NEQ%3D%3D,Ferrari Approved (preowned.ferrari.com),ZFF68NHA7D0194207 / D0194207P,Bianco Avus,Nero,exterior color: Bianco Avus; interior color: Nero
2026-09-15,458,spider,2013,479900,10668,USD,"Norwood, USA",dealer,2013 Ferrari 458 Spider,https://preowned.ferrari.com/en-US/a/north-america/used-ferrari/usa/ferrari-of-new-england/458-spider/IljixbcgVnJGsKsQfDGsrgRCULbdEsEzTWA7I%2BOw%2Bl6uVYDzERCmiT0VXngBkfnPuIYTGi7L%2BhVHzEH9vvb3CRu37ulnJH8ebjOCHbdLEg%3D%3D,Ferrari Approved (preowned.ferrari.com),ZFF68NHA3D0193734 / P32526,Rosso Corsa,Beige,exterior color: Rosso Corsa; interior color: Beige
2026-09-15,458,spider,2013,479988,11337,USD,"Murrieta, California, USA",dealer,2013 Ferrari 458 Spider,https://www.classic.com/veh/2013-ferrari-458-spider-zff68nha5d0190771-nXwP854/,Classic.com,ZFF68NHA5D0190771,red,Nero,Classic.com asterisk asking; 458 Spider; 458 filter: rounded 11k mi unknown-but-likely-low (<15k threshold); 11k mi displayed; mileage blank (rounded Nk mi); fixed-price; seller:West Coast Exotic Cars
2026-09-15,458,spider,2013,489990,14519,USD,"Las Vegas, USA",dealer,2013 Ferrari 458 Spider,https://preowned.ferrari.com/en-US/a/north-america/used-ferrari/usa/ferrari-of-las-vegas/458-spider/IljixbcgVnJGsKsQfDGsrnuxniwBnBNcIxdxcj5bqE0fZg2PJvaxEtC%2Bf%2BWl1sj5uIYTGi7L%2BhUszEH9vvT3DR637ulnL34WaDGAHbxHFw%3D%3D,Ferrari Approved (preowned.ferrari.com),ZFF68NHAXD0191771 / P2249,Bianco Avus,Nero,exterior color: Bianco Avus; interior color: Nero; Ferrari Approved certified
2026-09-15,458,spider,2013,499000,10467,USD,"Mill Valley, USA",dealer,2013 Ferrari 458 Spider,https://preowned.ferrari.com/en-US/a/north-america/used-ferrari/usa/ferrari-of-san-francisco/458-spider/IljixbcgVnJGsKsQfDGsrsy181M%2Fi%2BpzezQrd3MXNBzV%2BrgH4%2B3jaalplnMbZjJ2uIYTGi7L%2BhVNzEH9vvXxCx237ulnJX0cYTKNErdNFg%3D%3D,Ferrari Approved (preowned.ferrari.com),ZFF68NHA9D0190112 / ST0779,Canna di Fucile,Cioccolato,exterior color: Canna di Fucile; interior color: Cioccolato
2026-09-15,458,spider,2013,499990,13802,USD,"New Albany, IN",dealer,Used 2013 Ferrari 458 Spider Base,https://www.cars.com/vehicledetail/256ed5f7-0383-469a-ae61-8f0f1763532d/,Cars.com,ZFF68NHAXD0196095,black,,Cars.com data-vehicle-details; seller:HyperCars; zip:47150; trim:Base; exterior color: black
2026-09-15,458,spider,2013,579990,4419,USD,"Golden Valley, USA",dealer,2013 Ferrari 458 Spider,https://preowned.ferrari.com/en-US/a/north-america/used-ferrari/usa/twin-cities-performance/458-spider/IljixbcgVnJGsKsQfDGsrp2t%2FWf0yNhWIew4yh1t8j1974vkpCivMAojrR1QZXiPuIYTGi7L%2BhVAzEH9vvX0DBe37ulnK3ocbzGCE7pOGQ%3D%3D,Ferrari Approved (preowned.ferrari.com),ZFF68NHA4D0190468 / D0190468P,Argento Nurburgring,Nero,exterior color: Argento Nurburgring; interior color: Nero; Ferrari Approved certified
2026-09-15,458,spider,2013,589999,8350,USD,"Phoenix, USA",dealer,2013 Ferrari 458 Spider,https://preowned.ferrari.com/en-US/a/north-america/used-ferrari/usa/scottsdale-ferrari/458-spider/IljixbcgVnJGsKsQfDGsrvZw3lA%2Bn%2B7wOrYgGvmlgcChJWctnG3vSuN1tkJAsosouIYTGi7L%2BhVEzEH9vvHzChi37ulnJX0XYTGAFb1HGA%3D%3D,Ferrari Approved (preowned.ferrari.com),ZFF68NHA0D0194307 / FP5413,Nero Daytona,Nero,exterior color: Nero Daytona; interior color: Nero
2026-09-15,458,spider,2013,599999,,USD,"Renton, Washington, USA",dealer,2013 Ferrari 458 Spider,https://www.classic.com/veh/2013-ferrari-458-spider-zff68nha7d0190545-nQZ95qW/,Classic.com,ZFF68NHA7D0190545,,,Classic.com asterisk asking; 458 Spider; 458 filter: rounded 11k mi unknown-but-likely-low (<15k threshold); 11k mi displayed; mileage blank (rounded Nk mi); fixed-price; seller:Heritage Cars
2026-09-15,458,spider,2013,679000,1629,USD,"Boca Raton, USA",dealer,2013 Ferrari 458 Spider,https://preowned.ferrari.com/en-US/a/north-america/used-ferrari/usa/ferrari-of-boca-raton/458-spider/IljixbcgVnJGsKsQfDGsrvQ%2Bn57v43vUu3l%2BAZ7L%2Bpl%2FkN71aMdzBZE5G7Amj3qpuIYTGi7L%2BhVMzEH9vvD1DB637ulnJX0cYTGDF79PFw%3D%3D,Ferrari Approved (preowned.ferrari.com),ZFF68NHA8D0195561 / BP1093,Grigio Silverstone,Nero,exterior color: Grigio Silverstone; interior color: Nero; Ferrari Approved certified
2026-09-15,458,spider,2014,448900,14939,USD,"Cleveland, Ohio, USA",dealer,2014 Ferrari 458 Spider,https://www.classic.com/veh/2014-ferrari-458-spider-zff68nhl3e0197379-4MooZlW/,Classic.com,ZFF68NHL3E0197379,white,,Classic.com asterisk asking; 458 Spider; 458 filter: rounded 14k mi unknown-but-likely-low (<15k threshold); 14k mi displayed; mileage blank (rounded Nk mi); fixed-price; seller:Marshall Goldman Cleveland
2026-09-15,458,spider,2014,469995,13113,USD,"Trenton, New Jersey, USA",dealer,2014 Ferrari 458 Spider,https://www.classic.com/veh/2014-ferrari-458-spider-zff68nha0e0202410-nmqZJDn/,Classic.com,ZFF68NHA0E0202410,yellow,,Classic.com asterisk asking; 458 Spider; 458 filter: rounded 13k mi unknown-but-likely-low (<15k threshold); 13k mi displayed; mileage blank (rounded Nk mi); fixed-price; seller:J&S AutoHaus Group
2026-09-15,458,spider,2014,529995,14206,USD,"City of Glen Cove, New York, USA",dealer,2014 Ferrari 458 Spider,https://www.classic.com/veh/2014-ferrari-458-spider-zff68nha9e0199619-n2M5xo4/,Classic.com,ZFF68NHA9E0199619,Gray,Red,Classic.com asterisk asking; 458 Spider; 458 filter: rounded 14k mi unknown-but-likely-low (<15k threshold); 14k mi displayed; mileage blank (rounded Nk mi); fixed-price; seller:Ryan Friedman Motor Cars
2026-09-15,458,spider,2014,539900,10416,USD,"Detroit, USA",dealer,2014 Ferrari 458 Spider,https://preowned.ferrari.com/en-US/a/north-america/used-ferrari/usa/cauley-ferrari-of-detroit/458-spider/IljixbcgVnJGsKsQfDGsriLkk5JrfoTCl%2BcJtjk5MqpVRyGBFY1ybw%2FE5XXPJBDEuIYTGi7L%2BhVNzUH9vvzzDxa37ulnJHgYbDCME7hJFQ%3D%3D,Ferrari Approved (preowned.ferrari.com),ZFF68NHA9E0199359 / 199359,Bianco Avus,Cuoio,exterior color: Bianco Avus; interior color: Cuoio; Ferrari Approved certified
2026-09-15,458,spider,2014,549000,,USD,"Boca Raton, Florida, USA",dealer,2014 Ferrari 458 Spider,https://www.classic.com/veh/2014-ferrari-458-spider-zff68nha3e0197137-pgzDJOW/,Classic.com,ZFF68NHA3E0197137,,,Classic.com asterisk asking; 458 Spider; 458 filter: rounded 6k mi unknown-but-likely-low (<15k threshold); 6k mi displayed; mileage blank (rounded Nk mi); fixed-price; seller:Atlantis Motor Group
2026-09-15,458,spider,2014,559995,8098,USD,"City of Glen Cove, New York, USA",dealer,2014 Ferrari 458 Spider,https://www.classic.com/veh/2014-ferrari-458-spider-zff68nha3e0198014-nm23BjW/,Classic.com,ZFF68NHA3E0198014,White,Red,Classic.com asterisk asking; 458 Spider; 458 filter: rounded 8k mi unknown-but-likely-low (<15k threshold); 8k mi displayed; mileage blank (rounded Nk mi); fixed-price; seller:Ryan Friedman Motor Cars
2026-09-15,458,spider,2014,599000,6311,USD,"Lake Bluff, USA",dealer,2014 Ferrari 458 Spider,https://preowned.ferrari.com/en-US/a/north-america/used-ferrari/usa/ferrari-lake-forest/458-spider/IljixbcgVnJGsKsQfDGsro8pqVRQaCu0pep4musXei6RcAYkczzuXhgSMqj441HCuIYTGi7L%2BhVGzUH9vvz5CBa37ulnKngfbDCAFrxLEw%3D%3D,Ferrari Approved (preowned.ferrari.com),ZFF68NHA2E0199929 / 199929,Nero,Nero,exterior color: Nero; interior color: Nero; Ferrari Approved certified
2026-09-15,458,spider,2014,599999,,USD,"New York, New York, USA",dealer,2014 Ferrari 458 Spider,https://www.classic.com/veh/2014-ferrari-458-spider-zff68nha1e0199937-nl2V8Vp/,Classic.com,ZFF68NHA1E0199937,,,Classic.com asterisk asking; 458 Spider; 458 filter: rounded 5k mi unknown-but-likely-low (<15k threshold); 5k mi displayed; mileage blank (rounded Nk mi); fixed-price; seller:Brooklyn Auto Sales
2026-09-15,458,spider,2014,648888,4494,USD,"Spring Valley Rockland County New York, USA",dealer,2014 Ferrari 458 Spider,https://preowned.ferrari.com/en-US/a/north-america/used-ferrari/usa/wide-world-ferrari/458-spider/IljixbcgVnJGsKsQfDGsrr5lmBCnTopCz6QdzF1Ld%2B7QGeyUVtxzIRKUXcsn1jIHuIYTGi7L%2BhVFzUH9vvL5Ch%2B37ulnK30WYDCDE7dHFA%3D%3D,Ferrari Approved (preowned.ferrari.com),ZFF68NHA1E0197900 / FM4587,Rosso Corsa,Nero,exterior color: Rosso Corsa; interior color: Nero; Ferrari Approved certified
2026-09-15,458,spider,2014,689900,3054,USD,"Lake Bluff, USA",dealer,2014 Ferrari 458 Spider,https://preowned.ferrari.com/en-US/a/north-america/used-ferrari/usa/ferrari-lake-forest/458-spider/IljixbcgVnJGsKsQfDGsrgQeYc%2FlwSrrqScK2x34zHf5BYDtLvG8WJJ121zTBw2BuIYTGi7L%2BhVNzUH9vv3yAha37ulnK3scbj%2BAFLlNFA%3D%3D,Ferrari Approved (preowned.ferrari.com),ZFF68NHA9E0198289 / 198289,Rosso Corsa,Nero,exterior color: Rosso Corsa; interior color: Nero; Ferrari Approved certified
2026-09-15,458,spider,2014,764888,,USD,"San Luis Obispo, California, USA",dealer,2014 Ferrari 458 Spider,https://www.classic.com/veh/2014-ferrari-458-spider-zff68nha7e0200685-4DBJqAW/,Classic.com,ZFF68NHA7E0200685,,,Classic.com asterisk asking; 458 Spider; 458 filter: rounded 8k mi unknown-but-likely-low (<15k threshold); 8k mi displayed; mileage blank (rounded Nk mi); fixed-price; seller:Porsche San Luis Obispo
2026-09-15,458,spider,2015,349995,,USD,"Houston, Texas, USA",dealer,2015 Ferrari 458 Spider,https://www.classic.com/veh/2015-ferrari-458-spider-zff68nha5f0206079-45e7k54/,Classic.com,ZFF68NHA5F0206079,,,Classic.com asterisk asking; 458 Spider; 458 filter: rounded 3k mi unknown-but-likely-low (<15k threshold); 3k mi displayed; mileage blank (rounded Nk mi); fixed-price; seller:Houston Auto World
2026-09-15,458,spider,2015,495900,10632,USD,"Coral Gables, USA",dealer,2015 Ferrari 458 Spider,https://preowned.ferrari.com/en-US/a/north-america/used-ferrari/usa/the-collection/458-spider/IljixbcgVnJGsKsQfDGsrvd%2BL7jR%2FFZ06FQdrfstlTOdRaTYRv2zAn3gxJZl1JqpuIYTGi7L%2BhVDzkH%2BtvfwCR637ulnK3scbj%2BFEL9GGQ%3D%3D,Ferrari Approved (preowned.ferrari.com),ZFF68NHA7F0212031 / F0212031CS,Rosso Corsa,Cuoio,exterior color: Rosso Corsa; interior color: Cuoio; Ferrari Approved certified
2026-09-15,458,spider,2015,549995,,USD,"San Clemente, California, USA",dealer,2015 Ferrari 458 Spider,https://www.classic.com/veh/2015-ferrari-458-spider-zff68nha5f0210455-4Zw62Kn/,Classic.com,ZFF68NHA5F0210455,,,Classic.com asterisk asking; 458 Spider; 458 filter: rounded 9k mi unknown-but-likely-low (<15k threshold); 9k mi displayed; mileage blank (rounded Nk mi); fixed-price; seller:European Exotic Center - San Clemente
2026-09-15,458,spider,2015,579990,9928,USD,"Redwood City, USA",dealer,2015 Ferrari 458 Spider,https://preowned.ferrari.com/en-US/a/north-america/used-ferrari/usa/ferrari-silicon-valley/458-spider/IljixbcgVnJGsKsQfDGsrsgLRnaEvX8C4kPtam6b%2BTzEVf9TNtjRZfk%2F6dX9xm6BuIYTGi7L%2BhVCzkH%2BtvTyAhe37ulnJHgabjONE7ZJFg%3D%3D,Ferrari Approved (preowned.ferrari.com),ZFF68NHA6F0211288 / 211288,Bianco Avus,Nero,exterior color: Bianco Avus; interior color: Nero; Ferrari Approved certified
2026-09-15,458,spider,2015,599800,,USD,"Coral Gables, Florida, USA",dealer,2015 Ferrari 458 Spider,https://www.classic.com/veh/2015-ferrari-458-spider-zff68nha6f0207970-WN7b9dp/,Classic.com,ZFF68NHA6F0207970,,,Classic.com asterisk asking; 458 Spider; 458 filter: rounded 5k mi unknown-but-likely-low (<15k threshold); 5k mi displayed; mileage blank (rounded Nk mi); fixed-price; seller:Formula Sports Cars Miami
2026-09-15,458,spider,2015,639000,6780,USD,"Mill Valley, USA",dealer,2015 Ferrari 458 Spider,https://preowned.ferrari.com/en-US/a/north-america/used-ferrari/usa/ferrari-of-san-francisco/458-spider/IljixbcgVnJGsKsQfDGsruxCXEQjCvg2O3iGNKIS6jBf8YfjYK00WeCU0LfkMuojuIYTGi7L%2BhVEzkH%2BtvX0CBi37ulnJX0cYTKMFL5PEw%3D%3D,Ferrari Approved (preowned.ferrari.com),ZFF68NHA0F0210427 / SC6434,Rosso Corsa,Beige Tradizione,exterior color: Rosso Corsa; interior color: Beige Tradizione
2026-09-15,458,spider,2015,644895,10377,USD,"West Palm Beach, USA",dealer,2015 Ferrari 458 Spider,https://preowned.ferrari.com/en-US/a/north-america/used-ferrari/usa/ferrari-of-palm-beach/458-spider/IljixbcgVnJGsKsQfDGsrmRakNOs6Bi2pbjr%2FvKd8j%2BvMmNEFrUygXuI%2FBkIy3qCuIYTGi7L%2BhVAzkH%2Bt%2FP1Cha37ulnKn8dYDCFE7pHFQ%3D%3D,Ferrari Approved (preowned.ferrari.com),ZFF68NHA4F0206509 / PF1296,Giallo Modena,Nero,exterior color: Giallo Modena; interior color: Nero; Ferrari Approved certified
2026-09-15,458,spider,2015,649000,7852,USD,"Boca Raton, USA",dealer,2015 Ferrari 458 Spider,https://preowned.ferrari.com/en-US/a/north-america/used-ferrari/usa/ferrari-of-boca-raton/458-spider/IljixbcgVnJGsKsQfDGsrhX0hHxzM77jUfXF%2BxXeMgSy0wKiNsgy8rS8wnhA0f6IuIYTGi7L%2BhVMzkH%2Bt%2FD0CR%2B37ulnJX0cYTGDFblPEw%3D%3D,Ferrari Approved (preowned.ferrari.com),ZFF68NHA8F0205430 / BP1089,Bianco Avus,Nero,exterior color: Bianco Avus; interior color: Nero
2026-09-15,458,spider,2015,689900,7720,USD,"Norwood, USA",dealer,2015 Ferrari 458 Spider,https://preowned.ferrari.com/en-US/a/north-america/used-ferrari/usa/ferrari-of-new-england/458-spider/IljixbcgVnJGsKsQfDGsrrQjeVCBuaPmkbuIl6bRS%2Ffs5RlLViOYXqqUquC6PnM8uIYTGi7L%2BhVGzkH%2Bt%2FD2Cxi37ulnK3wXbTWCELpIFg%3D%3D,Ferrari Approved (preowned.ferrari.com),ZFF68NHA2F0205617 / P32522,Bianco Avus,Cuoio,exterior color: Bianco Avus; interior color: Cuoio
2026-09-15,458,spider,2015,689990,4384,USD,"Golden Valley, USA",dealer,2015 Ferrari 458 Spider,https://preowned.ferrari.com/en-US/a/north-america/used-ferrari/usa/twin-cities-performance/458-spider/IljixbcgVnJGsKsQfDGsrv10FEwqMyQ4E4eY9MZ2RObwElQJe6qaeEFPphqS7EdTuIYTGi7L%2BhVEzkH%2Bt%2FP1Cx%2B37ulnK3gaaTaFHb9JFg%3D%3D,Ferrari Approved (preowned.ferrari.com),ZFF68NHA0F0206510 / F0206510P,Rosso Corsa,Nero,exterior color: Rosso Corsa; interior color: Nero; Ferrari Approved certified
2026-09-15,458,spider,2015,689995,7962,USD,"Spider Base TBTFW Beverly Hills, CA",dealer,Used 2015 Ferrari 458 Spider Base,https://www.cars.com/vehicledetail/7c8bb330-3d1d-4b7d-b92b-bb9b59baf587/,Cars.com,ZFF68NHA1F0211652,,,Cars.com data-vehicle-details; seller:TBTFW; zip:90212; trim:Base
2026-09-15,458,spider,2015,698900,,USD,"Cleveland, Ohio, USA",dealer,2015 Ferrari 458 Spider,https://www.classic.com/veh/2015-ferrari-458-spider-zff68nha9f0210930-pdmMro4/,Classic.com,ZFF68NHA9F0210930,,,Classic.com asterisk asking; 458 Spider; 458 filter: rounded 2k mi unknown-but-likely-low (<15k threshold); 2k mi displayed; mileage blank (rounded Nk mi); fixed-price; seller:Marshall Goldman Cleveland
2026-09-15,F430,coupe,2005,194900,,USD,"Cockeysville, Maryland, USA",dealer,2005 Ferrari F430 Berlinetta,https://www.classic.com/veh/2005-ferrari-f430-berlinetta-zffew58ax50142556-pe5JXXp/,Classic.com,ZFFEW58AX50142556,,,Classic.com asterisk asking; 39k mi displayed; mileage blank (rounded Nk mi); fixed-price; seller:PurMotive
2026-09-15,F430,coupe,2005,199990,31593,USD,"Minneapolis, MN",dealer,Used 2005 Ferrari F430 Berlinetta,https://www.cars.com/vehicledetail/88e8b52c-78a2-410a-92eb-508bf81f377f/,Cars.com,ZFFEW58A350142348,Red,,Cars.com asking; seller:Twin Cities Performance; zip:55426; trim:Berlinetta; exterior color: Red
2026-09-15,F430,coupe,2005,216581,21882,USD,"Tampa, FL",dealer,2005 Ferrari F430,https://www.cargurus.com/details/457045707,CarGurus,ZFFEW58A650142876,,,CarGurus asking; base price $214991; recorded fees-included total; trim:2 Dr STD Coupe; stock:142876; seller:Tampa Auto Gallery Sales & Leasing
2026-09-15,F430,coupe,2005,259900,13767,USD,"Naples, Florida, USA",dealer,2005 Ferrari F430 Berlinetta,https://www.classic.com/veh/2005-ferrari-f430-berlinetta-zffew58a050143747-pJqzbXW/,Classic.com,ZFFEW58A050143747,Rosso Corsa,Brown (Tan),Classic.com asterisk asking; 13k mi displayed; mileage blank (rounded Nk mi); fixed-price; seller:Black Horse Motors
2026-09-15,F430,coupe,2005,489995,,USD,"Orlando, Florida, USA",dealer,2005 Ferrari F430 Berlinetta 6-Speed Conversion,https://www.classic.com/veh/2005-ferrari-f430-berlinetta-6-speed-conversion-zf-WYlKLGn/,Classic.com,,,,Classic.com asterisk asking; 20k mi displayed; mileage blank (rounded Nk mi); fixed-price; seller:Exotic Knights
2026-09-15,F430,coupe,2005,491389,20332,USD,"Berlinetta Exotic Knights Orlando, FL",dealer,Used 2005 Ferrari F430 Berlinetta,https://www.cars.com/vehicledetail/f28ba1ff-a65f-4e1f-b95c-478c75ee958a/,Cars.com,ZFFEW58A650142358,Red,,Cars.com asking; seller:Exotic Knights; zip:32811; trim:Berlinetta; exterior color: Red
2026-09-15,F430,coupe,2005,575412,,USD,"Naperville, Illinois, USA",dealer,2005 Ferrari F430 Berlinetta,https://www.classic.com/veh/2005-ferrari-f430-berlinetta-zffew58a950141852-4DVrLxW/,Classic.com,ZFFEW58A950141852,,,Classic.com asterisk asking; 24k mi displayed; mileage blank (rounded Nk mi); fixed-price; seller:Chicago Motor Cars
2026-09-15,F430,coupe,2005,675000,10715,USD,"Newport Beach, California, USA",dealer,2005 Ferrari F430 Berlinetta,https://www.classic.com/veh/2005-ferrari-f430-berlinetta-zffew58a350141572-45GNZ9W/,Classic.com,ZFFEW58A350141572,Red,Brown,Classic.com asterisk asking; 10k mi displayed; mileage blank (rounded Nk mi); fixed-price; seller:Ferrari of Newport Beach
2026-09-15,F430,coupe,2006,169998,41003,USD,"Mocksville, North Carolina, USA",dealer,2006 Ferrari F430 Berlinetta,https://www.classic.com/veh/2006-ferrari-f430-berlinetta-zffew58a060145306-pPxzjRp/,Classic.com,ZFFEW58A060145306,Black,Nero,Classic.com asterisk asking; 41k mi displayed; mileage blank (rounded Nk mi); fixed-price; seller:HBi Auto
2026-09-15,F430,coupe,2006,180043,30909,USD,"San Juan Capistrano, CA",dealer,2006 Ferrari F430,https://www.cargurus.com/details/452447535,CarGurus,ZFFEW58A660148646,Black,Black,CarGurus asking; base price $179823; recorded fees-included total; stock:AV17096; seller:Paradise Automotive Group; exterior color: Black; interior color: Black
2026-09-15,F430,coupe,2006,226581,19305,USD,"Tampa, FL",dealer,2006 Ferrari F430,https://www.cargurus.com/details/455582374,CarGurus,ZFFEW58A960150939,Yellow,,CarGurus asking; base price $224991; recorded fees-included total; trim:RWD; stock:150939; seller:Tampa Auto Gallery Sales & Leasing; exterior color: Yellow
2026-09-15,F430,coupe,2006,599900,11183,USD,"Torrance, California, USA",dealer,2006 Ferrari F430 Berlinetta,https://www.classic.com/veh/2006-ferrari-f430-berlinetta-zffew58a960147068-WvmDjrn/,Classic.com,ZFFEW58A960147068,Nero Daytona,Nero,Classic.com asterisk asking; 11k mi displayed; mileage blank (rounded Nk mi); fixed-price; seller:Ferrari South Bay
2026-09-15,F430,coupe,2007,154999,22297,USD,"Downingtown, Pennsylvania, USA",dealer,2007 Ferrari F430 Berlinetta,https://www.classic.com/veh/2007-ferrari-f430-berlinetta-zffew58a470154978-4yjl5an/,Classic.com,ZFFEW58A470154978,Rosso Corsa Ds,Cuoio,Classic.com asterisk asking; 22k mi displayed; mileage blank (rounded Nk mi); fixed-price; seller:PA Euros
2026-09-15,F430,coupe,2007,195043,21048,USD,"San Juan Capistrano, CA",dealer,2007 Ferrari F430,https://www.cargurus.com/details/451015665,CarGurus,ZFFEW58A870156541,Black,Black,CarGurus asking; base price $194823; recorded fees-included total; trim:2 Dr Coupe; stock:AV17095; seller:Paradise Automotive Group; exterior color: Black; interior color: Black
2026-09-15,F430,coupe,2007,211581,20773,USD,"Tampa, FL",dealer,2007 Ferrari F430,https://www.cargurus.com/details/457427492,CarGurus,ZFFEW58A870155809,,,CarGurus asking; base price $209991; recorded fees-included total; trim:Coupe; stock:155809; seller:Tampa Auto Gallery Sales & Leasing
2026-09-15,F430,coupe,2007,216568,22055,USD,"Charlotte, North Carolina, USA",dealer,2007 Ferrari F430 Berlinetta,https://www.classic.com/veh/2007-ferrari-f430-berlinetta-zffew58a170153092-p0e5rJ4/,Classic.com,ZFFEW58A170153092,Gray,Brown,Classic.com asterisk asking; 22k mi displayed; mileage blank (rounded Nk mi); fixed-price; seller:Ferrari of Charlotte
2026-09-15,F430,coupe,2007,229586,12688,USD,"Scottsdale, AZ",dealer,2007 Ferrari F430,https://www.cargurus.com/details/458738015,CarGurus,ZFFEW58A470154401,Nero Ds,Brown (Beige),CarGurus asking; base price $228991; recorded fees-included total; trim:Coupe; stock:ABC1076; seller:Auto Boom Motor Co.; exterior color: Nero Ds; interior color: Brown (Beige)
2026-09-15,F430,coupe,2007,229990,26714,USD,"Minneapolis, Minnesota, USA",dealer,2007 Ferrari F430 Berlinetta,https://www.classic.com/veh/2007-ferrari-f430-berlinetta-zffew58a970152028-nBXD8Zp/,Classic.com,ZFFEW58A970152028,Rosso Corsa,Brown (Beige),Classic.com asterisk asking; 26k mi displayed; mileage blank (rounded Nk mi); fixed-price; seller:Lamborghini Minneapolis
2026-09-15,F430,coupe,2007,279000,,USD,"Costa Mesa, California, USA",dealer,2007 Ferrari F430 Berlinetta,https://www.classic.com/veh/2007-ferrari-f430-berlinetta-zffew58a970151316-nQAPNwn/,Classic.com,ZFFEW58A970151316,,,Classic.com asterisk asking; 23k mi displayed; mileage blank (rounded Nk mi); fixed-price; seller:iLusso Costa Mesa
2026-09-15,F430,coupe,2007,289990,12557,USD,"Greensboro, North Carolina, USA",dealer,2007 Ferrari F430 Berlinetta,https://www.classic.com/veh/2007-ferrari-f430-berlinetta-zffew58a870156345-pP32VNW/,Classic.com,ZFFEW58A870156345,Blue,Brown,Classic.com asterisk asking; 12k mi displayed; mileage blank (rounded Nk mi); fixed-price; seller:Ferrari of Greensboro
2026-09-15,F430,coupe,2007,299986,6983,USD,"Murrieta, California, USA",dealer,2007 Ferrari F430 Berlinetta,https://www.classic.com/veh/2007-ferrari-f430-berlinetta-zffew58a870155177-4yjRddn/,Classic.com,ZFFEW58A870155177,Silverstone Gray,Black,Classic.com asterisk asking; 7k mi displayed; mileage blank (rounded Nk mi); fixed-price; seller:West Coast Exotic Cars
2026-09-15,F430,coupe,2007,341698,6930,USD,"Charlotte, North Carolina, USA",dealer,2007 Ferrari F430 Berlinetta,https://www.classic.com/veh/2007-ferrari-f430-berlinetta-zffew58a470155967-n1evMVn/,Classic.com,ZFFEW58A470155967,Yellow,Black,Classic.com asterisk asking; 6k mi displayed; mileage blank (rounded Nk mi); fixed-price; seller:Ferrari of Charlotte
2026-09-15,F430,coupe,2007,350894,4599,USD,"Charlotte, NC",dealer,2007 Ferrari F430,https://www.cargurus.com/details/456908272,CarGurus,ZFFEW58A770156921,Red,Brown,CarGurus asking; base price $349995; recorded fees-included total; trim:Coupe; stock:HCF18866; seller:Foreign Cars Charlotte (Now Hendrick); exterior color: Red; interior color: Brown
2026-09-15,F430,coupe,2007,675125,,USD,"Plano, Texas, USA",dealer,2007 Ferrari F430 Berlinetta,https://www.classic.com/veh/2007-ferrari-f430-berlinetta-zffew58a770156790-4AzGZ5n/,Classic.com,ZFFEW58A770156790,,,Classic.com asterisk asking; 18k mi displayed; mileage blank (rounded Nk mi); fixed-price; seller:P1 Motorwerks
2026-09-15,F430,coupe,2008,249729,22594,USD,"North Canton, OH",dealer,2008 Ferrari F430,https://www.cargurus.com/details/448042693,CarGurus,ZFFEW58A680164655,Yellow,Gray,CarGurus asking; base price $249430; recorded fees-included total; trim:Coupe; stock:3160; seller:Rsm Motors; exterior color: Yellow; interior color: Gray
2026-09-15,F430,coupe,2008,269725,,USD,"Village of Spring Valley, New York, USA",dealer,2008 Ferrari F430 Berlinetta,https://www.classic.com/veh/2008-ferrari-f430-berlinetta-zffew58a580164372-4oDQPqn/,Classic.com,ZFFEW58A580164372,,,Classic.com asterisk asking; 14k mi displayed; mileage blank (rounded Nk mi); fixed-price; seller:Wide World Ferrari
2026-09-15,F430,coupe,2008,399412,5397,USD,"Springfield, IL",dealer,Used 2008 Ferrari F430,https://www.cars.com/vehicledetail/fcdfd96e-577d-4e0f-bf4e-e46d209d528a/,Cars.com,ZFFEW58A480159230,Blue,Brown (Tan),Cars.com asking; seller:Isringhausen Imports; zip:62701; exterior color: Blue
2026-09-15,F430,coupe,2009,195965,37898,USD,"Los Angeles, CA",dealer,2009 Ferrari F430,https://www.cargurus.com/details/452352116,CarGurus,ZFFEW58A490166289,Silver Nurburgring,Sand,CarGurus asking; base price $195800; recorded fees-included total; trim:Coupe; stock:P2911; seller:Motorenn Inc; exterior color: Silver Nurburgring; interior color: Sand
2026-09-15,F430,coupe,2009,239995,,USD,"City of Glen Cove, New York, USA",dealer,2009 Ferrari F430 Berlinetta,https://www.classic.com/veh/2009-ferrari-f430-berlinetta-zffew58a790166058-W9ayjGW/,Classic.com,ZFFEW58A790166058,,,Classic.com asterisk asking; 12k mi displayed; mileage blank (rounded Nk mi); fixed-price; seller:Ryan Friedman Motor Cars
2026-09-15,F430,coupe,2009,317325,,USD,"Village of Spring Valley, New York, USA",dealer,2009 Ferrari F430 Berlinetta,https://www.classic.com/veh/2009-ferrari-f430-berlinetta-zffew58a190167285-nQA3Qen/,Classic.com,ZFFEW58A190167285,,,Classic.com asterisk asking; 15k mi displayed; mileage blank (rounded Nk mi); fixed-price; seller:Wide World Ferrari
2026-09-15,F430,spider,2005,180000,,USD,"Wellington, Florida, USA",dealer,2005 Ferrari F430 Spider,https://www.classic.com/veh/2005-ferrari-f430-spider-zffew59a650143587-nQRXPvW/,Classic.com,ZFFEW59A650143587,,,Classic.com asterisk asking; unparsed mileage text 'TMU'; left blank; fixed-price; seller:Autosport
2026-09-15,F430,spider,2005,190399,,USD,"Murray, Utah, USA",dealer,2005 Ferrari F430 Spider,https://www.classic.com/veh/2005-ferrari-f430-spider-zffew59a950143745-nOmVqDp/,Classic.com,ZFFEW59A950143745,,,Classic.com asterisk asking; 27k mi displayed; mileage blank (rounded Nk mi); fixed-price; seller:Automotive Addiction
2026-09-15,F430,spider,2005,239995,,USD,"City of Glen Cove, New York, USA",dealer,2005 Ferrari F430 Spider,https://www.classic.com/veh/2005-ferrari-f430-spider-zffew59a750143355-4Djx56W/,Classic.com,ZFFEW59A750143355,,,Classic.com asterisk asking; 20k mi displayed; mileage blank (rounded Nk mi); fixed-price; seller:Ryan Friedman Motor Cars
2026-09-15,F430,spider,2005,280214,23870,USD,"Spider Cauley Ferrari West Bloomfield, MI",dealer,Certified 2005 Ferrari F430 Spider,https://www.cars.com/vehicledetail/29e2205b-8efc-4d03-879b-4485b4d0a780/,Cars.com,ZFFEW59A250142257,Silver,,Cars.com asking; seller:Cauley Ferrari; zip:48322; trim:Spider; exterior color: Silver
2026-09-15,F430,spider,2005,286685,,USD,"Naples, Florida, USA",dealer,2005 Ferrari F430 Spider,https://www.classic.com/veh/2005-ferrari-f430-spider-zffew59a750143971-4Zm0QKp/,Classic.com,ZFFEW59A750143971,,,Classic.com asterisk asking; 18k mi displayed; mileage blank (rounded Nk mi); fixed-price; seller:Ferrari of Naples
2026-09-15,F430,spider,2005,299995,,USD,"Zionsville, Indiana, USA",dealer,2005 Ferrari F430 Spider 6-Speed Conversion,https://www.classic.com/veh/2005-ferrari-f430-spider-6-speed-conversion-zffew5-pzO2K34/,Classic.com,,,,Classic.com asterisk asking; 5k mi displayed; mileage blank (rounded Nk mi); fixed-price; seller:Graham Rahal Performance
2026-09-15,F430,spider,2005,299995,,USD,"City of Glen Cove, New York, USA",dealer,2005 Ferrari F430 Spider,https://www.classic.com/veh/2005-ferrari-f430-spider-zffew59ax50144628-n8MvKZW/,Classic.com,ZFFEW59AX50144628,,,Classic.com asterisk asking; 3k mi displayed; mileage blank (rounded Nk mi); fixed-price; seller:Ryan Friedman Motor Cars
2026-09-15,F430,spider,2005,300075,10016,USD,"Rancho Mirage, CA",dealer,2005 Ferrari F430 Spider,https://www.cargurus.com/details/452823263,CarGurus,ZFFEW59A550142141,Yellow,Brown (Beige),CarGurus asking; base price $299990; recorded fees-included total; trim:Spider; stock:P50142141; seller:Desert European Motorcars; exterior color: Yellow; interior color: Brown (Beige)
2026-09-15,F430,spider,2006,135698,14045,USD,"Aurora, CO",dealer,Used 2006 Ferrari F430 Spider,https://www.cars.com/vehicledetail/7bd4fb15-4a30-48b5-8b33-6c4910524ec0/,Cars.com,ZFFEW59A060149354,Black Top,Black,Cars.com asking; seller:CarNova; zip:80012; trim:Spider
2026-09-15,F430,spider,2006,219000,,USD,"Wellington, Florida, USA",dealer,2006 Ferrari F430 Spider,https://www.classic.com/veh/2006-ferrari-f430-spider-zffew59a560148815-pP7xkNW/,Classic.com,ZFFEW59A560148815,,,Classic.com asterisk asking; 20k mi displayed; mileage blank (rounded Nk mi); fixed-price; seller:Autosport
2026-09-15,F430,spider,2006,225604,22685,USD,"Spider Fair Deal RP Exotics Saint Louis, MO",dealer,Used 2006 Ferrari F430 Spider,https://www.cars.com/vehicledetail/86d7491f-1b7f-4ca6-bbda-41ccf6ba6e64/,Cars.com,ZFFEW59A260146519,Red,Brown (Tan),Cars.com asking; seller:RP Exotics; zip:63132; trim:Spider; exterior color: Red
2026-09-15,F430,spider,2006,239888,27075,USD,"Spider Fair Deal FDS Luxury Auto San Antonio, TX",dealer,Used 2006 Ferrari F430 Spider,https://www.cars.com/vehicledetail/9f4c95c3-5b0f-4be3-bc70-bdbddc0648ad/,Cars.com,ZFFEW59A360148375,Red,,Cars.com asking; seller:FDS Luxury Auto; zip:78216; trim:Spider; exterior color: Red
2026-09-15,F430,spider,2006,240223,20894,USD,"Houston, TX",dealer,2006 Ferrari F430 Spider,https://www.cargurus.com/details/454021619,CarGurus,ZFFEW59A360149168,Grigio Titanio Metallic Fq,Black,CarGurus asking; base price $239998; recorded fees-included total; trim:Spider; stock:T60149168; seller:Lamborghini Houston; exterior color: Grigio Titanio Metallic Fq; interior color: Black
2026-09-15,F430,spider,2006,274708,,USD,"Village of Spring Valley, New York, USA",dealer,2006 Ferrari F430 Spider,https://www.classic.com/veh/2006-ferrari-f430-spider-zffew59a360147002-4awRNLW/,Classic.com,ZFFEW59A360147002,,,Classic.com asterisk asking; 12k mi displayed; mileage blank (rounded Nk mi); fixed-price; seller:Wide World Ferrari
2026-09-15,F430,spider,2006,275498,15333,USD,"Spider The Collezione By THECARWIZ Las Vegas, NV",dealer,Used 2006 Ferrari F430 Spider,https://www.cars.com/vehicledetail/f317fe78-7479-4fe0-9bd2-744c7d8ef9a1/,Cars.com,ZFFEW59A060150083,,,Cars.com asking; seller:The Collezione By THECARWIZ; zip:89113; trim:Spider
2026-09-15,F430,spider,2006,279695,6548,USD,"West Palm Beach, FL",dealer,2006 Ferrari F430 Spider,https://www.cargurus.com/details/457012942,CarGurus,ZFFEW59A960149420,,,CarGurus asking; base price $278500; recorded fees-included total; trim:F1 Spider; stock:149420; seller:Marino Performance Motors
2026-09-15,F430,spider,2006,295000,,USD,"Greensboro, North Carolina, USA",dealer,2006 Ferrari F430 Spider,https://www.classic.com/veh/2006-ferrari-f430-spider-zffew59a060145286-nXNkg5p/,Classic.com,ZFFEW59A060145286,,,Classic.com asterisk asking; 18k mi displayed; mileage blank (rounded Nk mi); fixed-price; seller:Ferrari of Greensboro
2026-09-15,F430,spider,2006,599950,,USD,"Scottsdale, Arizona, USA",dealer,2006 Ferrari F430 Spider,https://www.classic.com/veh/2006-ferrari-f430-spider-manual-zffew59a860147688-4Vv5gv4/,Classic.com,ZFFEW59A860147688,,,Classic.com asterisk asking; 11k mi displayed; mileage blank (rounded Nk mi); fixed-price; seller:Cascio Motors
2026-09-15,F430,spider,2006,720536,,USD,"Village of Spring Valley, New York, USA",dealer,2006 Ferrari F430 Spider,https://www.classic.com/veh/2006-ferrari-f430-spider-zffew59ax60147529-WYw7jk4/,Classic.com,ZFFEW59AX60147529,,,Classic.com asterisk asking; 7k mi displayed; mileage blank (rounded Nk mi); fixed-price; seller:Wide World Ferrari
2026-09-15,F430,spider,2007,149988,,USD,"Allegheny County, Pennsylvania, USA",dealer,2007 Ferrari F430 Spider,https://www.classic.com/veh/2007-ferrari-f430-spider-zffew59a270153259-WqmMLZW/,Classic.com,ZFFEW59A270153259,,,Classic.com asterisk asking; 15k mi displayed; mileage blank (rounded Nk mi); fixed-price; seller:Martin Auto Gallery
2026-09-15,F430,spider,2007,170965,25406,USD,"Carrollton, TX",dealer,2007 Ferrari F430 Spider,https://www.cargurus.com/details/455296272,CarGurus,ZFFEW59A370156879,Black,Black,"CarGurus asking; base price $169991; recorded fees-included total; trim:2 Dr Spider; stock:526151; seller:Texas Hot Rides, LLC; exterior color: Black; interior color: Black"
2026-09-15,F430,spider,2007,235000,,USD,"Boynton Beach, Florida, USA",dealer,2007 Ferrari F430 Spider,https://www.classic.com/veh/2007-ferrari-f430-spider-zffew59a570151814-nm2Ev2W/,Classic.com,ZFFEW59A570151814,,,Classic.com asterisk asking; 14k mi displayed; mileage blank (rounded Nk mi); fixed-price; seller:iLusso Boynton Beach
2026-09-15,F430,spider,2007,239000,29066,USD,"Mill Valley, California, USA",dealer,2007 Ferrari F430 Spider,https://www.classic.com/veh/2007-ferrari-f430-spider-zffew59a170154144-4a56yv4/,Classic.com,ZFFEW59A170154144,Nero Ds,Nero,Classic.com asterisk asking; 29k mi displayed; mileage blank (rounded Nk mi); fixed-price; seller:Ferrari of San Francisco
2026-09-15,F430,spider,2007,259125,10727,USD,"Plano, Texas, USA",dealer,2007 Ferrari F430 Spider,https://www.classic.com/veh/2007-ferrari-f430-spider-zffew59a770156271-WRG5l0p/,Classic.com,ZFFEW59A770156271,Nuovo Nero Daytona,Crema,Classic.com asterisk asking; 10k mi displayed; mileage blank (rounded Nk mi); fixed-price; seller:Maserati of Plano
2026-09-15,F430,spider,2007,269900,,USD,"Naples, Florida, USA",dealer,2007 Ferrari F430 Spider,https://www.classic.com/veh/2007-ferrari-f430-spider-zffew59a170154418-WxmbZgp/,Classic.com,ZFFEW59A170154418,,,Classic.com asterisk asking; 19k mi displayed; mileage blank (rounded Nk mi); fixed-price; seller:Black Horse Motors
2026-09-15,F430,spider,2007,269990,9560,USD,"Minneapolis, MN",dealer,Used 2007 Ferrari F430 Spider,https://www.cars.com/vehicledetail/118c9cdd-6383-42bc-96d1-a4f87d3fe4ea/,Cars.com,ZFFEW59A670155533,Black,,Cars.com asking; seller:Twin Cities Performance; zip:55426; trim:Spider; exterior color: Black
2026-09-15,F430,spider,2007,279000,9660,USD,"Scottsdale, Arizona, USA",dealer,2007 Ferrari F430 Spider,https://www.classic.com/veh/2007-ferrari-f430-spider-zffew59a770151541-4r7mLLn/,Classic.com,ZFFEW59A770151541,Corsa Red,Brown (Beige),Classic.com asterisk asking; 9k mi displayed; mileage blank (rounded Nk mi); fixed-price; seller:Hubbard Auto Center
2026-09-15,F430,spider,2007,279965,17259,USD,"Rancho Santa Fe, CA",dealer,2007 Ferrari F430 Spider,https://www.cargurus.com/details/445405425,CarGurus,ZFFEW59A270153682,Nero Daytona,Nero,CarGurus asking; base price $279900; recorded fees-included total; trim:2 Dr Spider; stock:70153682; seller:Ranch and Coast Motorsport; exterior color: Nero Daytona; interior color: Nero
2026-09-15,F430,spider,2007,449990,468,USD,"Greensboro, North Carolina, USA",dealer,2007 Ferrari F430 Spider,https://www.classic.com/veh/2007-ferrari-f430-spider-zffew59a270153973-pdVLxon/,Classic.com,ZFFEW59A270153973,,,Classic.com asterisk asking; fixed-price; seller:Ferrari of Greensboro
2026-09-15,F430,spider,2008,169998,34736,USD,"Mocksville, North Carolina, USA",dealer,2008 Ferrari F430 Spider,https://www.classic.com/veh/2008-ferrari-f430-zffew59a080159742-Wb2NMyW/,Classic.com,ZFFEW59A080159742,Black,Black,Classic.com asterisk asking; 34k mi displayed; mileage blank (rounded Nk mi); fixed-price; seller:HBi Auto
2026-09-15,F430,spider,2008,185000,,USD,"Bridgeport, Connecticut, USA",dealer,2008 Ferrari F430 Spider,https://www.classic.com/veh/2008-ferrari-f430-spider-zffew59a080159739-nBv9Ymn/,Classic.com,ZFFEW59A080159739,,,Classic.com asterisk asking; 35k mi displayed; mileage blank (rounded Nk mi); fixed-price; seller:Black Horse Garage
2026-09-15,F430,spider,2008,192493,37994,USD,"Miami, FL",dealer,2008 Ferrari F430 Spider,https://www.cargurus.com/details/458626471,CarGurus,ZFFEW59A380158567,Black,Brown (Beige),CarGurus asking; base price $189998; recorded fees-included total; trim:F1 Spider; stock:158567; seller:GTA Motorcars; exterior color: Black; interior color: Brown (Beige)
2026-09-15,F430,spider,2008,219000,,USD,"Boynton Beach, Florida, USA",dealer,2008 Ferrari F430 Spider,https://www.classic.com/veh/2008-ferrari-f430-spider-zffew59a180158826-WL00XxW/,Classic.com,ZFFEW59A180158826,,,Classic.com asterisk asking; 19k mi displayed; mileage blank (rounded Nk mi); fixed-price; seller:iLusso Boynton Beach
2026-09-15,F430,spider,2008,219965,16181,USD,"Rancho Santa Fe, CA",dealer,2008 Ferrari F430 Spider,https://www.cargurus.com/details/454280031,CarGurus,ZFFEW59A080160664,Black,Black,CarGurus asking; base price $219900; recorded fees-included total; trim:F1 Spider; stock:80160664; seller:Ranch and Coast Motorsport; exterior color: Black; interior color: Black
2026-09-15,F430,spider,2008,229900,,USD,"Costa Mesa, California, USA",dealer,2008 Ferrari F430 Spider,https://www.classic.com/veh/2008-ferrari-f430-spider-zffew59a780163559-W979l04/,Classic.com,ZFFEW59A780163559,,,Classic.com asterisk asking; 21k mi displayed; mileage blank (rounded Nk mi); fixed-price; seller:iLusso Costa Mesa
2026-09-15,F430,spider,2008,250000,,USD,"Anaheim, California, USA",dealer,2008 Ferrari F430 Spider,https://www.classic.com/veh/2008-ferrari-f430-spider-zffew59a180164013-p0Q7k04/,Classic.com,ZFFEW59A180164013,,,Classic.com asterisk asking; 13k mi displayed; mileage blank (rounded Nk mi); fixed-price; seller:Corvette Mike
2026-09-15,F430,spider,2008,259000,,USD,"Boynton Beach, Florida, USA",dealer,2008 Ferrari F430 Spider,https://www.classic.com/veh/2008-ferrari-f430-spider-zffew59a580163107-4yQPRX4/,Classic.com,ZFFEW59A580163107,,,Classic.com asterisk asking; 9k mi displayed; mileage blank (rounded Nk mi); fixed-price; seller:iLusso Boynton Beach
2026-09-15,F430,spider,2008,265714,16231,USD,"Mark Motors Boerne, TX",dealer,Used 2008 Ferrari F430 Spider F1,https://www.cars.com/vehicledetail/7c333527-172c-4fcb-8cb8-d775fbd4e4b5/,Cars.com,ZFFEW59A680159132,Red,,Cars.com asking; seller:Mark Motors; zip:78006; trim:Spider F1; exterior color: Red
2026-09-15,F430,spider,2008,279695,7605,USD,"Scottsdale, AZ",dealer,2008 Ferrari F430 Spider,https://www.cargurus.com/details/457474911,CarGurus,ZFFEW59A880162081,Nero Dayona,Nero,CarGurus asking; base price $279000; recorded fees-included total; trim:2 Dr Spider; stock:2416; seller:Hubbard Auto Center of Scottsdale; exterior color: Nero Dayona; interior color: Nero
2026-09-15,F430,spider,2008,298970,,USD,"Village of Spring Valley, New York, USA",dealer,2008 Ferrari F430 Spider,https://www.classic.com/veh/2008-ferrari-f430-spider-zffew59a780160855-nQA5zvn/,Classic.com,ZFFEW59A780160855,,,Classic.com asterisk asking; 12k mi displayed; mileage blank (rounded Nk mi); fixed-price; seller:Wide World Ferrari
2026-09-15,F430,spider,2008,299900,11912,USD,"Naples, Florida, USA",dealer,2008 Ferrari F430 Spider,https://www.classic.com/veh/2008-ferrari-f430-spider-zffew59a980160663-p0Q66Z4/,Classic.com,ZFFEW59A980160663,Corsa Red,Brown (Beige),Classic.com asterisk asking; 11k mi displayed; mileage blank (rounded Nk mi); fixed-price; seller:Black Horse Motors
2026-09-15,F430,spider,2008,300212,,USD,"West Chicago, Illinois, USA",dealer,2008 Ferrari F430 Spider,https://www.classic.com/veh/2008-ferrari-f430-spider-zffew59a780158555-Wkb9mOn/,Classic.com,ZFFEW59A780158555,,,Classic.com asterisk asking; 3k mi displayed; mileage blank (rounded Nk mi); fixed-price; seller:Chicago Motor Cars
2026-09-15,F430,spider,2008,319990,5951,USD,"Greensboro, North Carolina, USA",dealer,2008 Ferrari F430 Spider,https://www.classic.com/veh/2008-ferrari-f430-spider-zffew59a980164258-WYwbmk4/,Classic.com,ZFFEW59A980164258,Red,Brown,Classic.com asterisk asking; 6k mi displayed; mileage blank (rounded Nk mi); fixed-price; seller:Ferrari of Greensboro
2026-09-15,F430,spider,2008,339900,4876,USD,"Naples, Florida, USA",dealer,2008 Ferrari F430 Spider,https://www.classic.com/veh/2008-ferrari-f430-spider-zffew59a380159749-n1GyAbp/,Classic.com,ZFFEW59A380159749,California Blue,Cream,Classic.com asterisk asking; 4k mi displayed; mileage blank (rounded Nk mi); fixed-price; seller:Black Horse Motors
2026-09-15,F430,spider,2008,399999,2055,USD,"DuPage County, Illinois, USA",dealer,2008 Ferrari F430 Spider,https://www.classic.com/veh/2008-ferrari-f430-spider-zffew59a180164237-pJqaAgW/,Classic.com,ZFFEW59A180164237,Nero Daytona,Sabbia,Classic.com asterisk asking; 2k mi displayed; mileage blank (rounded Nk mi); fixed-price; seller:Continental AutoSports
2026-09-15,F430,spider,2009,350000,,USD,"Houston, Texas, USA",dealer,2009 Ferrari F430 Spider,https://www.classic.com/veh/2009-ferrari-f430-spider-zffew59a390164998-4oaNKPW/,Classic.com,ZFFEW59A390164998,,,Classic.com asterisk asking; 7k mi displayed; mileage blank (rounded Nk mi); fixed-price; seller:iLusso Houston
2026-09-15,F430,spider,2009,399000,8845,USD,"Mill Valley, California, USA",dealer,2009 Ferrari F430 Spider,https://www.classic.com/veh/2009-ferrari-f430-spider-zffew59a890165919-n1w1Vrp/,Classic.com,ZFFEW59A890165919,Grigio Titanio,Brown (Beige),Classic.com asterisk asking; 8k mi displayed; mileage blank (rounded Nk mi); fixed-price; seller:Ferrari of San Francisco
2026-09-15,F430,spider,2009,431161,8501,USD,"Clearwater, FL",dealer,Used 2009 Ferrari F430 Spider,https://www.cars.com/vehicledetail/d1de4052-7bcc-478d-9ff1-f39cb0332901/,Cars.com,ZFFEW59A090167020,Red,Brown (Beige),Cars.com asking; seller:Lokey Nissan; zip:33763; trim:Spider; exterior color: Red
2026-09-15,F430,spider,2009,499000,,USD,"Costa Mesa, California, USA",dealer,2009 Ferrari F430 Spider,https://www.classic.com/veh/2009-ferrari-f430-spider-zffew59a290166516-nK6BEv4/,Classic.com,ZFFEW59A290166516,,,Classic.com asterisk asking; 4k mi displayed; mileage blank (rounded Nk mi); fixed-price; seller:iLusso Costa Mesa
2026-09-15,360,coupe,1999,119000,,USD,"Wellington, Florida, USA",dealer,1999 Ferrari 360 Modena,https://www.classic.com/veh/1999-ferrari-360-modena-zffyr51axx0119456-WxRAm24/,Classic.com,ZFFYR51AXX0119456,,,Classic.com asterisk asking; 360 Modena (regular coupe); 38k mi displayed; mileage blank (rounded Nk mi); fixed-price; seller:Autosport
2026-09-15,360,coupe,1999,149908,13381,USD,"San Juan Capistrano, CA",dealer,Used 1999 Ferrari 360 Modena,https://www.cars.com/vehicledetail/d5c134a8-b464-4207-acaf-62d30c60b7b4/,Cars.com,ZFFYR51A7X0118894,Black,Brown (Tan),Cars.com asking; 360 Modena (regular coupe); seller:Paradise Automotive Group; zip:92675; exterior color: Black
2026-09-15,360,coupe,1999,178908,36221,USD,"San Juan Capistrano, CA",dealer,Used 1999 Ferrari 360 Modena,https://www.cars.com/vehicledetail/ea64d6bc-12ee-40b3-8c6e-fe5a3b538838/,Cars.com,ZFFYR51AXX0118081,Red,Brown (BEIGE),Cars.com asking; 360 Modena (regular coupe); seller:Paradise Automotive Group; zip:92675; exterior color: Red
2026-09-15,360,coupe,1999,239990,54325,USD,"West Hollywood, California, USA",dealer,1999 Ferrari 360 Modena,https://www.classic.com/veh/1999-ferrari-360-modena-zffyr51a3x0118360-n30XwEW/,Classic.com,ZFFYR51A3X0118360,Yellow,Black,Classic.com asterisk asking; 360 Modena (regular coupe); 54k mi displayed; mileage blank (rounded Nk mi); fixed-price; seller:Specialty Car Collection
2026-09-15,360,coupe,2000,89799,,USD,"Thousand Oaks, California, USA",dealer,2000 Ferrari 360 Modena,https://www.classic.com/veh/2000-ferrari-360-modena-zffyu51a9y0121652-pe52LMp/,Classic.com,ZFFYU51A9Y0121652,,,Classic.com asterisk asking; 360 Modena (regular coupe); 51k mi displayed; mileage blank (rounded Nk mi); fixed-price; seller:Inside Car Guys
2026-09-15,360,coupe,2000,159908,39595,USD,"San Juan Capistrano, CA",dealer,Used 2000 Ferrari 360 Modena,https://www.cars.com/vehicledetail/657c2a78-0bdd-4823-a5f4-86aeb9a88a52/,Cars.com,ZFFYU51A8Y0121514,Silver,Black,Cars.com asking; 360 Modena (regular coupe); seller:Paradise Automotive Group; zip:92675; exterior color: Silver
2026-09-15,360,coupe,2000,169890,,USD,"Thousand Oaks, California, USA",dealer,2000 Ferrari 360 Modena 6-Speed Conversion,https://www.classic.com/veh/2000-ferrari-360-modena-6-speed-conversion-zffyu51-Wjbe8lW/,Classic.com,,,,Classic.com asterisk asking; 360 Modena (regular coupe); 40k mi displayed; mileage blank (rounded Nk mi); fixed-price; seller:Malibu Automotive Group
2026-09-15,360,coupe,2000,169975,40645,USD,"Modena BASE Great Deal High Demand Malibu Automotive Group Thousand Oaks, CA",dealer,Used 2000 Ferrari 360 Modena BASE,https://www.cars.com/vehicledetail/74991e9c-f62f-4228-9d67-7ec6ee166967/,Cars.com,ZFFYU51A8Y0121318,Black,Brown,Cars.com asking; 360 Modena (regular coupe); seller:Malibu Automotive Group; zip:91362; trim:BASE; exterior color: Black
2026-09-15,360,coupe,2000,340195,28148,USD,"Scottsdale, Arizona, USA",dealer,2000 Ferrari 360 Modena,https://www.classic.com/veh/2000-ferrari-360-modena-zffyu51a2y0121718-pdxZyBp/,Classic.com,ZFFYU51A2Y0121718,Silver,Red,Classic.com asterisk asking; 360 Modena (regular coupe); 28k mi displayed; mileage blank (rounded Nk mi); fixed-price; seller:Young Motorcars
2026-09-15,360,coupe,2001,169999,15212,USD,"Hinsdale, IL",dealer,2001 Ferrari 360 Modena,https://www.dupontregistry.com/autos/listing/625387,dupontregistry,ZFFYU51A210123359 / 9808,Black,Brown,duPont REGISTRY SRP initialDataCars; stock:9808; exterior color: Black; interior color: Brown
2026-09-15,360,coupe,2001,209991,28829,USD,"Redwood City, CA",dealer,2001 Ferrari 360 Modena,https://www.dupontregistry.com/autos/listing/627439,dupontregistry,ZFFYU51A810123883 / P10123883,Yellow,Black,duPont REGISTRY SRP initialDataCars; stock:P10123883; exterior color: Yellow; interior color: Black
2026-09-15,360,coupe,2002,100095,27700,USD,"Cadillac, MI",dealer,2002 Ferrari 360,https://www.cargurus.com/details/456373803,CarGurus,000000000AMS32218,Silver,Black,CarGurus asking; 360 Modena (regular coupe); stock:342483; seller:Classic Car Deals; exterior color: Silver; interior color: Black
2026-09-15,360,coupe,2002,139995,17320,USD,"Red Bank, NJ",dealer,Used 2002 Ferrari 360 Modena Base,https://www.cars.com/vehicledetail/bd40153c-fbd0-49e4-96e5-0c9c18cb8ac6/,Cars.com,ZFFYU51A720130129,,,Cars.com asking; 360 Modena (regular coupe); seller:Auto Exotica; zip:07701; trim:Base
2026-09-15,360,coupe,2002,347189,21105,USD,"Modena Berlinetta Maserati of Central Florida Orlando, FL",dealer,Used 2002 Ferrari 360 Modena Berlinetta,https://www.cars.com/vehicledetail/e54d9c65-65bc-4fc1-b91e-db7527fe077e/,Cars.com,ZFFYU51A720129529,Red,Black,Cars.com asking; 360 Modena (regular coupe); seller:Maserati of Central Florida; zip:32811; trim:Berlinetta
2026-09-15,360,coupe,2002,424895,9128,USD,"Modena Berlinetta Maserati of Central Florida Orlando, FL",dealer,2002 Ferrari 360 Modena,https://www.dupontregistry.com/autos/listing/609347,dupontregistry,ZFFYU51A420128130 / C128130,Red,Black,duPont REGISTRY SRP initialDataCars; stock:C128130; exterior color: Red; interior color: Black
2026-09-15,360,coupe,2003,111581,21982,USD,"Leasing Tampa, FL",dealer,Used 2003 Ferrari 360 Modena Rwd,https://www.cars.com/vehicledetail/9d9a6865-1ef6-4e91-9b8e-93eaf5e20695/,Cars.com,ZFFYT53B000134873,Black,,Cars.com asking; 360 Modena (regular coupe); seller:Tampa Auto Gallery Sales & Leasing; zip:33624; trim:Rwd; exterior color: Black
2026-09-15,360,coupe,2003,135714,16322,USD,"Modena Good Deal Mark Motors Boerne, TX",dealer,Used 2003 Ferrari 360 Modena,https://www.cars.com/vehicledetail/61d31405-16a0-4721-92b3-b87e0c6743e8/,Cars.com,ZFFYT53A130131374,Gray,Blue,Cars.com asking; 360 Modena (regular coupe); seller:Mark Motors; zip:78006; exterior color: Gray
2026-09-15,360,coupe,2003,137995,18996,USD,"Trenton, New Jersey, USA",dealer,2003 Ferrari 360 Modena,https://www.classic.com/veh/2003-ferrari-360-modena-zffyu51a630133315-4rmgwyp/,Classic.com,ZFFYU51A630133315,Red,,Classic.com asterisk asking; 360 Modena (regular coupe); 19k mi displayed; mileage blank (rounded Nk mi); fixed-price; seller:J&S AutoHaus Group
2026-09-15,360,coupe,2003,149710,22483,USD,"Modena Good Deal Mark Motors Boerne, TX",dealer,Used 2003 Ferrari 360 Modena,https://www.cars.com/vehicledetail/71b42c38-ca86-4643-abf5-ee885aa71e8f/,Cars.com,ZFFYT53A030132810,Red,Cuoio Naturale,Cars.com asking; 360 Modena (regular coupe); seller:Mark Motors; zip:78006; exterior color: Red
2026-09-15,360,coupe,2003,149995,16038,USD,"Syosset, NY",dealer,2003 Ferrari 360,https://www.cargurus.com/details/455478179,CarGurus,ZFFYU51A930133339,Black,Black,CarGurus asking; 360 Modena (regular coupe); trim:Modena RWD; stock:133339; seller:Motor Club Collection; exterior color: Black; interior color: Black
2026-09-15,360,coupe,2003,189451,16715,USD,"Auburn, Massachusetts, USA",dealer,2003 Ferrari 360 Modena,https://www.classic.com/veh/2003-ferrari-360-modena-zffyr51b000136114-nl28xgp/,Classic.com,ZFFYR51B000136114,Nero Daytona,Black,Classic.com asterisk asking; 360 Modena (regular coupe); 16k mi displayed; mileage blank (rounded Nk mi); fixed-price; seller:High Octane Classics
2026-09-15,360,coupe,2003,219910,38386,USD,"Modena Mark Motors Boerne, TX",dealer,Used 2003 Ferrari 360 Modena,https://www.cars.com/vehicledetail/ee62cf28-601a-4489-acaf-51fb5b9dc6df/,Cars.com,ZFFYT53A630131189,Black,Nero,Cars.com asking; 360 Modena (regular coupe); seller:Mark Motors; zip:78006; exterior color: Black
2026-09-15,360,coupe,2004,117887,30897,USD,"Topsfield, Massachusetts, USA",dealer,2004 Ferrari 360 Modena,https://www.classic.com/veh/2004-ferrari-360-modena-zffyu51a440137168-WN2dOAW/,Classic.com,ZFFYU51A440137168,Argento Nurburgring,Brown (Beige),Classic.com asterisk asking; 360 Modena (regular coupe); 31k mi displayed; mileage blank (rounded Nk mi); fixed-price; seller:Topsfield Motor Company
2026-09-15,360,coupe,2004,349999,18534,USD,,dealer,2004 Ferrari 360 Modena,https://www.dupontregistry.com/autos/listing/621426,dupontregistry,ZFFYT53A240137136 / 9806,Red,Black,duPont REGISTRY SRP initialDataCars; stock:9806; exterior color: Red; interior color: Black
2026-09-15,360,coupe,2004,379990,11904,USD,,dealer,2004 Ferrari 360 Modena,https://www.dupontregistry.com/autos/listing/621879,dupontregistry,ZFFYT53A340134682 / Z40134682,Other,Blue,duPont REGISTRY SRP initialDataCars; stock:Z40134682; exterior color: Other; interior color: Blue
2026-09-15,360,coupe,2004,400898,13261,USD,"Charlotte, NC",dealer,Used 2004 Ferrari 360 Modena,https://www.cars.com/vehicledetail/18c7cb28-756d-422e-a3d5-3680cc0bb611/,Cars.com,ZFFYT53A540134683,Yellow,,Cars.com asking; 360 Modena (regular coupe); seller:Foreign Cars Italia Charlotte (Now Hendrick); zip:28217; exterior color: Yellow
2026-09-15,360,spider,2000,179900,5314,USD,"Naples, Florida, USA",dealer,2000 Ferrari 360 Spider,https://www.classic.com/veh/2000-ferrari-360-spider-zffyt53a2y0122397-PnBZ6Nn/,Classic.com,ZFFYT53A2Y0122397,Argento Nurburgring,Black,Classic.com asterisk asking; 5k mi displayed; mileage blank (rounded Nk mi); fixed-price; seller:Black Horse Motors
2026-09-15,360,spider,2001,88995,39598,USD,"Mesa, AZ",dealer,Used 2001 Ferrari 360 Spider Base,https://www.cars.com/vehicledetail/6d8ddd27-31bf-452a-8c34-f9f9f6d9cad4/,Cars.com,ZFFYT53B000124831,Silver,,Cars.com asking; seller:Carz R Us LLC; zip:85207; trim:Base; exterior color: Silver
2026-09-15,360,spider,2001,99890,,USD,"Thousand Oaks, California, USA",dealer,2001 Ferrari 360 Spider,https://www.classic.com/veh/2001-ferrari-360-spider-zffyt53a010124848-nKJNxx4/,Classic.com,ZFFYT53A010124848,,,Classic.com asterisk asking; 28k mi displayed; mileage blank (rounded Nk mi); fixed-price; seller:Malibu Automotive Group
2026-09-15,360,spider,2001,109908,17560,USD,"San Juan Capistrano, CA",dealer,Used 2001 Ferrari 360 Spider,https://www.cars.com/vehicledetail/bd67852c-b78c-425e-a7aa-2bef07d7687d/,Cars.com,ZFFYT53A910123827,Yellow,,Cars.com asking; seller:Paradise Automotive Group; zip:92675; exterior color: Yellow
2026-09-15,360,spider,2001,115990,40033,USD,"Miami-Dade County, Florida, USA",dealer,2001 Ferrari 360 Spider,https://www.classic.com/veh/2001-ferrari-360-spider-zffyt53a710123633-nmqvwQn/,Classic.com,ZFFYT53A710123633,Silver,Blue,Classic.com asterisk asking; 40k mi displayed; mileage blank (rounded Nk mi); fixed-price; seller:Sport Cars Lux
2026-09-15,360,spider,2001,119451,40625,USD,"Auburn, Massachusetts, USA",dealer,2001 Ferrari 360 Spider,https://www.classic.com/veh/2001-ferrari-360-spider-zffyt53a110124969-WqOLLJ4/,Classic.com,ZFFYT53A110124969,Rosso Corsa,Brown (Beige Tradizione),Classic.com asterisk asking; 40k mi displayed; mileage blank (rounded Nk mi); fixed-price; seller:High Octane Classics
2026-09-15,360,spider,2001,124165,14021,USD,"Heights Nissan Jackson Heights, NY",dealer,Used 2001 Ferrari 360 Spider F1,https://www.cars.com/vehicledetail/2756575a-734b-452f-a6dd-60ff2c840ef5/,Cars.com,ZFFYT53A610125843,Silver,,Cars.com asking; seller:Heights Nissan; zip:11372; trim:F1; exterior color: Silver
2026-09-15,360,spider,2001,124900,20231,USD,"Lakewood, Colorado, USA",dealer,2001 Ferrari 360 Spider,https://www.classic.com/veh/2001-ferrari-360-spider-zffyt53a310122964-WqJkZqp/,Classic.com,ZFFYT53A310122964,Red,Brown (Tan),Classic.com asterisk asking; 20k mi displayed; mileage blank (rounded Nk mi); fixed-price; seller:Elevation Motors
2026-09-15,360,spider,2001,139990,26537,USD,"Rockville, Maryland, USA",dealer,2001 Ferrari 360 Spider,https://www.classic.com/veh/2001-ferrari-360-spider-zffyt53a210126679-pgzBEeW/,Classic.com,ZFFYT53A210126679,Red,Brown (TAN),Classic.com asterisk asking; 26k mi displayed; mileage blank (rounded Nk mi); fixed-price; seller:Flemings Ultimate Garage
2026-09-15,360,spider,2001,165000,,USD,"Anaheim, California, USA",dealer,2001 Ferrari 360 Spider,https://www.classic.com/veh/2001-ferrari-360-spider-zffyt53a910123911-nmyGlQn/,Classic.com,ZFFYT53A910123911,,,Classic.com asterisk asking; 15k mi displayed; mileage blank (rounded Nk mi); fixed-price; seller:Corvette Mike
2026-09-15,360,spider,2001,225000,15128,USD,"Downingtown, Pennsylvania, USA",dealer,2001 Ferrari 360 Spider,https://www.classic.com/veh/2001-ferrari-360-spider-zffyt53a110125264-4Zmbq2p/,Classic.com,ZFFYT53A110125264,Rosso Corsa,Brown (TAN),Classic.com asterisk asking; 15k mi displayed; mileage blank (rounded Nk mi); fixed-price; seller:Tifosi Motors
2026-09-15,360,spider,2001,399989,13870,USD,"Greensboro, North Carolina, USA",dealer,2001 Ferrari 360 Spider,https://www.classic.com/veh/2001-ferrari-360-spider-zffyt53a710123793-ZnQyVqn/,Classic.com,ZFFYT53A710123793,Blue,Blue,Classic.com asterisk asking; 13k mi displayed; mileage blank (rounded Nk mi); fixed-price; seller:Ferrari of Greensboro
2026-09-15,360,spider,2001,500216,608,USD,"Houston, TX",dealer,Used 2001 Ferrari 360 Modena Spider,https://www.cars.com/vehicledetail/5c2cf225-34f5-43f8-be72-dca53823114b/,Cars.com,ZFFYT53AX10123979,Red,,Cars.com asking; seller:Porsche North Houston; zip:77090; trim:Spider; exterior color: Red
2026-09-15,360,spider,2002,83000,,USD,"South Salt Lake, Utah, USA",dealer,2002 Ferrari 360 Spider,https://www.classic.com/veh/2002-ferrari-360-spider-zffyt53a820128759-4aywLl4/,Classic.com,ZFFYT53A820128759,,,Classic.com asterisk asking; 27k mi displayed; mileage blank (rounded Nk mi); fixed-price; seller:Ararat Automotive
2026-09-15,360,spider,2002,114908,21261,USD,"San Juan Capistrano, CA",dealer,Used 2002 Ferrari 360 Spider,https://www.cars.com/vehicledetail/e8d74dfa-a467-46fd-9a19-eb5f2a3f1355/,Cars.com,ZFFYT53A420129018,Silver,,Cars.com asking; seller:Paradise Automotive Group; zip:92675; exterior color: Silver
2026-09-15,360,spider,2002,119988,,USD,"Mercer County, New Jersey, USA",dealer,2002 Ferrari 360 Spider,https://www.classic.com/veh/2002-ferrari-360-spider-zffyt53a920129550-knXGd54/,Classic.com,ZFFYT53A920129550,,,Classic.com asterisk asking; 22k mi displayed; mileage blank (rounded Nk mi); fixed-price; seller:Interstate Motorsport
2026-09-15,360,spider,2002,124995,15227,USD,"Tampa, Florida, USA",dealer,2002 Ferrari 360 Spider,https://www.classic.com/veh/2002-ferrari-360-spider-zffyt53a520129044-WNEkaqn/,Classic.com,ZFFYT53A520129044,Yellow,Brown (Tan),Classic.com asterisk asking; 15k mi displayed; mileage blank (rounded Nk mi); fixed-price; seller:European Exotic Center - Tampa
2026-09-15,360,spider,2002,127950,,USD,"Los Angeles County, California, USA",dealer,2002 Ferrari 360 Spider,https://www.classic.com/veh/2002-ferrari-360-spider-zffyt53a720127375-4o7b5J4/,Classic.com,ZFFYT53A720127375,,,Classic.com asterisk asking; 23k mi displayed; mileage blank (rounded Nk mi); fixed-price; seller:Luxury Auto Leasing
2026-09-15,360,spider,2002,146298,15564,USD,"Warrenville Heights, OH",dealer,Used 2002 Ferrari 360 Modena Spider,https://www.cars.com/vehicledetail/b1ff684a-d838-490d-b455-ced267235c8e/,Cars.com,ZFFYT53AX20129749,,,Cars.com asking; seller:Marshall Goldman Motor Sales (Ohio); zip:44128; trim:Spider
2026-09-15,360,spider,2002,154908,10679,USD,"San Juan Capistrano, CA",dealer,Used 2002 Ferrari 360 Spider,https://www.cars.com/vehicledetail/b7f6b7ff-3b23-4963-8297-dfae279f9f62/,Cars.com,ZFFYT53A420128869,Silver,,Cars.com asking; seller:Paradise Automotive Group; zip:92675; exterior color: Silver
2026-09-15,360,spider,2002,155000,9437,USD,"Bridgeton, New Jersey, USA",dealer,2002 Ferrari 360 Spider,https://www.classic.com/veh/2002-ferrari-360-spider-zffyt53a420128242-nBaa0Z4/,Classic.com,ZFFYT53A420128242,Rosso Corsa,Brown (Tan Leather),Classic.com asterisk asking; 9k mi displayed; mileage blank (rounded Nk mi); fixed-price; seller:P1 Exotics
2026-09-15,360,spider,2002,178908,23076,USD,"San Juan Capistrano, CA",dealer,Used 2002 Ferrari 360 Spider,https://www.cars.com/vehicledetail/5f2d7a6e-f96e-4b1c-bf63-9124db3f8f75/,Cars.com,ZFFYT53A120129249,Red,,Cars.com asking; seller:Paradise Automotive Group; zip:92675; exterior color: Red
2026-09-15,360,spider,2002,200694,20568,USD,"Raleigh, NC",dealer,2002 Ferrari 360 Spider,https://www.cargurus.com/details/458469474,CarGurus,ZFFYT53A020128867,Black,Gold,CarGurus asking; base price $199995; recorded fees-included total; trim:RWD; stock:128867; seller:Carolina Exotic Cars; exterior color: Black; interior color: Gold
2026-09-15,360,spider,2002,299995,12906,USD,"City of Glen Cove, New York, USA",dealer,2002 Ferrari 360 Spider,https://www.classic.com/veh/2002-ferrari-360-spider-zffyt53a920129578-p0OOYrW/,Classic.com,ZFFYT53A920129578,Red,Beige,Classic.com asterisk asking; 12k mi displayed; mileage blank (rounded Nk mi); fixed-price; seller:Ryan Friedman Motor Cars
2026-09-15,360,spider,2002,339063,,USD,"Village of Spring Valley, New York, USA",dealer,2002 Ferrari 360 Spider,https://www.classic.com/veh/2002-ferrari-360-spider-zffyt53a720127909-W9kY1y4/,Classic.com,ZFFYT53A720127909,,,Classic.com asterisk asking; 22k mi displayed; mileage blank (rounded Nk mi); fixed-price; seller:Wide World Ferrari
2026-09-15,360,spider,2003,119800,19062,USD,"Spider Base Motorenn Inc. Los Angeles, CA",dealer,Used 2003 Ferrari 360 Spider Base,https://www.cars.com/vehicledetail/1e8c982e-64c9-45de-8a3f-eeba095ddda8/,Cars.com,ZFFYT53A430131045,,,Cars.com asking; seller:Motorenn Inc.; zip:90045; trim:Base
2026-09-15,360,spider,2003,119908,26333,USD,"San Juan Capistrano, CA",dealer,Used 2003 Ferrari 360 Spider,https://www.cars.com/vehicledetail/275491fa-78b0-4bd5-9adf-ff610c4efc4c/,Cars.com,ZFFYT53A630131466,Silver,,Cars.com asking; seller:Paradise Automotive Group; zip:92675; exterior color: Silver
2026-09-15,360,spider,2003,129000,,USD,"Wellington, Florida, USA",dealer,2003 Ferrari 360 Spider,https://www.classic.com/veh/2003-ferrari-360-spider-zffyt53a930130392-n36GGB4/,Classic.com,ZFFYT53A930130392,,,Classic.com asterisk asking; 27k mi displayed; mileage blank (rounded Nk mi); fixed-price; seller:Autosport
2026-09-15,360,spider,2003,144000,26900,USD,"Kenneth Cana, FL",dealer,Used 2003 Ferrari 360 Spider Base,https://www.cars.com/vehicledetail/5079f805-9842-4793-a839-25ce515c43e1/,Cars.com,ZFFYT53A830132361,Red,,Cars.com asking; zip:34987; trim:Base; exterior color: Red
2026-09-15,360,spider,2003,178908,29306,USD,"San Juan Capistrano, CA",dealer,Used 2003 Ferrari 360 Spider,https://www.cars.com/vehicledetail/041e72cd-f525-48ef-9b34-a959ae4d670b/,Cars.com,ZFFYT53AX30133172,Black,,Cars.com asking; seller:Paradise Automotive Group; zip:92675; exterior color: Black
2026-09-15,360,spider,2003,262730,,USD,"Village of Spring Valley, New York, USA",dealer,2003 Ferrari 360 Spider,https://www.classic.com/veh/2003-ferrari-360-spider-zffyt53a630132617-4yMVoX4/,Classic.com,ZFFYT53A630132617,,,Classic.com asterisk asking; 29k mi displayed; mileage blank (rounded Nk mi); fixed-price; seller:Wide World Ferrari
2026-09-15,360,spider,2003,319995,10980,USD,"Glen Cove, NY",dealer,Used 2003 Ferrari 360 Spider Base,https://www.cars.com/vehicledetail/6c3cc50a-6848-4d45-9a80-c73c3b0847db/,Cars.com,ZFFYT53A730131458,Red,Beige,Cars.com asking; seller:Ryan Friedman Motor Cars; zip:11542; trim:Base
2026-09-15,360,spider,2003,319995,,USD,"City of Glen Cove, New York, USA",dealer,2003 Ferrari 360 Spider,https://www.classic.com/veh/2003-ferrari-360-spider-gated-6-speed-only-10k-mil-nwkYD3n/,Classic.com,,,,Classic.com asterisk asking; 11k mi displayed; mileage blank (rounded Nk mi); fixed-price; seller:Ryan Friedman Motor Cars
2026-09-15,360,spider,2003,360306,,USD,"Village of Spring Valley, New York, USA",dealer,2003 Ferrari 360 Spider,https://www.classic.com/veh/2003-ferrari-360-spider-zffyt53a230134106-pE7VyPn/,Classic.com,ZFFYT53A230134106,,,Classic.com asterisk asking; 8k mi displayed; mileage blank (rounded Nk mi); fixed-price; seller:Wide World Ferrari
2026-09-15,360,spider,2004,139990,30467,USD,"Rockville, Maryland, USA",dealer,2004 Ferrari 360 Spider,https://www.classic.com/veh/2004-ferrari-360-spider-zffyt53a940137103-nKvBOx4/,Classic.com,ZFFYT53A940137103,Grigio Titanio,Gray,Classic.com asterisk asking; 30k mi displayed; mileage blank (rounded Nk mi); fixed-price; seller:Flemings Ultimate Garage
2026-09-15,360,spider,2004,149900,14832,USD,"Boca Raton, Florida, USA",dealer,2004 Ferrari 360 Spider,https://www.classic.com/veh/2004-ferrari-360-spider-zffyt53ax40138602-WLZ7BN4/,Classic.com,ZFFYT53AX40138602,Silver,Blue,Classic.com asterisk asking; 14k mi displayed; mileage blank (rounded Nk mi); fixed-price; seller:Atlantis Motor Group
2026-09-15,360,spider,2004,179900,11199,USD,"Naples, Florida, USA",dealer,2004 Ferrari 360 Spider,https://www.classic.com/veh/2004-ferrari-360-spider-zffyt53a340137811-47kV1x4/,Classic.com,ZFFYT53A340137811,Rosso Corsa,Brown (Tan),Classic.com asterisk asking; 11k mi displayed; mileage blank (rounded Nk mi); fixed-price; seller:Black Horse Motors
2026-09-15,360,spider,2004,199000,42675,USD,"Van Nuys, California, USA",dealer,2004 Ferrari 360 Spider,https://www.classic.com/veh/2004-ferrari-360-spider-zffyt53ax40136395-n8MXqAW/,Classic.com,ZFFYT53AX40136395,Red,Beige,Classic.com asterisk asking; 42k mi displayed; mileage blank (rounded Nk mi); fixed-price; seller:Ferrari Los Angeles
2026-09-15,360,spider,2004,289995,,USD,"City of Glen Cove, New York, USA",dealer,2004 Ferrari 360 Spider,https://www.classic.com/veh/2004-ferrari-360-spider-6-speed-manual-zffyt53a040-nQGEKrp/,Classic.com,,,,Classic.com asterisk asking; 21k mi displayed; mileage blank (rounded Nk mi); fixed-price; seller:Ryan Friedman Motor Cars
2026-09-15,360,spider,2005,140070,23869,USD,"San Juan Capistrano, CA",dealer,Used 2005 Ferrari 360 Spider,https://www.cars.com/vehicledetail/c69215f4-258e-46c4-9722-1b5f60c12efe/,Cars.com,ZFFYT53A150140031,Red,,Cars.com asking; seller:Paradise Automotive Group; zip:92675; exterior color: Red
2026-09-15,360,spider,2005,189999,8913,USD,"Huntington Beach, California, USA",dealer,2005 Ferrari 360 Spider,https://www.classic.com/veh/2005-ferrari-360-spider-zffyt53a650140137-WNAlJkn/,Classic.com,ZFFYT53A650140137,Red,Brown (Tan),Classic.com asterisk asking; 8k mi displayed; mileage blank (rounded Nk mi); fixed-price; seller:Quantum Cars
2026-09-15,360,spider,2005,219706,4467,USD,"Good Deal High Demand Wide World Ferrari Spring Valley, NY",dealer,Used 2005 Ferrari 360 Spider F1,https://www.cars.com/vehicledetail/07f89825-14ad-4b2f-90ac-9382c81a222d/,Cars.com,ZFFYT53A750140051,,,Cars.com asking; seller:Wide World Ferrari; zip:10977; trim:F1
2026-09-15,355,spider,1995,229999,18279,USD,"Spider Brooklyn Auto Sales Staten Island, NY",dealer,Used 1995 Ferrari F355 Spider,https://www.cars.com/vehicledetail/eec145c0-fe91-477c-966d-de2cf0a7d843/,Cars.com,ZFFPR48A5S0103430,Yellow,Brown,Cars.com asking; seller:Brooklyn Auto Sales; zip:10310; trim:Spider; exterior color: Yellow
2026-09-15,355,berlinetta,1995,285900,32299,USD,"Brentwood, Tennessee, USA",dealer,1995 Ferrari F355 Berlinetta,https://www.classic.com/veh/1995-ferrari-f355-berlinetta-zffpr41a5s0100960-WYAB87W/,Classic.com,ZFFPR41A5S0100960,Yellow,Black,Classic.com asterisk asking; 32k mi displayed; mileage blank (rounded Nk mi); fixed-price; seller:Nashville Autosport
2026-09-15,355,berlinetta,1996,19999,70000,USD,"Base High Demand RV Car Depot Spring Valley, CA",dealer,Used 1996 Ferrari F355 Base,https://www.cars.com/vehicledetail/999909cf-325d-44a1-b2b2-27407282fd1b/,Cars.com,FFFFFFFFFFFFFFFFFF,Yellow,,Cars.com asking; seller:RV Car Depot; zip:91977; trim:Base; exterior color: Yellow
2026-09-15,355,berlinetta,1996,239995,45416,USD,"Glen Cove, NY",dealer,Used 1996 Ferrari F355 Berlinetta F1,https://www.cars.com/vehicledetail/f95d687f-2d78-444b-a09f-4d0a5f4c600d/,Cars.com,ZFFXR41B000105129,Red,,Cars.com asking; seller:Ryan Friedman Motor Cars; zip:11542; trim:Berlinetta F1; exterior color: Red
2026-09-15,355,spider,1996,352805,,USD,"Village of Spring Valley, New York, USA",dealer,1996 Ferrari F355 Spider,https://www.classic.com/veh/1996-ferrari-f355-spider-zffxr48a4t0104778-pGArv6n/,Classic.com,ZFFXR48A4T0104778,,,Classic.com asterisk asking; 9k mi displayed; mileage blank (rounded Nk mi); fixed-price; seller:Wide World Ferrari
2026-09-15,355,berlinetta,1996,395000,,USD,"Mattituck, New York, USA",dealer,1996 Ferrari F355 Berlinetta,https://www.classic.com/veh/1996-ferrari-f355-berlinetta-zffpr41b000103568-pzO53M4/,Classic.com,ZFFPR41B000103568,,,Classic.com asterisk asking; 35k km (22k mi) displayed; mileage blank (rounded Nk mi); fixed-price; seller:Superior Motors
2026-09-15,355,spider,1997,220599,34388,USD,"Spider Fair Deal RP Exotics Saint Louis, MO",dealer,Used 1997 Ferrari F355 Spider,https://www.cars.com/vehicledetail/10c35454-7038-450d-aae7-26b23fc9aafe/,Cars.com,ZFFXR48A0V0108801,Red,Brown (Tan),Cars.com asking; seller:RP Exotics; zip:63132; trim:Spider; exterior color: Red
2026-09-15,355,spider,1997,299355,18300,USD,"Canton, Ohio, USA",dealer,1997 Ferrari F355 Spider,https://www.classic.com/veh/1997-ferrari-f355-spider-zffxr48a9v0108487-Wjk8odp/,Classic.com,ZFFXR48A9V0108487,Red,Brown (TAN),Classic.com asterisk asking; 18k mi displayed; mileage blank (rounded Nk mi); fixed-price; seller:Rsm Motors
2026-09-15,355,gts,1997,370000,38698,USD,"GTS Rocky's Ultimate Garage West Palm Beach, FL",dealer,Used 1997 Ferrari F355 GTS,https://www.cars.com/vehicledetail/fbf3f671-7cd6-472e-bef7-78c012e4b250/,Cars.com,ZFFXR42B000112679,,,Cars.com asking; 355 GTS targa (priority body); seller:Rocky's Ultimate Garage; zip:33409; trim:GTS
2026-09-15,355,gts,1997,399995,27345,USD,"City of Glen Cove, New York, USA",dealer,1997 Ferrari F355 GTS,https://www.classic.com/veh/1997-ferrari-f355-gts-zffxr42a7v0108559-nBaQo74/,Classic.com,ZFFXR42A7V0108559,Black,Brown (Tan),Classic.com asterisk asking; 355 GTS targa (priority body); 27k mi displayed; mileage blank (rounded Nk mi); fixed-price; seller:Ryan Friedman Motor Cars
2026-09-15,355,berlinetta,1998,139000,36116,USD,"Base Black Horse Garage Bridgeport, CT",dealer,Used 1998 Ferrari F355 Base,https://www.cars.com/vehicledetail/80cadee9-a543-4883-8788-0ba48a70faf8/,Cars.com,ZFFXR48A0W0112333,,,Cars.com asking; seller:Black Horse Garage; zip:06607; trim:Base
2026-09-15,355,spider,1998,160494,33047,USD,"Roswell, GA",dealer,1998 Ferrari F355,https://www.cargurus.com/details/454873069,CarGurus,ZFFXR48A2W0109787,Red,Brown (Tan),CarGurus asking; base price $159995; recorded fees-included total; trim:Spider V8 RWD; stock:1206; seller:Clark Motors; exterior color: Red; interior color: Brown (Tan)
2026-09-15,355,spider,1999,94900,,USD,"Wellington, Florida, USA",dealer,1999 Ferrari F355 Spider,https://www.classic.com/veh/1999-ferrari-355-f1-spider-zffxr48a6x0115934-n35NXQp/,Classic.com,ZFFXR48A6X0115934,,,Classic.com asterisk asking; 20k mi displayed; mileage blank (rounded Nk mi); fixed-price; seller:Thoroughbred Motors
2026-09-15,355,berlinetta,1999,114813,58297,USD,"Base One Exotics Tampa, FL",dealer,Used 1999 Ferrari F355 Base,https://www.cars.com/vehicledetail/4133382c-dc39-428e-9d5c-4022ea74a39b/,Cars.com,ZFFXR48A5X0115424,Yellow,Black,Cars.com asking; seller:One Exotics; zip:33602; trim:Base; exterior color: Yellow
2026-09-15,355,spider,1999,189900,18022,USD,"Lake Bluff, IL",dealer,Used 1999 Ferrari F355 Spider,https://www.cars.com/vehicledetail/04d147d9-2cae-4914-ac43-409c68743dc0/,Cars.com,ZFFXR48A5X0115973,Red,Brown (Tan),Cars.com asking; seller:Ferrari Lake Forest; zip:60044; trim:Spider; exterior color: Red
2026-09-15,355,spider,1999,299900,22250,USD,"Manasquan, NJ",dealer,Used 1999 Ferrari F355 Spider,https://www.cars.com/vehicledetail/824a4cd4-596e-4d62-8209-650667e2047a/,Cars.com,ZFFXR48A9X0116303,Black,,Cars.com asking; seller:Brian's Auto Center; zip:08736; trim:Spider; exterior color: Black
2026-09-15,355,spider,1999,299900,,USD,"Monmouth County, New Jersey, USA",dealer,1999 Ferrari F355 Spider,https://www.classic.com/veh/1999-ferrari-f355-spider-gated-6-speed-manual-zffx-WvkR5yp/,Classic.com,,,,Classic.com asterisk asking; 22k mi displayed; mileage blank (rounded Nk mi); fixed-price; seller:Brian's Auto Center
2026-09-15,355,spider,1999,379990,24287,USD,"Minneapolis, MN",dealer,Used 1999 Ferrari F355 Spider,https://www.cars.com/vehicledetail/cf2dbdd4-b796-4cfa-8635-3c2d72b381a1/,Cars.com,ZFFXR48AXX0116570,Black,,Cars.com asking; seller:Twin Cities Performance; zip:55426; trim:Spider; exterior color: Black
2026-09-15,355,berlinetta,1999,449000,,USD,"Bensalem Township, Pennsylvania, USA",dealer,1999 Ferrari F355 Berlinetta,https://www.classic.com/veh/1999-ferrari-f355-berlinetta-zffxr41a3x0115609-4D3VOop/,Classic.com,ZFFXR41A3X0115609,,,Classic.com asterisk asking; 10k mi displayed; mileage blank (rounded Nk mi); fixed-price; seller:Professional Sales Inc.
2026-09-15,348,ts,1990,111698,28258,USD,"Louisville, KY",dealer,1990 Ferrari 348,https://www.cargurus.com/details/457440466,CarGurus,ZFFFG36A0L0087833,Blue Chiaro,Dark Blue,CarGurus asking; base price $111005; recorded fees-included total; 348 TS is the earlier targa; trim:TS; stock:P8566; seller:Cross Chrysler Jeep; exterior color: Blue Chiaro; interior color: Dark Blue
2026-09-15,348,ts,1990,259999,7294,USD,"King of Prussia, Pennsylvania, USA",dealer,1990 Ferrari 348 TS,https://www.classic.com/veh/1990-ferrari-348-ts-zfffg36a6l0087190-vnmXx47/,Classic.com,ZFFFG36A6L0087190,Rosso Corsa,Brown (Beige),Classic.com asterisk asking; 348 TS is the earlier targa; 7k mi displayed; mileage blank (rounded Nk mi); fixed-price; seller:Motorcars of the Main Line
2026-09-15,348,ts,1992,139000,,USD,"Bridgeton, New Jersey, USA",dealer,1992 Ferrari 348 TS,https://www.classic.com/veh/1992-ferrari-348-ts-zffrg36a9n0092531-WvZvXvW/,Classic.com,ZFFRG36A9N0092531,,,Classic.com asterisk asking; 348 TS is the earlier targa; 35k mi displayed; mileage blank (rounded Nk mi); fixed-price; seller:P1 Exotics
2026-09-15,348,ts,1992,143900,,USD,"Monmouth County, New Jersey, USA",dealer,1992 Ferrari 348 TS,https://www.classic.com/veh/1992-ferrari-348-ts-zffrg36a8n0090768-pE7G8qn/,Classic.com,ZFFRG36A8N0090768,,,Classic.com asterisk asking; 348 TS is the earlier targa; 36k mi displayed; mileage blank (rounded Nk mi); fixed-price; seller:Brian's Auto Center
2026-09-15,348,spider,1995,125000,,USD,"Reno, Nevada, USA",dealer,1995 Ferrari 348 Spider,https://www.classic.com/veh/1995-ferrari-348-spider-zffrg43a7s0098916-nQxyYA4/,Classic.com,ZFFRG43A7S0098916,,,Classic.com asterisk asking; 14k mi displayed; mileage blank (rounded Nk mi); fixed-price; seller:Cool Classics International
