snapshot_or_event_date,status,make,model_family,body,model_year,asking_price_usd,sold_price_usd,mileage_miles,location,listing_title,listing_url,source,vin_or_stock,notes
2026-09-14,last_ask,Ferrari,296,coupe,2024,324900,,,"Bellevue, Washington, USA",2024 Ferrari 296 GTB,https://www.classic.com/veh/2024-ferrari-296-gtb-zff99sla4r0311071-pPxgN3p/,Classic.com,ZFF99SLA4R0311071,296 GTB; 2k mi displayed; mileage blank (rounded Nk mi); Classic.com Last Asking (removed/sold without published sold price)
2026-09-14,last_ask,Lamborghini,Revuelto,coupe,2024,659990,,,"New Albany, Indiana, USA",2024 Lamborghini Revuelto,https://www.classic.com/veh/2024-lamborghini-revuelto-zhwuc1zmxrla00291-nKxR0vW/,Classic.com,ZHWUC1ZMXRLA00291,Revuelto; 5k mi displayed; mileage blank (rounded Nk mi); Classic.com Last Asking (removed/sold without published sold price)
2026-09-14,last_ask,Ferrari,SF90,coupe,2023,484985,,,"Palm Harbor, Florida, USA",2023 Ferrari SF90 Stradale,https://www.classic.com/veh/2023-ferrari-sf90-stradale-zff95nla6p0290802-WbRg7PW/,Classic.com,ZFF95NLA6P0290802,SF90 Stradale; 1k mi displayed; mileage blank (rounded Nk mi); Classic.com Last Asking (removed/sold without published sold price)
2026-09-14,last_ask,Ferrari,SF90,coupe,2022,447990,,,"Portland, Oregon, USA",2022 Ferrari SF90 Stradale,https://www.classic.com/veh/2022-ferrari-sf90-stradale-zff95nla0n0282935-nOJa7E4/,Classic.com,ZFF95NLA0N0282935,SF90 Stradale; 1k mi displayed; mileage blank (rounded Nk mi); Classic.com Last Asking (removed/sold without published sold price)
2026-09-13,last_ask,Ferrari,296,coupe,2025,325000,,,"San Diego, California, USA",2025 Ferrari 296 GTB,https://www.classic.com/veh/2025-ferrari-296-gtb-zff99sla9s0318605-47r1BXp/,Classic.com,ZFF99SLA9S0318605,296 GTB; 4k mi displayed; mileage blank (rounded Nk mi); Classic.com Last Asking (removed/sold without published sold price)
2026-09-13,last_ask,Ferrari,296,spider,2024,449988,,471,"Pompano Beach, Florida, USA",2024 Ferrari 296 GTS Assetto Fiorano,https://www.classic.com/veh/2024-ferrari-296-gts-assetto-fiorano-zff01smaxr030-nKw8XXn/,Classic.com,,296 GTS; exact miles displayed: 471 mi; Classic.com Last Asking (removed/sold without published sold price)
2026-09-13,last_ask,Ferrari,296,spider,2024,399999,,,"DuPage County, Illinois, USA",2024 Ferrari 296 GTS,https://www.classic.com/veh/2024-ferrari-296-gts-zff01sma8r0309645-4aaVPx4/,Classic.com,ZFF01SMA8R0309645,296 GTS; 1k mi displayed; mileage blank (rounded Nk mi); Classic.com Last Asking (removed/sold without published sold price)
2026-09-13,last_ask,Lamborghini,Aventador_SVJ,coupe,2019,1111111,,,"Wilsonville, Oregon, USA",2019 Lamborghini Aventador LP770-4 SVJ,https://www.classic.com/veh/2019-lamborghini-aventador-lp770-4-svj-zhwum6zdxkl-nl2XmQp/,Classic.com,,Aventador LP770-4 SVJ; 5k mi displayed; mileage blank (rounded Nk mi); Classic.com Last Asking (removed/sold without published sold price)
2026-09-13,last_ask,Lamborghini,Revuelto,coupe,2024,639389,,,"Highlands Ranch, Colorado, USA",2024 Lamborghini Revuelto,https://www.classic.com/veh/2024-lamborghini-revuelto-zhwuc1zm9rla01383-WY2l51p/,Classic.com,ZHWUC1ZM9RLA01383,Revuelto; 4k mi displayed; mileage blank (rounded Nk mi); Classic.com Last Asking (removed/sold without published sold price)
2026-09-13,last_ask,Lamborghini,Revuelto,coupe,2026,768672,,59,"West Palm Beach, Florida, USA",2026 Lamborghini Revuelto,https://www.classic.com/veh/2026-lamborghini-revuelto-zhwuc1zm7tla04953-p6qBZmW/,Classic.com,ZHWUC1ZM7TLA04953,Revuelto; exact miles displayed: 59 mi; Classic.com Last Asking (removed/sold without published sold price)
2026-09-13,last_ask,Ferrari,SF90,spider,2024,596389,,,"Highlands Ranch, Colorado, USA",2024 Ferrari SF90 Spider,https://www.classic.com/veh/2024-ferrari-sf90-spider-zff96nma2r0306055-47rzdEp/,Classic.com,ZFF96NMA2R0306055,SF90 Spider; 2k mi displayed; mileage blank (rounded Nk mi); Classic.com Last Asking (removed/sold without published sold price)
2026-09-13,last_ask,Ferrari,SF90,spider,2022,769988,,,"Pompano Beach, Florida, USA",2022 Ferrari SF90 Spider,https://www.classic.com/veh/2022-ferrari-sf90-spider-zff96nma6n0278206-nXDZo7n/,Classic.com,ZFF96NMA6N0278206,SF90 Spider; 2k mi displayed; mileage blank (rounded Nk mi); Classic.com Last Asking (removed/sold without published sold price)
2026-09-12,last_ask,Ferrari,296,coupe,2025,365000,,800,"San Diego, California, USA",2025 Ferrari 296 GTB,https://www.classic.com/veh/2025-ferrari-296-gtb-zff99sla0s0318606-4Mob1lW/,Classic.com,ZFF99SLA0S0318606,296 GTB; exact miles displayed: 800 mi; Classic.com Last Asking (removed/sold without published sold price)
2026-09-12,last_ask,Ferrari,296,coupe,2023,324985,,,"Palm Harbor, Florida, USA",2023 Ferrari 296 GTB Assetto Fiorano,https://www.classic.com/veh/2023-ferrari-296-gtb-assetto-fiorano-zff99sla4p029-4a9kKX4/,Classic.com,,296 GTB; 1k mi displayed; mileage blank (rounded Nk mi); Classic.com Last Asking (removed/sold without published sold price)
2026-09-12,last_ask,Ferrari,296,coupe,2025,337998,,,"Mill Valley, California, USA",2025 Ferrari 296 GTB,https://www.classic.com/veh/2025-ferrari-296-gtb-zff99sla9s0313775-pzl3PEn/,Classic.com,ZFF99SLA9S0313775,296 GTB; 4k mi displayed; mileage blank (rounded Nk mi); Classic.com Last Asking (removed/sold without published sold price)
2026-09-12,last_ask,Lamborghini,Aventador_SVJ,coupe,2019,1225221,,,"Wilsonville, Oregon, USA",2019 Lamborghini Aventador LP770-4 SVJ,https://www.classic.com/veh/2019-lamborghini-aventador-lp770-4-svj-zhwum6zd1kl-pEaYjqp/,Classic.com,,Aventador LP770-4 SVJ; 4k mi displayed; mileage blank (rounded Nk mi); Classic.com Last Asking (removed/sold without published sold price)
2026-09-12,sold,Lamborghini,Gallardo,spider,2006,,102300,,"Las Vegas, Nevada, USA",2006 Lamborghini Gallardo Spyder,https://www.classic.com/veh/2006-lamborghini-gallardo-spyder-zhwgu22t46la03829-XnlqNJW/,Classic.com,ZHWGU22T46LA03829,Gallardo Spyder; 23k mi displayed; mileage blank (rounded Nk mi); auction sold
2026-09-12,off_market,Lamborghini,Revuelto,coupe,2024,,,,"Las Vegas, Nevada, USA",2024 Lamborghini Revuelto,https://www.classic.com/veh/2024-lamborghini-revuelto-zhwuc1zm2rla00897-n2Vxlqn/,Classic.com,ZHWUC1ZM2RLA00897,Revuelto; 1k mi displayed; mileage blank (rounded Nk mi); off_market/pending/undisclosed historical card
2026-09-12,last_ask,Lamborghini,Revuelto,coupe,2024,629900,,,"Newtown Township, Pennsylvania, USA",2024 Lamborghini Revuelto,https://www.classic.com/veh/2024-lamborghini-revuelto-coupe-zhwuc1zm6rla00918-WRdewJ4/,Classic.com,ZHWUC1ZM6RLA00918,Revuelto; 3k mi displayed; mileage blank (rounded Nk mi); Classic.com Last Asking (removed/sold without published sold price)
2026-09-12,last_ask,Ferrari,SF90,coupe,2021,399995,,,"Tampa, Florida, USA",2021 Ferrari SF90 Stradale,https://www.classic.com/veh/2021-ferrari-sf90-stradale-zff95nla2m0266282-4Vwzd2n/,Classic.com,ZFF95NLA2M0266282,SF90 Stradale; 1k mi displayed; mileage blank (rounded Nk mi); Classic.com Last Asking (removed/sold without published sold price)
2026-09-11,last_ask,Ferrari,296,spider,2025,389900,,95,"Beverly Hills, California, USA",2025 Ferrari 296 GTS,https://www.classic.com/veh/2025-ferrari-296-gts-zff01sma4s0315688-WLA6J6p/,Classic.com,ZFF01SMA4S0315688,296 GTS; exact miles displayed: 95 mi; Classic.com Last Asking (removed/sold without published sold price)
2026-09-11,sold,Lamborghini,Gallardo,spider,2008,,105000,,"Marietta, Georgia, USA",2008 Lamborghini Gallardo Spyder,https://www.classic.com/veh/2008-lamborghini-gallardo-spyder-zhwgu22t98la06843-4oa6bvW/,Classic.com,ZHWGU22T98LA06843,Gallardo Spyder; 22k mi displayed; mileage blank (rounded Nk mi); auction sold
2026-09-11,sold,Lamborghini,Gallardo,coupe,2012,,630000,,"Franklin, Tennessee, USA",2012 Lamborghini Gallardo LP 570-4 Super Trofeo Stradale,https://www.classic.com/veh/2012-lamborghini-gallardo-lp-570-4-super-trofeo-st-pP3amoW/,Classic.com,,Gallardo; 4k mi displayed; mileage blank (rounded Nk mi); auction sold
2026-09-11,last_ask,Lamborghini,Revuelto,coupe,2025,698799,,350,"Scottsdale, Arizona, USA",2025 Lamborghini Revuelto,https://www.classic.com/veh/2025-lamborghini-revuelto-zhwuc1zm6sla03128-n8lg7Yn/,Classic.com,ZHWUC1ZM6SLA03128,Revuelto; exact miles displayed: 350 mi; Classic.com Last Asking (removed/sold without published sold price)
2026-09-11,last_ask,Ferrari,SF90,spider,2022,564999,,,"San Diego, California, USA",2022 Ferrari SF90 Spider,https://www.classic.com/veh/2022-ferrari-sf90-spider-zff96nma4n0279435-n36EbE4/,Classic.com,ZFF96NMA4N0279435,SF90 Spider; 2k mi displayed; mileage blank (rounded Nk mi); Classic.com Last Asking (removed/sold without published sold price)
2026-09-11,last_ask,Ferrari,SF90,spider,2025,575900,,53,"Roswell, Georgia, USA",2025 Ferrari SF90 Spider,https://www.classic.com/veh/2025-ferrari-sf90-spider-zff96nma0s0315004-WRdVDJ4/,Classic.com,ZFF96NMA0S0315004,SF90 Spider; exact miles displayed: 53 mi; Classic.com Last Asking (removed/sold without published sold price)
2026-09-11,last_ask,Ferrari,SF90,coupe,2023,469982,,,"Naples, Florida, USA",2023 Ferrari SF90 Stradale,https://www.classic.com/veh/2023-ferrari-sf90-stradale-zff95nla4p0286585-pg9PLPn/,Classic.com,ZFF95NLA4P0286585,SF90 Stradale; 1k mi displayed; mileage blank (rounded Nk mi); Classic.com Last Asking (removed/sold without published sold price)
2026-09-10,last_ask,Ferrari,296,spider,2024,379000,,,"Boynton Beach, Florida, USA",2024 Ferrari 296 GTS,https://www.classic.com/veh/2024-ferrari-296-gts-zff01sma9r0304261-nm2z2GW/,Classic.com,ZFF01SMA9R0304261,296 GTS; 4k mi displayed; mileage blank (rounded Nk mi); Classic.com Last Asking (removed/sold without published sold price)
2026-09-10,last_ask,Ferrari,296,coupe,2024,319913,,,"Wilsonville, Oregon, USA",2024 Ferrari 296 GTB,https://www.classic.com/veh/2024-ferrari-296-gtb-zff99sla8r0312143-WYwyzd4/,Classic.com,ZFF99SLA8R0312143,296 GTB; 4k mi displayed; mileage blank (rounded Nk mi); Classic.com Last Asking (removed/sold without published sold price)
2026-09-10,last_ask,Lamborghini,Gallardo,coupe,2013,175900,,,"Boynton Beach, Florida, USA",2013 Lamborghini Gallardo LP560-4,https://www.classic.com/veh/2013-lamborghini-gallardo-lp560-4-zhwgu5au2dla1211-pe560wp/,Classic.com,,Gallardo; 14k mi displayed; mileage blank (rounded Nk mi); Classic.com Last Asking (removed/sold without published sold price)
2026-09-10,last_ask,Lamborghini,Gallardo,coupe,2004,248995,,,"Tampa, Florida, USA",2004 Lamborghini Gallardo,https://www.classic.com/veh/2004-lamborghini-gallardo-zhwgu11m04la00976-n85OoAW/,Classic.com,ZHWGU11M04LA00976,Gallardo; 23k mi displayed; mileage blank (rounded Nk mi); Classic.com Last Asking (removed/sold without published sold price)
2026-09-10,last_ask,Lamborghini,Murcielago,coupe,2005,738773,,,"Carrollton, Texas, USA",2005 Lamborghini Murciélago,https://www.classic.com/veh/2005-lamborghini-murcielago-zhwbu26s85la01673-WqDqXjn/,Classic.com,ZHWBU26S85LA01673,Murcielago; 7k mi displayed; mileage blank (rounded Nk mi); Classic.com Last Asking (removed/sold without published sold price)
2026-09-10,off_market,Lamborghini,Revuelto,coupe,2024,618251,,,"Englewood, Colorado, USA",2024 Lamborghini Revuelto,https://www.classic.com/veh/2024-lamborghini-revuelto-zhwuc1zm8rla01312-nwKY0Pn/,Classic.com,ZHWUC1ZM8RLA01312,Revuelto; 1k mi displayed; mileage blank (rounded Nk mi); off_market/pending/undisclosed historical card
2026-09-10,last_ask,Lamborghini,Revuelto,coupe,2024,639999,,,"New York, New York, USA",2024 Lamborghini Revuelto,https://www.classic.com/veh/2024-lamborghini-revuelto-zhwuc1zm3rla01346-nBQvkN4/,Classic.com,ZHWUC1ZM3RLA01346,Revuelto; 3k mi displayed; mileage blank (rounded Nk mi); Classic.com Last Asking (removed/sold without published sold price)
2026-09-10,last_ask,Ferrari,SF90,spider,2023,699000,,289,"Van Nuys, California, USA",2023 Ferrari SF90 Spider,https://www.classic.com/veh/2023-ferrari-sf90-spider-zff96nma2p0297676-nXgz8k4/,Classic.com,ZFF96NMA2P0297676,SF90 Spider; exact miles displayed: 289 mi; Classic.com Last Asking (removed/sold without published sold price)
2026-09-09,sold,Ferrari,296,coupe,2024,,350000,277,"Boynton Beach, Florida, USA",2024 Ferrari 296 GTB Assetto Fiorano,https://www.classic.com/veh/2024-ferrari-296-gtb-assetto-fiorano-zff99sla9r031-WqyeqjW/,Classic.com,,296 GTB; exact miles displayed: 277 mi; auction sold
2026-09-09,last_ask,Ferrari,296,coupe,2025,349000,,426,"Thousand Oaks, California, USA",2025 Ferrari 296 GTB,https://www.classic.com/veh/2025-ferrari-296-gtb-zff99sla2s0325508-WbKbwvp/,Classic.com,ZFF99SLA2S0325508,296 GTB; exact miles displayed: 426 mi; Classic.com Last Asking (removed/sold without published sold price)
2026-09-09,last_ask,McLaren,Artura,coupe,2023,179900,,,"Costa Mesa, California, USA",2023 McLaren Artura Coupe,https://www.classic.com/veh/2023-mclaren-artura-coupe-sbm16aea9pw001804-n358eBp/,Classic.com,SBM16AEA9PW001804,Artura; 7k mi displayed; mileage blank (rounded Nk mi); Classic.com Last Asking (removed/sold without published sold price)
2026-09-09,sold,Lamborghini,Aventador_SVJ,coupe,2021,,1550000,,"Charlotte, North Carolina, USA",2021 Lamborghini Aventador LP770-4 SVJ,https://www.classic.com/veh/2021-lamborghini-aventador-lp770-4-svj-zhwun6zd1ml-4a59Jv4/,Classic.com,,Aventador LP770-4 SVJ; 4k mi displayed; mileage blank (rounded Nk mi); auction sold
2026-09-09,sold,Lamborghini,Gallardo,coupe,2004,,220000,,"Fremont, California, USA",2004 Lamborghini Gallardo,https://www.classic.com/veh/2004-lamborghini-gallardo-zhwgu11m04la00718-W9Xa1bn/,Classic.com,ZHWGU11M04LA00718,Gallardo; 22k mi displayed; mileage blank (rounded Nk mi); auction sold
2026-09-08,last_ask,Ferrari,296,coupe,2024,317995,,,"Calabasas, California, USA",2024 Ferrari 296 GTB,https://www.classic.com/veh/2024-ferrari-296-gtb-zff99sla8r0305239-n1oJX2p/,Classic.com,ZFF99SLA8R0305239,296 GTB; 3k mi displayed; mileage blank (rounded Nk mi); Classic.com Last Asking (removed/sold without published sold price)
2026-09-08,last_ask,Lamborghini,Murcielago,spider,2009,,,,"Manhattan Beach, California, USA",2009 Lamborghini Murciélago LP640-4 Roadster,https://www.classic.com/veh/2009-lamborghini-murcielago-lp640-4-roadster-2hwbe-4AxdNMp/,Classic.com,,Murcielago Roadster; 6k km (3k mi) displayed; mileage blank (rounded Nk mi from km conversion); Classic.com Last Asking (removed/sold without published sold price)
2026-09-07,last_ask,Ferrari,296,spider,2024,426697,,889,"Scottsdale, Arizona, USA",2024 Ferrari 296 GTS,https://www.classic.com/veh/2024-ferrari-296-gts-zff01sma0r0312197-4yjgJDn/,Classic.com,ZFF01SMA0R0312197,296 GTS; exact miles displayed: 889 mi; Classic.com Last Asking (removed/sold without published sold price)
2026-09-07,last_ask,Ferrari,296,coupe,2024,344870,,,"Roswell, Georgia, USA",2024 Ferrari 296 GTB,https://www.classic.com/veh/2024-ferrari-296-gtb-zff99sla3r0304208-p0G1L0W/,Classic.com,ZFF99SLA3R0304208,296 GTB; 1k mi displayed; mileage blank (rounded Nk mi); Classic.com Last Asking (removed/sold without published sold price)
2026-09-07,last_ask,Ferrari,488,spider,2018,377500,,,"Broward County, Florida, USA",2018 Ferrari 488 Spider Convertible,https://www.classic.com/veh/2018-ferrari-488-spider-zff80amaxj0232989-pe2edz4/,Classic.com,ZFF80AMAXJ0232989,14k mi displayed; mileage blank (rounded Nk mi); Classic.com Last Asking (removed/sold without published sold price)
2026-09-07,last_ask,Ferrari,488,coupe,2018,350438,,,,2018 Ferrari 488 GTB Base,https://www.classic.com/veh/2018-ferrari-488-gtb-zff79ala0j0231272-4y0ZEDp/,Classic.com,ZFF79ALA0J0231272,13k mi displayed; mileage blank (rounded Nk mi); Classic.com Last Asking (removed/sold without published sold price)
2026-09-07,last_ask,McLaren,600LT,spider,2020,289999,,,"New York, New York, USA",2020 McLaren 600LT Spider,https://www.classic.com/veh/2020-mclaren-600lt-convertible-sbm13saa1lw007823-n2Q7zB4/,Classic.com,SBM13SAA1LW007823,8k mi displayed; mileage blank (rounded Nk mi); Classic.com Last Asking (removed/sold without published sold price)
2026-09-07,sold,Lamborghini,Gallardo,spider,2007,,265000,,"Blaine, Washington, USA",2007 Lamborghini Gallardo Spyder,https://www.classic.com/veh/2007-lamborghini-gallardo-spyder-zhwgc22n47la04274-pG17L2n/,Classic.com,ZHWGC22N47LA04274,Gallardo Spyder; 16k mi displayed; mileage blank (rounded Nk mi); auction sold
2026-09-06,last_ask,Ferrari,296,spider,2025,499990,,,"Douglas County, Colorado, USA",2025 Ferrari 296 GTS,https://www.classic.com/veh/2025-ferrari-296-gts-zff01sma8s0317475-pPL9w3p/,Classic.com,ZFF01SMA8S0317475,296 GTS; 1k mi displayed; mileage blank (rounded Nk mi); Classic.com Last Asking (removed/sold without published sold price)
2026-09-06,last_ask,Ferrari,488,coupe,2016,269900,,,"Charlotte, North Carolina, USA",2016 Ferrari 488 GTB,https://www.classic.com/veh/2016-ferrari-488-gtb-zff79ala3g0215494-pG87Ox4/,Classic.com,ZFF79ALA3G0215494,23k mi displayed; mileage blank (rounded Nk mi); Classic.com Last Asking (removed/sold without published sold price)
2026-09-06,last_ask,McLaren,600LT,coupe,2020,219990,,,"Orlando, Florida, USA",2020 McLaren 600LT,https://www.classic.com/veh/2020-mclaren-600lt-sbm13saa8lw007642-45eXbz4/,Classic.com,SBM13SAA8LW007642,20k mi displayed; mileage blank (rounded Nk mi); Classic.com Last Asking (removed/sold without published sold price)
2026-09-06,last_ask,Ferrari,F8,spider,2022,641689,,,"West Palm Beach, Florida, USA",2022 Ferrari F8 Spider,https://www.classic.com/veh/2022-ferrari-f8-spider-zff93lma4n0276967-n2MJDB4/,Classic.com,ZFF93LMA4N0276967,F8 Spider; 1k mi displayed; mileage blank (rounded Nk mi); Classic.com Last Asking (removed/sold without published sold price)
2026-09-06,last_ask,Lamborghini,Huracan_STO,coupe,2021,549990,,,"New Albany, Indiana, USA",2021 Lamborghini Huracan STO,https://www.classic.com/veh/2021-lamborghini-huracan-sto-zhwua6zx6mla17854-4a6Z5Xn/,Classic.com,ZHWUA6ZX6MLA17854,Huracán STO; 5k mi displayed; mileage blank (rounded Nk mi); Classic.com Last Asking (removed/sold without published sold price)
2026-09-06,last_ask,Lamborghini,Revuelto,coupe,2025,729999,,,"Costa Mesa, California, USA",2025 Lamborghini Revuelto,https://www.classic.com/veh/2025-lamborghini-revuelto-zhwuc1zm6sla02755-4VwqbVn/,Classic.com,ZHWUC1ZM6SLA02755,Revuelto; 1k mi displayed; mileage blank (rounded Nk mi); Classic.com Last Asking (removed/sold without published sold price)
2026-09-05,last_ask,Ferrari,296,coupe,2024,374999,,166,"Englewood, Colorado, USA",2024 Ferrari 296 GTB Assetto Fiorano,https://www.classic.com/veh/2024-ferrari-296-gtb-assetto-fiorano-zff99sla1r031-nQZboZW/,Classic.com,,296 GTB; exact miles displayed: 166 mi; Classic.com Last Asking (removed/sold without published sold price)
2026-09-05,last_ask,Ferrari,296,spider,2025,410118,,761,"Mill Valley, California, USA",2025 Ferrari 296 GTS,https://www.classic.com/veh/2025-ferrari-296-gts-zff01sma3s0316217-pJdJ8Ln/,Classic.com,ZFF01SMA3S0316217,296 GTS; exact miles displayed: 761 mi; Classic.com Last Asking (removed/sold without published sold price)
2026-09-05,last_ask,Ferrari,458,coupe,2014,499995,,,"City of Glen Cove, New York, USA",2014 Ferrari 458 Italia,https://www.classic.com/veh/2014-ferrari-458-italia-zff67nfa7e0203026-4yo7agW/,Classic.com,ZFF67NFA7E0203026,458 Italia/coupe; 8k mi displayed; mileage blank (rounded Nk mi); Classic.com Last Asking (removed/sold without published sold price)
2026-09-05,sold,Ferrari,458,spider,2013,,500000,,"Lodi, New Jersey, USA",2013 Ferrari 458 Spider,https://www.classic.com/veh/2013-ferrari-458-spider-zff68nha4d0194522-W9XjDXn/,Classic.com,ZFF68NHA4D0194522,458 Spider; 7k mi displayed; mileage blank (rounded Nk mi); auction sold
2026-09-05,last_ask,Ferrari,488,coupe,2017,349999,,,"New York, New York, USA",2017 Ferrari 488 GTB,https://www.classic.com/veh/2017-ferrari-488-gtb-zff79ala4h0228448-4DqPkon/,Classic.com,ZFF79ALA4H0228448,4k mi displayed; mileage blank (rounded Nk mi); Classic.com Last Asking (removed/sold without published sold price)
2026-09-05,last_ask,McLaren,600LT,spider,2020,259999,,,"New York, New York, USA",2020 McLaren 600LT Spider,https://www.classic.com/veh/2020-mclaren-600lt-spider-sbm13saa9lw007729-pdYqrO4/,Classic.com,SBM13SAA9LW007729,19k mi displayed; mileage blank (rounded Nk mi); Classic.com Last Asking (removed/sold without published sold price)
2026-09-05,last_ask,McLaren,600LT,coupe,2019,359900,,,"Fort Lauderdale, Florida, USA",2019 McLaren 600LT Coupe,https://www.classic.com/veh/2019-mclaren-600lt-coupe-sbm13raa9kw006992-pJqZXKW/,Classic.com,SBM13RAA9KW006992,6k mi displayed; mileage blank (rounded Nk mi); Classic.com Last Asking (removed/sold without published sold price)
2026-09-05,last_ask,Lamborghini,Revuelto,coupe,2024,803097,,,"Marietta, Georgia, USA",2024 Lamborghini Revuelto,https://www.classic.com/veh/2024-lamborghini-revuelto-zhwuc1zm1rla00115-4V2xX24/,Classic.com,ZHWUC1ZM1RLA00115,Revuelto; 5k mi displayed; mileage blank (rounded Nk mi); Classic.com Last Asking (removed/sold without published sold price)
2026-09-05,last_ask,Ferrari,SF90,spider,2025,614900,,,"Fort Lauderdale, Florida, USA",2025 Ferrari SF90 Spider,https://www.classic.com/veh/2025-ferrari-sf90-spider-zff96nma9s0317172-pzlBbPn/,Classic.com,ZFF96NMA9S0317172,SF90 Spider; 1k mi displayed; mileage blank (rounded Nk mi); Classic.com Last Asking (removed/sold without published sold price)
2026-09-05,last_ask,Ferrari,SF90,coupe,2022,425125,,,"Plano, Texas, USA",2022 Ferrari SF90 Stradale,https://www.classic.com/veh/2022-ferrari-sf90-stradale-zff95nla4n0271579-nBxoqKp/,Classic.com,ZFF95NLA4N0271579,SF90 Stradale; 6k mi displayed; mileage blank (rounded Nk mi); Classic.com Last Asking (removed/sold without published sold price)
2026-09-05,last_ask,Ferrari,SF90,spider,2024,590463,,347,"Plano, Texas, USA",2024 Ferrari SF90 Spider,https://www.classic.com/veh/2024-ferrari-sf90-spider-zff96nma1r0303079-pJxlXOn/,Classic.com,ZFF96NMA1R0303079,SF90 Spider; exact miles displayed: 347 mi; Classic.com Last Asking (removed/sold without published sold price)
2026-09-05,last_ask,Ferrari,SF90,coupe,2022,439995,,,"Las Vegas, Nevada, USA",2022 Ferrari SF90 Stradale,https://www.classic.com/veh/2022-ferrari-sf90-stradale-zff95nla5n0284809-4oXQZ1n/,Classic.com,ZFF95NLA5N0284809,SF90 Stradale; 8k mi displayed; mileage blank (rounded Nk mi); Classic.com Last Asking (removed/sold without published sold price)
2026-09-04,last_ask,Ferrari,296,spider,2025,416589,,90,"West Palm Beach, Florida, USA",2025 Ferrari 296 GTS,https://www.classic.com/veh/2025-ferrari-296-gts-zff01sma8s0320277-n36lj64/,Classic.com,ZFF01SMA8S0320277,296 GTS; exact miles displayed: 90 mi; Classic.com Last Asking (removed/sold without published sold price)
2026-09-04,last_ask,Ferrari,296,spider,2024,449950,,589,"Miami-Dade County, Florida, USA",2024 Ferrari 296 GTS Assetto Fiorano,https://www.classic.com/veh/2024-ferrari-296-gts-assetto-fiorano-zff01sma1r030-n20d6mp/,Classic.com,,296 GTS; exact miles displayed: 589 mi; Classic.com Last Asking (removed/sold without published sold price)
2026-09-04,last_ask,Ferrari,296,coupe,2024,319000,,,"Mill Valley, California, USA",2024 Ferrari 296 GTB,https://www.classic.com/veh/2024-ferrari-296-gtb-zff99sla5r0310415-n3ar6Ap/,Classic.com,ZFF99SLA5R0310415,296 GTB; 9k mi displayed; mileage blank (rounded Nk mi); Classic.com Last Asking (removed/sold without published sold price)
2026-09-04,last_ask,Ferrari,296,spider,2023,379882,,,"Las Vegas, Nevada, USA",2023 Ferrari 296 GTS,https://www.classic.com/veh/2023-ferrari-296-gts-zff01sma3p0290015-n2M7Ym4/,Classic.com,ZFF01SMA3P0290015,296 GTS; 2k mi displayed; mileage blank (rounded Nk mi); Classic.com Last Asking (removed/sold without published sold price)
2026-09-04,last_ask,Ferrari,488,coupe,2016,209995,,,"Houston, Texas, USA",2016 Ferrari 488 GTB,https://www.classic.com/veh/2016-ferrari-488-gtb-zff79ala8g0217001-nOJAj24/,Classic.com,ZFF79ALA8G0217001,11k mi displayed; mileage blank (rounded Nk mi); Classic.com Last Asking (removed/sold without published sold price)
2026-09-04,sold,Ferrari,488,spider,2019,,428000,667,"Boynton Beach, Florida, USA",2019 Ferrari 488 Spider,https://www.classic.com/veh/2019-ferrari-488-spider-zff80amaxk0241922-4ymrdg4/,Classic.com,ZFF80AMAXK0241922,exact miles displayed: 667 mi; auction sold
2026-09-04,sold,Ferrari,F8,spider,2022,,640000,342,"La Jolla, California, USA",2022 Ferrari F8 Spider,https://www.classic.com/veh/2022-ferrari-f8-spider-zff93lma7n0277210-WjKLAwp/,Classic.com,ZFF93LMA7N0277210,F8 Spider; exact miles displayed: 342 mi; auction sold
2026-09-04,last_ask,Ferrari,F8,coupe,2022,479900,,,"Norwood, Massachusetts, USA",2022 Ferrari F8 Tributo,https://www.classic.com/veh/2022-ferrari-f8-tributo-zff92lla9n0274488-Wxyb2ap/,Classic.com,ZFF92LLA9N0274488,F8 Tributo/coupe; 5k mi displayed; mileage blank (rounded Nk mi); Classic.com Last Asking (removed/sold without published sold price)
2026-09-04,off_market,Ferrari,F8,spider,2022,,,,"City of Glen Cove, New York, USA",2022 Ferrari F8 Spider,https://www.classic.com/veh/2022-ferrari-f8-spider-zff93lma7n0270905-nOaoa2p/,Classic.com,ZFF93LMA7N0270905,F8 Spider; 3k mi displayed; mileage blank (rounded Nk mi); price undisclosed on Classic.com card; off_market/pending/undisclosed historical card; asking_price blank (not shown on card)
2026-09-04,off_market,Ferrari,F8,spider,2022,,,,"City of Glen Cove, New York, USA",2022 Ferrari F8 Spider,https://www.classic.com/veh/2022-ferrari-f8-spider-zff93lmaxn0283454-nm2Bx2W/,Classic.com,ZFF93LMAXN0283454,F8 Spider; 3k mi displayed; mileage blank (rounded Nk mi); price undisclosed on Classic.com card; off_market/pending/undisclosed historical card; asking_price blank (not shown on card)
2026-09-04,off_market,Lamborghini,Gallardo,coupe,2014,,,,"City of Glen Cove, New York, USA",2014 Lamborghini Gallardo LP570-4 Squadra Corse,https://www.classic.com/veh/2014-lamborghini-gallardo-lp570-4-squadra-corse-zh-nBxEE9p/,Classic.com,,Gallardo; 1k mi displayed; mileage blank (rounded Nk mi); price undisclosed on Classic.com card; off_market/pending/undisclosed historical card
2026-09-04,last_ask,Lamborghini,Gallardo,spider,2010,189000,,,"Town of Southampton, New York, USA",2010 Lamborghini Gallardo LP560-4 Spyder,https://www.classic.com/veh/2010-lamborghini-gallardo-lp560-4-spyder-zhwgu6au4-nwGe7Pn/,Classic.com,,Gallardo Spyder; 4k mi displayed; mileage blank (rounded Nk mi); Classic.com Last Asking (removed/sold without published sold price)
2026-09-04,last_ask,Ferrari,SF90,spider,2023,589598,,,"Scottsdale, Arizona, USA",2023 Ferrari SF90 Spider,https://www.classic.com/veh/2023-ferrari-sf90-spider-assetto-fiorano-zff96nma2-Wb2D1mW/,Classic.com,,SF90 Spider; 2k mi displayed; mileage blank (rounded Nk mi); Classic.com Last Asking (removed/sold without published sold price)
2026-09-04,last_ask,Ferrari,SF90,spider,2024,589890,,439,"Saint Louis County, Missouri, USA",2024 Ferrari SF90 Spider,https://www.classic.com/veh/2024-ferrari-sf90-spider-zff96nma7r0311638-Wjg7kJp/,Classic.com,ZFF96NMA7R0311638,SF90 Spider; exact miles displayed: 439 mi; Classic.com Last Asking (removed/sold without published sold price)
2026-09-04,off_market,Ferrari,SF90,spider,2023,543000,,,"Indianapolis, Indiana, USA",2023 Ferrari SF90 Spider,https://www.classic.com/veh/2023-ferrari-sf90-spider-zff96nma8p0289761-Wvk5blp/,Classic.com,ZFF96NMA8P0289761,SF90 Spider; 3k mi displayed; mileage blank (rounded Nk mi); off_market/pending/undisclosed historical card
2026-09-04,last_ask,Ferrari,SF90,spider,2025,689900,,384,"Fort Lauderdale, Florida, USA",2025 Ferrari SF90 Spider,https://www.classic.com/veh/2025-ferrari-sf90-spider-zff96nma6s0312124-n81zvlW/,Classic.com,ZFF96NMA6S0312124,SF90 Spider; exact miles displayed: 384 mi; Classic.com Last Asking (removed/sold without published sold price)
2026-09-03,last_ask,Ferrari,296,coupe,2023,319996,,,"Charlotte, North Carolina, USA",2023 Ferrari 296 GTB,https://www.classic.com/veh/2023-ferrari-296-gtb-zff99sla0p0296629-4a9X5X4/,Classic.com,ZFF99SLA0P0296629,296 GTB; 8k mi displayed; mileage blank (rounded Nk mi); Classic.com Last Asking (removed/sold without published sold price)
2026-09-03,last_ask,Ferrari,296,coupe,2024,361589,,268,"West Palm Beach, Florida, USA",2024 Ferrari 296 GTB,https://www.classic.com/veh/2024-ferrari-296-gtb-zff99sla2r0311036-WkXJlJp/,Classic.com,ZFF99SLA2R0311036,296 GTB; exact miles displayed: 268 mi; Classic.com Last Asking (removed/sold without published sold price)
2026-09-03,last_ask,Ferrari,296,coupe,2025,347985,,,"Palm Harbor, Florida, USA",2025 Ferrari 296 GTB,https://www.classic.com/veh/2025-ferrari-296-gtb-zff99sla0s0318444-pgwm2Pp/,Classic.com,ZFF99SLA0S0318444,296 GTB; 1k mi displayed; mileage blank (rounded Nk mi); Classic.com Last Asking (removed/sold without published sold price)
2026-09-03,last_ask,Ferrari,296,coupe,2023,299995,,,"Newtown Township, Pennsylvania, USA",2023 Ferrari 296 GTB,https://www.classic.com/veh/2023-ferrari-296-gtb-zff99sla9p0291087-4ymPRL4/,Classic.com,ZFF99SLA9P0291087,296 GTB; 6k mi displayed; mileage blank (rounded Nk mi); Classic.com Last Asking (removed/sold without published sold price)
2026-09-03,off_market,Ferrari,458,coupe,2013,,,,"Zionsville, Indiana, USA",2013 Ferrari 458 Italia,https://www.classic.com/veh/2013-ferrari-458-italia-zff67nfa3d0193223-pJdvj7n/,Classic.com,ZFF67NFA3D0193223,458 Italia/coupe; 2k mi displayed; mileage blank (rounded Nk mi); price undisclosed on Classic.com card; off_market/pending/undisclosed historical card; asking_price blank (not shown on card)
2026-09-03,last_ask,Ferrari,458,spider,2015,596738,,,"Village of Spring Valley, New York, USA",2015 Ferrari 458 Spider,https://www.classic.com/veh/2015-ferrari-458-spider-zff68nha8f0212846-pzmVoMW/,Classic.com,ZFF68NHA8F0212846,458 Spider; 12k mi displayed; mileage blank (rounded Nk mi); Classic.com Last Asking (removed/sold without published sold price)
2026-09-03,sold,Ferrari,488,spider,2017,,414000,,"Newport Beach, California, USA",2017 Ferrari 488 Spider,https://www.classic.com/veh/2017-ferrari-488-spider-zff80ama6h0220090-nl20DJp/,Classic.com,ZFF80AMA6H0220090,5k mi displayed; mileage blank (rounded Nk mi); auction sold
2026-09-03,last_ask,Ferrari,488,spider,2018,417578,,,"Mill Valley, California, USA",2018 Ferrari 488 Spider,https://www.classic.com/veh/2018-ferrari-488-spider-zff80ama9j0231705-4V7Z2yn/,Classic.com,ZFF80AMA9J0231705,20k mi displayed; mileage blank (rounded Nk mi); Classic.com Last Asking (removed/sold without published sold price)
2026-09-03,last_ask,Ferrari,488,spider,2017,340894,,,"Fuquay-Varina, North Carolina, USA",2017 Ferrari 488 Spider,https://www.classic.com/veh/2017-ferrari-488-spider-zff80ama2h0227358-pzgmP34/,Classic.com,ZFF80AMA2H0227358,28k mi displayed; mileage blank (rounded Nk mi); Classic.com Last Asking (removed/sold without published sold price)
2026-09-03,last_ask,McLaren,Artura,coupe,2025,244888,,,"Newtown Township, Pennsylvania, USA",2025 McLaren Artura,https://www.classic.com/veh/2025-mclaren-artura-sbm16bea9sw002918-n308rbW/,Classic.com,SBM16BEA9SW002918,Artura; 5k mi displayed; mileage blank (rounded Nk mi); Classic.com Last Asking (removed/sold without published sold price)
2026-09-03,last_ask,Lamborghini,Aventador_SVJ,coupe,2021,1194995,,,"Fort Lauderdale, Florida, USA",2021 Lamborghini Aventador LP770-4 SVJ,https://www.classic.com/veh/2021-lamborghini-aventador-lp770-4-svj-zhwun6zdxml-pdKYaoW/,Classic.com,,Aventador LP770-4 SVJ; 12k mi displayed; mileage blank (rounded Nk mi); Classic.com Last Asking (removed/sold without published sold price)
2026-09-03,last_ask,Ferrari,F8,coupe,2020,397000,,,"Hollywood, Florida, USA",2020 Ferrari F8 Tributo,https://www.classic.com/veh/2020-ferrari-f8-tributo-zff92lla7l0258464-pE7yLqn/,Classic.com,ZFF92LLA7L0258464,F8 Tributo/coupe; 10k mi displayed; mileage blank (rounded Nk mi); Classic.com Last Asking (removed/sold without published sold price)
2026-09-03,sold,Lamborghini,Huracan_Performante,coupe,2018,,373000,,"Portland, Oregon, USA",2018 Lamborghini Huracan LP640-4 Performante,https://www.classic.com/veh/2018-lamborghini-huracan-lp640-4-performante-zhwud-WqOAzq4/,Classic.com,,Huracán Performante; 3k mi displayed; mileage blank (rounded Nk mi); auction sold
2026-09-03,off_market,Lamborghini,Revuelto,coupe,2025,,,,"Costa Mesa, California, USA",2025 Lamborghini Revuelto,https://www.classic.com/veh/2025-lamborghini-revuelto-zhwuc1zm6sla02352-Wv1OMXn/,Classic.com,ZHWUC1ZM6SLA02352,Revuelto; 1k mi displayed; mileage blank (rounded Nk mi); off_market/pending/undisclosed historical card
2026-09-03,off_market,Lamborghini,Revuelto,coupe,2024,,,,"Boynton Beach, Florida, USA",2024 Lamborghini Revuelto,https://www.classic.com/veh/2024-lamborghini-revuelto-zhwuc1zm5rla01803-p63PBg4/,Classic.com,ZHWUC1ZM5RLA01803,Revuelto; 5k mi displayed; mileage blank (rounded Nk mi); price undisclosed on Classic.com card; off_market/pending/undisclosed historical card
2026-09-03,last_ask,Ferrari,SF90,spider,2022,659912,,,"West Chicago, Illinois, USA",2022 Ferrari SF90 Spider Assetto Fiorano,https://www.classic.com/veh/2022-ferrari-sf90-spider-assetto-fiorano-zff96nma9-4DqVdln/,Classic.com,,Assetto Fiorano; 4k mi displayed; mileage blank (rounded Nk mi); Classic.com Last Asking (removed/sold without published sold price)
2026-09-03,last_ask,Ferrari,SF90,spider,2024,629000,,813,"Fort Lauderdale, Florida, USA",2024 Ferrari SF90 Spider Assetto Fiorano,https://www.classic.com/veh/2024-ferrari-sf90-spider-assetto-fiorano-zff96nma1-nBxOOZp/,Classic.com,,Assetto Fiorano; exact miles displayed: 813 mi; Classic.com Last Asking (removed/sold without published sold price)
2026-09-02,last_ask,Ferrari,296,spider,2023,374533,,,"Plano, Texas, USA",2023 Ferrari 296 GTS,https://www.classic.com/veh/2023-ferrari-296-gts-zff01sma8p0296604-nlxmvgn/,Classic.com,ZFF01SMA8P0296604,296 GTS; 1k mi displayed; mileage blank (rounded Nk mi); Classic.com Last Asking (removed/sold without published sold price)
2026-09-02,last_ask,Ferrari,296,spider,2026,429900,,52,"Fort Lauderdale, Florida, USA",2026 Ferrari 296 GTS,https://www.classic.com/veh/2026-ferrari-296-gts-zff01sma9t0329278-WvmgoMn/,Classic.com,ZFF01SMA9T0329278,296 GTS; exact miles displayed: 52 mi; Classic.com Last Asking (removed/sold without published sold price)
2026-09-02,last_ask,Ferrari,458,coupe,2015,1399999,,,"Costa Mesa, California, USA",2015 Ferrari 458 Italia Speciale,https://www.classic.com/veh/2015-ferrari-458-italia-speciale-zff75vfa6f0208097-Wvm3lln/,Classic.com,ZFF75VFA6F0208097,458 Speciale; 3k mi displayed; mileage blank (rounded Nk mi); Classic.com Last Asking (removed/sold without published sold price)
2026-09-02,off_market,Ferrari,458,spider,2013,,,,"West Goshen Township, Pennsylvania, USA",2013 Ferrari 458 Spider,https://www.classic.com/veh/2013-ferrari-458-spider-zff68nha1d0191058-pP7gaXW/,Classic.com,ZFF68NHA1D0191058,"458 Spider; 6k mi displayed; mileage blank (rounded Nk mi); auction Not Sold; highest bid $433,000 (not entered as sold/ask)"
2026-09-02,last_ask,Ferrari,458,coupe,2011,331190,,,"Ashburn, Virginia, USA",2011 Ferrari 458 Italia,https://www.classic.com/veh/2011-ferrari-458-italia-zff67nfa3b0177259-WNAk15n/,Classic.com,ZFF67NFA3B0177259,458 Italia/coupe; 35k mi displayed; mileage blank (rounded Nk mi); Classic.com Last Asking (removed/sold without published sold price)
2026-09-02,last_ask,Lamborghini,Aventador_SV,coupe,2016,901190,,,"Ashburn, Virginia, USA",2016 Lamborghini Aventador LP750-4 SV,https://www.classic.com/veh/2016-lamborghini-aventador-lp750-4-sv-zhwuf3zdxgla-450zV9p/,Classic.com,,Aventador LP750-4 SV; 16k mi displayed; mileage blank (rounded Nk mi); Classic.com Last Asking (removed/sold without published sold price)
2026-09-02,last_ask,Ferrari,SF90,spider,2023,606000,,,"San Diego, California, USA",2023 Ferrari SF90 Spider Assetto Fiorano,https://www.classic.com/veh/2023-ferrari-sf90-spider-assetto-fiorano-zff96nma0-4awe56W/,Classic.com,,Assetto Fiorano; 1k mi displayed; mileage blank (rounded Nk mi); Classic.com Last Asking (removed/sold without published sold price)
2026-09-02,last_ask,Ferrari,SF90,coupe,2023,465000,,,"Phoenix, Arizona, USA",2023 Ferrari SF90 Stradale,https://www.classic.com/veh/2023-ferrari-sf90-stradale-zff95nla4p0290779-pd36yQW/,Classic.com,ZFF95NLA4P0290779,SF90 Stradale; 2k mi displayed; mileage blank (rounded Nk mi); Classic.com Last Asking (removed/sold without published sold price)
2026-09-02,last_ask,Ferrari,SF90,spider,2024,799000,,,"Boynton Beach, Florida, USA",2024 Ferrari SF90 Spider,https://www.classic.com/veh/2024-ferrari-sf90-spider-zff96nma9r0303265-4oXbyPn/,Classic.com,ZFF96NMA9R0303265,SF90 Spider; 1k mi displayed; mileage blank (rounded Nk mi); Classic.com Last Asking (removed/sold without published sold price)
2026-09-01,last_ask,Ferrari,296,spider,2025,419998,,,"Newport Beach, California, USA",2025 Ferrari 296 GTS,https://www.classic.com/veh/2025-ferrari-296-gts-zff01sma2s0319657-pEqAmxp/,Classic.com,ZFF01SMA2S0319657,296 GTS; 1k mi displayed; mileage blank (rounded Nk mi); Classic.com Last Asking (removed/sold without published sold price)
2026-09-01,last_ask,Ferrari,296,spider,2024,390000,,,"Boynton Beach, Florida, USA",2024 Ferrari 296 GTS,https://www.classic.com/veh/2024-ferrari-296-gts-zff01sma2r0307440-4yRkVgn/,Classic.com,ZFF01SMA2R0307440,296 GTS; 4k mi displayed; mileage blank (rounded Nk mi); Classic.com Last Asking (removed/sold without published sold price)
2026-09-01,last_ask,Ferrari,296,spider,2023,399900,,,"Addison, Texas, USA",2023 Ferrari 296 GTS,https://www.classic.com/veh/2023-ferrari-296-gts-zff01sma9p0297406-4olvRqn/,Classic.com,ZFF01SMA9P0297406,296 GTS; 1k mi displayed; mileage blank (rounded Nk mi); Classic.com Last Asking (removed/sold without published sold price)
2026-09-01,off_market,Ferrari,488,spider,2017,,,,"Pompano Beach, Florida, USA",2017 Ferrari 488 Spider,https://www.classic.com/veh/2017-ferrari-488-spider-zff80ama0h0226466-n1eeAqn/,Classic.com,ZFF80AMA0H0226466,"19k mi displayed; mileage blank (rounded Nk mi); auction Not Sold; highest bid $376,488 (not entered as sold/ask)"
2026-09-01,sold,Ferrari,488,spider,2018,,455000,,"Bradenton, Florida, USA",2018 Ferrari 488 Spider,https://www.classic.com/veh/2018-ferrari-488-spider-zff80amaxj0231504-WYlMvln/,Classic.com,ZFF80AMAXJ0231504,4k mi displayed; mileage blank (rounded Nk mi); auction sold
2026-09-01,last_ask,McLaren,Artura,coupe,2023,174000,,,"East Brunswick Township, New Jersey, USA",2023 McLaren Artura Coupe,https://www.classic.com/veh/2023-mclaren-artura-coupe-sbm16aea1pw001358-W9BZjXp/,Classic.com,SBM16AEA1PW001358,Artura; 4k mi displayed; mileage blank (rounded Nk mi); Classic.com Last Asking (removed/sold without published sold price)
2026-09-01,last_ask,Lamborghini,Revuelto,coupe,2026,807454,,51,"Fort Lauderdale, Florida, USA",2026 Lamborghini Revuelto,https://www.classic.com/veh/2026-lamborghini-revuelto-zhwuc1zm1tla03961-nwX22KW/,Classic.com,ZHWUC1ZM1TLA03961,Revuelto; exact miles displayed: 51 mi; Classic.com Last Asking (removed/sold without published sold price)
2026-09-01,last_ask,Ferrari,SF90,spider,2025,569770,,200,"Roswell, Georgia, USA",2025 Ferrari SF90 Spider,https://www.classic.com/veh/2025-ferrari-sf90-spider-zff96nma4s0314714-nXD1bEn/,Classic.com,ZFF96NMA4S0314714,SF90 Spider; exact miles displayed: 200 mi; Classic.com Last Asking (removed/sold without published sold price)
2026-09-01,last_ask,Ferrari,SF90,coupe,2022,479000,,,"Van Nuys, California, USA",2022 Ferrari SF90 Stradale,https://www.classic.com/veh/2022-ferrari-sf90-stradale-zff95nla3n0282976-4VlzdDW/,Classic.com,ZFF95NLA3N0282976,SF90 Stradale; 2k mi displayed; mileage blank (rounded Nk mi); Classic.com Last Asking (removed/sold without published sold price)
2026-08-31,last_ask,Ferrari,296,coupe,2023,350125,,,,2023 Ferrari 296 GTB,https://www.classic.com/veh/2023-ferrari-296-gtb-zff99sla8p0298483-Wqm33EW/,Classic.com,ZFF99SLA8P0298483,296 GTB; 2k mi displayed; mileage blank (rounded Nk mi); Classic.com Last Asking (removed/sold without published sold price)
2026-08-31,last_ask,Ferrari,296,coupe,2022,361589,,,"West Palm Beach, Florida, USA",2022 Ferrari 296 GTB Assetto Fiorano,https://www.classic.com/veh/2022-ferrari-296-gtb-assetto-fiorano-zff99sla4n028-4y0R9Lp/,Classic.com,,296 GTB; 3k mi displayed; mileage blank (rounded Nk mi); Classic.com Last Asking (removed/sold without published sold price)
2026-08-31,last_ask,Ferrari,296,spider,2023,544999,,,"DuPage County, Illinois, USA",2023 Ferrari 296 GTS,https://www.classic.com/veh/2023-ferrari-296-gts-zff01sma0p0294524-nmd91Q4/,Classic.com,ZFF01SMA0P0294524,296 GTS; 1k mi displayed; mileage blank (rounded Nk mi); Classic.com Last Asking (removed/sold without published sold price)
2026-08-31,last_ask,McLaren,600LT,spider,2020,299990,,,"Murrieta, California, USA",2020 McLaren 600LT Spider,https://www.classic.com/veh/2020-mclaren-600lt-spider-sbm13saa4lw007606-pG1o1Pn/,Classic.com,SBM13SAA4LW007606,6k mi displayed; mileage blank (rounded Nk mi); Classic.com Last Asking (removed/sold without published sold price)
2026-08-31,off_market,Lamborghini,Aventador_SVJ,coupe,2020,1150000,,,"Boynton Beach, Florida, USA",2020 Lamborghini Aventador LP770-4 SVJ,https://www.classic.com/veh/2020-lamborghini-aventador-lp770-4-svj-zhwun6zd4ll-WLRD6x4/,Classic.com,,Aventador LP770-4 SVJ; 9k mi displayed; mileage blank (rounded Nk mi); off_market/pending/undisclosed historical card
2026-08-31,last_ask,Lamborghini,Gallardo,spider,2014,149995,,,"Shrewsbury, Massachusetts, USA",2014 Lamborghini Gallardo LP560-4 Spyder,https://www.classic.com/veh/2014-lamborghini-gallardo-lp560-4-spyder-zhwgc6au8-4oDVQJn/,Classic.com,,Gallardo Spyder; 25k mi displayed; mileage blank (rounded Nk mi); Classic.com Last Asking (removed/sold without published sold price)
2026-08-31,last_ask,Lamborghini,Gallardo,spider,2008,134995,,,"Fort Lauderdale, Florida, USA",2008 Lamborghini Gallardo Spyder,https://www.classic.com/veh/2008-lamborghini-gallardo-spyder-zhwgu22tx8la07340-W9meK0W/,Classic.com,ZHWGU22TX8LA07340,Gallardo Spyder; 17k mi displayed; mileage blank (rounded Nk mi); Classic.com Last Asking (removed/sold without published sold price)
2026-08-31,last_ask,Lamborghini,Huracan_STO,coupe,2022,529950,,876,"Miami-Dade County, Florida, USA",2022 Lamborghini Huracan STO,https://www.classic.com/veh/2022-lamborghini-huracan-sto-zhwua6zx5nla18317-45j6jzn/,Classic.com,ZHWUA6ZX5NLA18317,Huracán STO; exact miles displayed: 876 mi; Classic.com Last Asking (removed/sold without published sold price)
2026-08-31,last_ask,Ferrari,SF90,coupe,2023,459995,,,"Calabasas, California, USA",2023 Ferrari SF90 Stradale,https://www.classic.com/veh/2023-ferrari-sf90-stradale-custom-mcc-forged-wheel-Wb20ByW/,Classic.com,,SF90 Stradale; 1k mi displayed; mileage blank (rounded Nk mi); Classic.com Last Asking (removed/sold without published sold price)
2026-08-31,last_ask,Ferrari,SF90,spider,2022,625225,,,"Plano, Texas, USA",2022 Ferrari SF90 Spider Assetto Fiorano,https://www.classic.com/veh/2022-ferrari-sf90-spider-assetto-fiorano-zff96nma4-4ayb0x4/,Classic.com,,Assetto Fiorano; 1k mi displayed; mileage blank (rounded Nk mi); Classic.com Last Asking (removed/sold without published sold price)
2026-08-30,last_ask,Ferrari,296,coupe,2024,289900,,,"Pittsburgh, Pennsylvania, USA",2024 Ferrari 296 GTB,https://www.classic.com/veh/2024-ferrari-296-gtb-zff99sla0r0310824-nOJDwv4/,Classic.com,ZFF99SLA0R0310824,296 GTB; 1k mi displayed; mileage blank (rounded Nk mi); Classic.com Last Asking (removed/sold without published sold price)
2026-08-30,last_ask,Ferrari,296,spider,2025,399999,,,"San Diego, California, USA",2025 Ferrari 296 GTS,https://www.classic.com/veh/2025-ferrari-296-gts-zff01sma1s0317687-Wx37PRn/,Classic.com,ZFF01SMA1S0317687,296 GTS; 1k mi displayed; mileage blank (rounded Nk mi); Classic.com Last Asking (removed/sold without published sold price)
2026-08-30,last_ask,Ferrari,296,coupe,2022,309995,,,"Calabasas, California, USA",2022 Ferrari 296 GTB,https://www.classic.com/veh/2022-ferrari-296-gtb-zff99sla8n0285360-n363RP4/,Classic.com,ZFF99SLA8N0285360,296 GTB; 3k mi displayed; mileage blank (rounded Nk mi); Classic.com Last Asking (removed/sold without published sold price)
2026-08-30,last_ask,Ferrari,296,spider,2025,399890,,,"Saint Louis County, Missouri, USA",2025 Ferrari 296 GTS,https://www.classic.com/veh/2025-ferrari-296-gts-zff01sma5s0318907-nKjKbg4/,Classic.com,ZFF01SMA5S0318907,296 GTS; 2k mi displayed; mileage blank (rounded Nk mi); Classic.com Last Asking (removed/sold without published sold price)
2026-08-30,last_ask,Ferrari,296,spider,2025,429890,,502,"Saint Louis County, Missouri, USA",2025 Ferrari 296 GTS,https://www.classic.com/veh/2025-ferrari-296-gts-zff01sma3s0324852-4AvLo3n/,Classic.com,ZFF01SMA3S0324852,296 GTS; exact miles displayed: 502 mi; Classic.com Last Asking (removed/sold without published sold price)
2026-08-30,last_ask,Ferrari,488,coupe,2017,287999,,,"Hollywood, Florida, USA",2017 Ferrari 488 GTB Liberty Walk Carbon Widebody Brixton Wheels Novitec Exhaust,https://www.classic.com/veh/2017-ferrari-488-gtb-liberty-walk-carbon-widebody-4AqDbE4/,Classic.com,,7k mi displayed; mileage blank (rounded Nk mi); Classic.com Last Asking (removed/sold without published sold price)
2026-08-30,last_ask,McLaren,600LT,spider,2020,269995,,,"Walled Lake, Michigan, USA",2020 McLaren 600LT Spider,https://www.classic.com/veh/2020-mclaren-600lt-spider-sbm13saa7lw008412-n3GNvRn/,Classic.com,SBM13SAA7LW008412,11k mi displayed; mileage blank (rounded Nk mi); Classic.com Last Asking (removed/sold without published sold price)
2026-08-30,last_ask,McLaren,600LT,coupe,2019,208500,,,"American Fork, Utah, USA",2019 McLaren 600LT Coupe,https://www.classic.com/veh/2019-mclaren-600lt-coupe-sbm13raa1kw007828-WkXxk0p/,Classic.com,SBM13RAA1KW007828,7k mi displayed; mileage blank (rounded Nk mi); Classic.com Last Asking (removed/sold without published sold price)
2026-08-30,last_ask,McLaren,765LT,coupe,2021,679950,,,"Beverly Hills, California, USA",2021 McLaren 765LT,https://www.classic.com/veh/2021-mclaren-765lt-sbm14rca9mw765073-4Z2jBO4/,Classic.com,SBM14RCA9MW765073,4k mi displayed; mileage blank (rounded Nk mi); Classic.com Last Asking (removed/sold without published sold price)
2026-08-30,last_ask,Lamborghini,Aventador_SVJ,coupe,2020,1699765,,,"Carrollton, Texas, USA",2020 Lamborghini Aventador LP770-4 SVJ,https://www.classic.com/veh/2020-lamborghini-aventador-lp770-4-svj-zhwun6zd7ll-4Z2w9A4/,Classic.com,,Aventador LP770-4 SVJ; 6k mi displayed; mileage blank (rounded Nk mi); Classic.com Last Asking (removed/sold without published sold price)
2026-08-30,last_ask,Ford,GT,coupe,2006,549000,,,"Orange County, California, USA",2006 Ford GT,https://www.classic.com/veh/2006-ford-gt-1fafp90sx6y401390-WNoBXYp/,Classic.com,1FAFP90SX6Y401390,Ford GT Gen1; 6k mi displayed; mileage blank (rounded Nk mi); Classic.com Last Asking (removed/sold without published sold price)
2026-08-30,last_ask,Lamborghini,Huracan_STO,coupe,2022,429900,,,"Palm Beach County, Florida, USA",2022 Lamborghini Huracan STO,https://www.classic.com/veh/2022-lamborghini-huracan-sto-zhwua6zx3nla20762-p6v6gmp/,Classic.com,ZHWUA6ZX3NLA20762,Huracán STO; 8k mi displayed; mileage blank (rounded Nk mi); Classic.com Last Asking (removed/sold without published sold price)
2026-08-30,last_ask,Lamborghini,Revuelto,coupe,2024,647777,,,"Mesquite, Texas, USA",2024 Lamborghini Revuelto,https://www.classic.com/veh/2024-lamborghini-revuelto-zhwuc1zm4rla00108-WxoBm9n/,Classic.com,ZHWUC1ZM4RLA00108,Revuelto; 3k mi displayed; mileage blank (rounded Nk mi); Classic.com Last Asking (removed/sold without published sold price)
2026-08-30,last_ask,Lamborghini,Revuelto,coupe,2025,638990,,,"Beverly Hills, California, USA",2025 Lamborghini Revuelto,https://www.classic.com/veh/2025-lamborghini-revuelto-zhwuc1zm7sla02473-nBJmrmn/,Classic.com,ZHWUC1ZM7SLA02473,Revuelto; 3k mi displayed; mileage blank (rounded Nk mi); Classic.com Last Asking (removed/sold without published sold price)
2026-08-30,last_ask,Ferrari,SF90,coupe,2023,499990,,,"Newport Beach, California, USA",2023 Ferrari SF90 Stradale,https://www.classic.com/veh/2023-ferrari-sf90-stradale-zff95nlaxp0289555-WR18AGn/,Classic.com,ZFF95NLAXP0289555,SF90 Stradale; 3k mi displayed; mileage blank (rounded Nk mi); Classic.com Last Asking (removed/sold without published sold price)
2026-08-29,last_ask,Ferrari,296,spider,2024,419990,,,"Roswell, Georgia, USA",2024 Ferrari 296 GTS,https://www.classic.com/veh/2024-ferrari-296-gts-zff01sma8r0311525-WqmkMlW/,Classic.com,ZFF01SMA8R0311525,296 GTS; 1k mi displayed; mileage blank (rounded Nk mi); Classic.com Last Asking (removed/sold without published sold price)
2026-08-29,sold,Ferrari,458,spider,2013,,425000,,"Reno, Nevada, USA",2013 Ferrari 458 Spider,https://www.classic.com/veh/2013-ferrari-458-spider-zff68nha9d0190692-nmq852n/,Classic.com,ZFF68NHA9D0190692,458 Spider; 7k mi displayed; mileage blank (rounded Nk mi); auction sold
2026-08-29,last_ask,Ferrari,488,coupe,2018,390000,,,"San Diego, California, USA",2018 Ferrari 488 GTB,https://www.classic.com/veh/2018-ferrari-488-gtb-zff79ala1j0233581-nXwb9M4/,Classic.com,ZFF79ALA1J0233581,15k mi displayed; mileage blank (rounded Nk mi); Classic.com Last Asking (removed/sold without published sold price)
2026-08-29,last_ask,Ferrari,488,coupe,2018,339988,,,"Pompano Beach, Florida, USA",2018 Ferrari 488 GTB,https://www.classic.com/veh/2018-ferrari-488-gtb-zff79alaxj0230985-pgwRRwp/,Classic.com,ZFF79ALAXJ0230985,16k mi displayed; mileage blank (rounded Nk mi); Classic.com Last Asking (removed/sold without published sold price)
2026-08-29,last_ask,Ferrari,488,spider,2018,351183,,,"Pompano Beach, Florida, USA",2018 Ferrari 488 Spider,https://www.classic.com/veh/2018-ferrari-488-spider-zff80ama2j0233750-pe6xzM4/,Classic.com,ZFF80AMA2J0233750,27k mi displayed; mileage blank (rounded Nk mi); Classic.com Last Asking (removed/sold without published sold price)
2026-08-29,last_ask,McLaren,600LT,coupe,2019,244900,,,"Newtown Township, Pennsylvania, USA",2019 McLaren 600LT Coupe,https://www.classic.com/veh/2019-mclaren-600lt-coupe-sbm13raa3kw006695-peLma7W/,Classic.com,SBM13RAA3KW006695,8k mi displayed; mileage blank (rounded Nk mi); Classic.com Last Asking (removed/sold without published sold price)
2026-08-29,last_ask,McLaren,Artura,spider,2025,234985,,635,"Palm Harbor, Florida, USA",2025 McLaren Artura Spider,https://www.classic.com/veh/2025-mclaren-artura-spider-sbm16bea0sw003729-WxoPeyn/,Classic.com,SBM16BEA0SW003729,Artura Spider; exact miles displayed: 635 mi; Classic.com Last Asking (removed/sold without published sold price)
2026-08-29,last_ask,McLaren,Artura,coupe,2023,210000,,,"East Brunswick Township, New Jersey, USA",2023 McLaren Artura Coupe,https://www.classic.com/veh/2023-mclaren-artura-coupe-sbm16aeaxpw001651-WxMdMBp/,Classic.com,SBM16AEAXPW001651,Artura; 5k mi displayed; mileage blank (rounded Nk mi); Classic.com Last Asking (removed/sold without published sold price)
2026-08-29,last_ask,Ferrari,F8,spider,2022,715517,,893,"Wilsonville, Oregon, USA",2022 Ferrari F8 Spider,https://www.classic.com/veh/2022-ferrari-f8-spider-zff93lma1n0280975-pgwDyPp/,Classic.com,ZFF93LMA1N0280975,F8 Spider; exact miles displayed: 893 mi; Classic.com Last Asking (removed/sold without published sold price)
2026-08-29,last_ask,Ferrari,F8,spider,2022,699999,,,"Costa Mesa, California, USA",2022 Ferrari F8 Spider,https://www.classic.com/veh/2022-ferrari-f8-spider-zff93lmaxn0279369-nl18JXW/,Classic.com,ZFF93LMAXN0279369,F8 Spider; 3k mi displayed; mileage blank (rounded Nk mi); Classic.com Last Asking (removed/sold without published sold price)
2026-08-29,last_ask,Ferrari,F8,spider,2021,579991,,,"Houston, Texas, USA",2021 Ferrari F8 Spider,https://www.classic.com/veh/2021-ferrari-f8-spider-zff93lma2m0266193-pE7YGzn/,Classic.com,ZFF93LMA2M0266193,F8 Spider; 24k mi displayed; mileage blank (rounded Nk mi); Classic.com Last Asking (removed/sold without published sold price)
2026-08-29,sold,Ford,GT,coupe,2005,,690000,,"Chicago, Illinois, USA",2005 Ford GT,https://www.classic.com/veh/2005-ford-gt-1fafp90s95y401895-WRG22Gp/,Classic.com,1FAFP90S95Y401895,Ford GT Gen1; 2k mi displayed; mileage blank (rounded Nk mi); auction sold
2026-08-29,last_ask,Lamborghini,Revuelto,coupe,2026,768728,,10,"Palmyra, New Jersey, USA",2026 Lamborghini Revuelto,https://www.classic.com/veh/2026-lamborghini-revuelto-zhwuc1zmxtla05093-n859rZW/,Classic.com,ZHWUC1ZMXTLA05093,Revuelto; exact miles displayed: 10 mi; Classic.com Last Asking (removed/sold without published sold price)
2026-08-29,last_ask,Ferrari,SF90,coupe,2021,437950,,,"Albuquerque, New Mexico, USA",2021 Ferrari SF90 Stradale,https://www.classic.com/veh/2021-ferrari-sf90-stradale-zff95nla7m0266746-pP3AkPW/,Classic.com,ZFF95NLA7M0266746,SF90 Stradale; 4k mi displayed; mileage blank (rounded Nk mi); Classic.com Last Asking (removed/sold without published sold price)
2026-08-29,last_ask,Ferrari,SF90,spider,2025,619998,,419,"Newport Beach, California, USA",2025 Ferrari SF90 Spider,https://www.classic.com/veh/2025-ferrari-sf90-spider-zff96nma7s0317591-nOxGovW/,Classic.com,ZFF96NMA7S0317591,SF90 Spider; exact miles displayed: 419 mi; Classic.com Last Asking (removed/sold without published sold price)
2026-08-28,last_ask,Ferrari,296,spider,2025,411692,,,"Naples, Florida, USA",2025 Ferrari 296 GTS,https://www.classic.com/veh/2025-ferrari-296-gts-zff01sma2s0315687-p6qxZjW/,Classic.com,ZFF01SMA2S0315687,296 GTS; 1k mi displayed; mileage blank (rounded Nk mi); Classic.com Last Asking (removed/sold without published sold price)
2026-08-28,last_ask,Ferrari,296,spider,2026,439900,,636,"Torrance, California, USA",2026 Ferrari 296 GTS,https://www.classic.com/veh/2026-ferrari-296-gts-zff01sma4t0326210-pgwbz1p/,Classic.com,ZFF01SMA4T0326210,296 GTS; exact miles displayed: 636 mi; Classic.com Last Asking (removed/sold without published sold price)
2026-08-28,last_ask,Ferrari,296,spider,2025,349900,,,"Roswell, Georgia, USA",2025 Ferrari 296 GTS Coupe,https://www.classic.com/veh/2025-ferrari-296-gts-coupe-zff99sla1s0319408-4rmJoEp/,Classic.com,ZFF99SLA1S0319408,296 GTS; 1k mi displayed; mileage blank (rounded Nk mi); Classic.com Last Asking (removed/sold without published sold price)
2026-08-28,last_ask,Ferrari,296,spider,2025,407685,,,"Naples, Florida, USA",2025 Ferrari 296 GTS,https://www.classic.com/veh/2025-ferrari-296-gts-zff01sma3s0323796-45aqPz4/,Classic.com,ZFF01SMA3S0323796,296 GTS; 1k mi displayed; mileage blank (rounded Nk mi); Classic.com Last Asking (removed/sold without published sold price)
2026-08-28,last_ask,Ferrari,296,coupe,2025,365739,,206,"Dublin, Ohio, USA",2025 Ferrari 296 GTB,https://www.classic.com/veh/2025-ferrari-296-gtb-zff99slaxs0314286-n1Mqebn/,Classic.com,ZFF99SLAXS0314286,296 GTB; exact miles displayed: 206 mi; Classic.com Last Asking (removed/sold without published sold price)
2026-08-28,last_ask,Ferrari,296,spider,2025,432167,,64,"Dublin, Ohio, USA",2025 Ferrari 296 GTS,https://www.classic.com/veh/2025-ferrari-296-gts-zff01sma1s0321447-pP3RzjW/,Classic.com,ZFF01SMA1S0321447,296 GTS; exact miles displayed: 64 mi; Classic.com Last Asking (removed/sold without published sold price)
2026-08-28,last_ask,Ferrari,296,coupe,2025,333048,,807,"Marysville, Ohio, USA",2025 Ferrari 296 GTB,https://www.classic.com/veh/2025-ferrari-296-gtb-zff99sla9s0319429-4ay9ZL4/,Classic.com,ZFF99SLA9S0319429,296 GTB; exact miles displayed: 807 mi; Classic.com Last Asking (removed/sold without published sold price)
2026-08-28,sold,Ferrari,458,spider,2013,,400058,,"Portland, Oregon, USA",2013 Ferrari 458 Spider,https://www.classic.com/veh/2013-ferrari-458-spider-zff68nha4d0194519-nwdPL2W/,Classic.com,ZFF68NHA4D0194519,458 Spider; 20k mi displayed; mileage blank (rounded Nk mi); auction sold
2026-08-28,off_market,Ferrari,458,spider,2013,,,,"Orlando, Florida, USA",2013 Ferrari 458 Spider,https://www.classic.com/veh/2013-ferrari-458-spider-zff68nha4d0190518-4Avqzzn/,Classic.com,ZFF68NHA4D0190518,458 Spider; 31k mi displayed; mileage blank (rounded Nk mi); auction Not Sold; high bid not shown
2026-08-28,off_market,Ferrari,458,coupe,2015,,,,"Ashburn, Virginia, USA",2015 Ferrari 458 Italia,https://www.classic.com/veh/2015-ferrari-458-italia-zff67nfa9f0210643-pG7devp/,Classic.com,ZFF67NFA9F0210643,458 Italia/coupe; 20k mi displayed; mileage blank (rounded Nk mi); price undisclosed on Classic.com card; off_market/pending/undisclosed historical card; asking_price blank (not shown on card)
2026-08-28,sold,Ferrari,488,spider,2016,,377000,,"Syosset, New York, USA",2016 Ferrari 488 Spider,https://www.classic.com/veh/2016-ferrari-488-spider-zff80ama0g0219421-4VN9XE4/,Classic.com,ZFF80AMA0G0219421,3k mi displayed; mileage blank (rounded Nk mi); auction sold
2026-08-28,last_ask,Ferrari,488,spider,2019,488988,,,"Pompano Beach, Florida, USA",2019 Ferrari 488 Spider,https://www.classic.com/veh/2019-ferrari-488-spider-zff80ama4k0238-nXEkgAW/,Classic.com,,8k mi displayed; mileage blank (rounded Nk mi); Classic.com Last Asking (removed/sold without published sold price)
2026-08-28,last_ask,McLaren,600LT,spider,2020,239900,,,"Costa Mesa, California, USA",2020 McLaren 600LT Spider,https://www.classic.com/veh/2020-mclaren-600lt-spider-sbm13saa3lw008052-nmvw2xW/,Classic.com,SBM13SAA3LW008052,14k mi displayed; mileage blank (rounded Nk mi); Classic.com Last Asking (removed/sold without published sold price)
2026-08-28,last_ask,McLaren,765LT,spider,2022,,,,"Houston, Texas, USA",2022 McLaren 765LT Spider,https://www.classic.com/veh/2022-mclaren-765lt-spider-sbm14sca2nw765067-4ym61d4/,Classic.com,SBM14SCA2NW765067,9k mi displayed; mileage blank (rounded Nk mi); Classic.com Last Asking (removed/sold without published sold price); asking_price blank (not shown on card)
2026-08-28,last_ask,Ferrari,F8,spider,2022,639950,,,"Miami-Dade County, Florida, USA",2022 Ferrari F8 Spider,https://www.classic.com/veh/2022-ferrari-f8-spider-zff93lmaxn0272163-WxmBl9p/,Classic.com,ZFF93LMAXN0272163,F8 Spider; 4k mi displayed; mileage blank (rounded Nk mi); Classic.com Last Asking (removed/sold without published sold price)
2026-08-28,sold,Lamborghini,Gallardo,spider,2006,,133000,,"La Jolla, California, USA",2006 Lamborghini Gallardo Spyder,https://www.classic.com/veh/2006-lamborghini-gallardo-spyder-zhwgu22t56la03998-WvZ86rW/,Classic.com,ZHWGU22T56LA03998,Gallardo Spyder; 7k mi displayed; mileage blank (rounded Nk mi); auction sold
2026-08-28,last_ask,Lamborghini,Gallardo,coupe,2009,169900,,,"Palm Beach County, Florida, USA",2009 Lamborghini Gallardo LP560-4,https://www.classic.com/veh/2009-lamborghini-gallardo-lp560-4-zhwgu54t79la0778-nBkAbmW/,Classic.com,,Gallardo; 19k mi displayed; mileage blank (rounded Nk mi); Classic.com Last Asking (removed/sold without published sold price)
2026-08-28,last_ask,Lamborghini,Gallardo,coupe,2012,399947,,,"Edmond, Oklahoma, USA",2012 Lamborghini Gallardo LP 570-4 Super Trofeo Stradale,https://www.classic.com/veh/2012-lamborghini-gallardo-lp-570-4-super-trofeo-st-pzg1Rj4/,Classic.com,,Gallardo; 22k mi displayed; mileage blank (rounded Nk mi); Classic.com Last Asking (removed/sold without published sold price)
2026-08-28,last_ask,Lamborghini,Revuelto,coupe,2026,792744,,48,"Chicago, Illinois, USA",2026 Lamborghini Revuelto,https://www.classic.com/veh/2026-lamborghini-revuelto-zhwuc1zm2tla03970-4aLLvxp/,Classic.com,ZHWUC1ZM2TLA03970,Revuelto; exact miles displayed: 48 mi; Classic.com Last Asking (removed/sold without published sold price)
2026-08-28,last_ask,Ferrari,SF90,coupe,2022,448985,,,"Palm Harbor, Florida, USA",2022 Ferrari SF90 Stradale,https://www.classic.com/veh/2022-ferrari-sf90-stradale-zff95nla0n0270526-n30eD6W/,Classic.com,ZFF95NLA0N0270526,SF90 Stradale; 4k mi displayed; mileage blank (rounded Nk mi); Classic.com Last Asking (removed/sold without published sold price)
2026-08-28,last_ask,Ferrari,SF90,spider,2025,699900,,48,"Fort Lauderdale, Florida, USA",2025 Ferrari SF90 Spider Assetto Fiorano,https://www.classic.com/veh/2025-ferrari-sf90-spider-assetto-fiorano-zff96nma1-p6lbk7n/,Classic.com,,Assetto Fiorano; exact miles displayed: 48 mi; Classic.com Last Asking (removed/sold without published sold price)
2026-08-27,last_ask,Ferrari,296,spider,2024,439900,,392,"Fort Lauderdale, Florida, USA",2024 Ferrari 296 GTS,https://www.classic.com/veh/2024-ferrari-296-gts-zff01sma4r0304541-n8kOZY4/,Classic.com,ZFF01SMA4R0304541,296 GTS; exact miles displayed: 392 mi; Classic.com Last Asking (removed/sold without published sold price)
2026-08-27,last_ask,Ferrari,296,coupe,2024,381685,,305,"Naples, Florida, USA",2024 Ferrari 296 GTB,https://www.classic.com/veh/2024-ferrari-296-gtb-zff99slaxr0304576-pe2LbO4/,Classic.com,ZFF99SLAXR0304576,296 GTB; exact miles displayed: 305 mi; Classic.com Last Asking (removed/sold without published sold price)
2026-08-27,last_ask,Ferrari,296,coupe,2025,306950,,,"Miami-Dade County, Florida, USA",2025 Ferrari 296 GTB,https://www.classic.com/veh/2025-ferrari-296-gtb-zff99sla6s0319212-W9m01bW/,Classic.com,ZFF99SLA6S0319212,296 GTB; 1k mi displayed; mileage blank (rounded Nk mi); Classic.com Last Asking (removed/sold without published sold price)
2026-08-27,last_ask,Ferrari,458,coupe,2013,414830,,,"Village of Spring Valley, New York, USA",2013 Ferrari 458 Italia,https://www.classic.com/veh/2013-ferrari-458-italia-zff67nfa1d0193009-nK6byX4/,Classic.com,ZFF67NFA1D0193009,458 Italia/coupe; 9k mi displayed; mileage blank (rounded Nk mi); Classic.com Last Asking (removed/sold without published sold price)
2026-08-27,last_ask,Ferrari,488,spider,2017,399900,,,"Addison, Texas, USA",2017 Ferrari 488 Spider,https://www.classic.com/veh/2017-ferrari-488-spider-zff80amaxh0220576-nBO6YRW/,Classic.com,ZFF80AMAXH0220576,10k mi displayed; mileage blank (rounded Nk mi); Classic.com Last Asking (removed/sold without published sold price)
2026-08-27,last_ask,McLaren,765LT,spider,2022,769900,,,"Addison, Texas, USA",2022 McLaren 765LT Spider,https://www.classic.com/veh/2022-mclaren-765lt-spider-sbm14sca9nw765504-Wxjk3J4/,Classic.com,SBM14SCA9NW765504,6k mi displayed; mileage blank (rounded Nk mi); Classic.com Last Asking (removed/sold without published sold price)
2026-08-27,last_ask,Lamborghini,Aventador_SVJ,coupe,2021,1699912,,,"West Chicago, Illinois, USA",2021 Lamborghini Aventador LP770-4 SVJ,https://www.classic.com/veh/2021-lamborghini-aventador-lp770-4-svj-zhwun6zd0ml-p6oMb84/,Classic.com,,Aventador LP770-4 SVJ; 7k mi displayed; mileage blank (rounded Nk mi); Classic.com Last Asking (removed/sold without published sold price)
2026-08-27,last_ask,Lamborghini,Gallardo,spider,2008,109993,,,"Costa Mesa, California, USA",2008 Lamborghini Gallardo Spyder,https://www.classic.com/veh/2008-lamborghini-gallardo-spyder-zhwgu22t18la06514-Wj3xmgp/,Classic.com,ZHWGU22T18LA06514,Gallardo Spyder; 28k mi displayed; mileage blank (rounded Nk mi); Classic.com Last Asking (removed/sold without published sold price)
2026-08-27,off_market,Lamborghini,Gallardo,spider,2007,96000,,,"New York, New York, USA",2007 Lamborghini Gallardo Spyder,https://www.classic.com/veh/2007-lamborghini-gallardo-spyder-zhwgu22t67la05129-Wxm5Exp/,Classic.com,ZHWGU22T67LA05129,Gallardo Spyder; 37k mi displayed; mileage blank (rounded Nk mi); off_market/pending/undisclosed historical card
2026-08-27,last_ask,Lamborghini,Gallardo,coupe,2013,154900,,,"Boynton Beach, Florida, USA",2013 Lamborghini Gallardo LP560-4,https://www.classic.com/veh/2013-lamborghini-gallardo-lp560-4-zhwgu5au8dla1305-pGAbPgn/,Classic.com,,Gallardo; 23k mi displayed; mileage blank (rounded Nk mi); Classic.com Last Asking (removed/sold without published sold price)
2026-08-27,last_ask,Lamborghini,Huracan_STO,coupe,2022,499950,,542,"Miami-Dade County, Florida, USA",2022 Lamborghini Huracan STO,https://www.classic.com/veh/2022-lamborghini-huracan-sto-zhwua6zx6nla20724-WbwEjrp/,Classic.com,ZHWUA6ZX6NLA20724,Huracán STO; exact miles displayed: 542 mi; Classic.com Last Asking (removed/sold without published sold price)
2026-08-27,last_ask,Lamborghini,Murcielago,spider,2007,800000,,,"Atlanta, Georgia, USA",2007 Lamborghini Murcielago LP640-4 Roadster,https://www.classic.com/veh/2007-lamborghini-murcielago-lp640-4-roadster-zhwbu-nQxykO4/,Classic.com,,Murcielago Roadster; 2k mi displayed; mileage blank (rounded Nk mi); Classic.com Last Asking (removed/sold without published sold price)
2026-08-27,sold,Lamborghini,Revuelto,coupe,2024,,626000,,"Pompano Beach, Florida, USA",2024 Lamborghini Revuelto,https://www.classic.com/veh/2024-lamborghini-revuelto-zhwuc1zm8rla00306-4rvdM54/,Classic.com,ZHWUC1ZM8RLA00306,Revuelto; 3k mi displayed; mileage blank (rounded Nk mi); auction sold
2026-08-27,off_market,Lamborghini,Revuelto,coupe,2025,,,185,"Rock Hill, South Carolina, USA",2025 Lamborghini Revuelto,https://www.classic.com/veh/2025-lamborghini-revuelto-zhwuc1zm5sla03623-pg90b0n/,Classic.com,ZHWUC1ZM5SLA03623,Revuelto; exact miles displayed: 185 mi; price undisclosed on Classic.com card; off_market/pending/undisclosed historical card
2026-08-27,last_ask,Ferrari,SF90,spider,2025,599995,,153,"Wilsonville, Oregon, USA",2025 Ferrari SF90 Spider,https://www.classic.com/veh/2025-ferrari-sf90-spider-zff96nma1s0316940-nXwJP14/,Classic.com,ZFF96NMA1S0316940,SF90 Spider; exact miles displayed: 153 mi; Classic.com Last Asking (removed/sold without published sold price)
2026-08-26,last_ask,Ferrari,296,spider,2024,464990,,765,"Newport Beach, California, USA",2024 Ferrari 296 GTS,https://www.classic.com/veh/2024-ferrari-296-gts-zff01sma2r0307843-p6qy3GW/,Classic.com,ZFF01SMA2R0307843,296 GTS; exact miles displayed: 765 mi; Classic.com Last Asking (removed/sold without published sold price)
2026-08-26,last_ask,Ferrari,296,coupe,2024,359999,,55,"New York, New York, USA",2024 Ferrari 296 GTB,https://www.classic.com/veh/2024-ferrari-296-gtb-zff99sla5r0910492-pgLRDe4/,Classic.com,ZFF99SLA5R0910492,296 GTB; exact miles displayed: 55 mi; Classic.com Last Asking (removed/sold without published sold price)
2026-08-26,last_ask,Ferrari,296,coupe,2024,332900,,464,"Scottsdale, Arizona, USA",2024 Ferrari 296 GTB,https://www.classic.com/veh/2024-ferrari-296-gtb-zff99slaxr0310460-4D3LAwp/,Classic.com,ZFF99SLAXR0310460,296 GTB; exact miles displayed: 464 mi; Classic.com Last Asking (removed/sold without published sold price)
2026-08-26,last_ask,Ferrari,458,spider,2014,689970,,,"Village of Spring Valley, New York, USA",2014 Ferrari 458 Spider,https://www.classic.com/veh/2014-ferrari-458-spider-zff68nhaxe0199662-pe2jNz4/,Classic.com,ZFF68NHAXE0199662,458 Spider; 8k mi displayed; mileage blank (rounded Nk mi); Classic.com Last Asking (removed/sold without published sold price)
2026-08-26,last_ask,Ferrari,488,spider,2018,461550,,,"Village of Spring Valley, New York, USA",2018 Ferrari 488 Spider,https://www.classic.com/veh/2018-ferrari-488-spider-zff80ama7j0230312-nQBzRwW/,Classic.com,ZFF80AMA7J0230312,5k mi displayed; mileage blank (rounded Nk mi); Classic.com Last Asking (removed/sold without published sold price)
2026-08-26,last_ask,Ferrari,488,coupe,2019,267800,,,"Bellevue, Washington, USA",2019 Ferrari 488 GTB,https://www.classic.com/veh/2019-ferrari-488-gtb-zff79ala5k0239188-pGZ7RPW/,Classic.com,ZFF79ALA5K0239188,37k mi displayed; mileage blank (rounded Nk mi); Classic.com Last Asking (removed/sold without published sold price)
2026-08-26,last_ask,Ferrari,488,spider,2016,358500,,,"San Diego, California, USA",2016 Ferrari 488 Spider,https://www.classic.com/veh/2016-ferrari-488-spider-zff80ama3g0218487-4awXKgW/,Classic.com,ZFF80AMA3G0218487,16k mi displayed; mileage blank (rounded Nk mi); Classic.com Last Asking (removed/sold without published sold price)
2026-08-26,sold,Ferrari,488,spider,2019,,405000,,"Fort Myers, Florida, USA",2019 Ferrari 488 Spider,https://www.classic.com/veh/2019-ferrari-488-spider-grigio-silverstone-exterio-4VwAQvn/,Classic.com,,7k mi displayed; mileage blank (rounded Nk mi); auction sold
2026-08-26,last_ask,McLaren,600LT,coupe,2019,236950,,,"Los Angeles, California, USA",2019 McLaren 600LT Coupe,https://www.classic.com/veh/2019-mclaren-600lt-coupe-sbm13raa3kw007829-nOqE0Ep/,Classic.com,SBM13RAA3KW007829,11k mi displayed; mileage blank (rounded Nk mi); Classic.com Last Asking (removed/sold without published sold price)
2026-08-26,last_ask,McLaren,600LT,coupe,2019,237995,,,"Akron, Ohio, USA",2019 McLaren 600LT Coupe,https://www.classic.com/veh/2019-mclaren-600lt-coupe-sbm13raa0kw008145-WxmQNkp/,Classic.com,SBM13RAA0KW008145,10k mi displayed; mileage blank (rounded Nk mi); Classic.com Last Asking (removed/sold without published sold price)
2026-08-26,last_ask,McLaren,765LT,spider,2022,788465,,,"Carrollton, Texas, USA",2022 McLaren 765LT Spider,https://www.classic.com/veh/2022-mclaren-765lt-spider-sbm14scaxnw765625-4DwKPop/,Classic.com,SBM14SCAXNW765625,5k mi displayed; mileage blank (rounded Nk mi); Classic.com Last Asking (removed/sold without published sold price)
2026-08-26,last_ask,McLaren,Artura,coupe,2023,189950,,,"Los Angeles, California, USA",2023 McLaren Artura TechLux,https://www.classic.com/veh/2023-mclaren-artura-sbm16aea1pw001702-4AqPP54/,Classic.com,SBM16AEA1PW001702,Artura; 1k mi displayed; mileage blank (rounded Nk mi); Classic.com Last Asking (removed/sold without published sold price)
2026-08-26,last_ask,Ferrari,F8,spider,2022,799995,,,"Trenton, New Jersey, USA",2022 Ferrari F8 Spider,https://www.classic.com/veh/2022-ferrari-f8-spider-zff93lmaxn0272468-Wkb1Dkn/,Classic.com,ZFF93LMAXN0272468,F8 Spider; 4k mi displayed; mileage blank (rounded Nk mi); Classic.com Last Asking (removed/sold without published sold price)
2026-08-26,last_ask,Ferrari,F8,coupe,2022,499051,,101,"Greensboro, North Carolina, USA",2022 Ferrari F8 Tributo,https://www.classic.com/veh/2022-ferrari-f8-tributo-zff92lla3n0270615-pPxXMBp/,Classic.com,ZFF92LLA3N0270615,F8 Tributo/coupe; exact miles displayed: 101 mi; Classic.com Last Asking (removed/sold without published sold price)
2026-08-26,last_ask,Ferrari,F8,spider,2022,679995,,,"Zionsville, Indiana, USA",2022 Ferrari F8 Spider,https://www.classic.com/veh/2022-ferrari-f8-spider-zff93lma2n0276787-pJq5qKW/,Classic.com,ZFF93LMA2N0276787,F8 Spider; 2k mi displayed; mileage blank (rounded Nk mi); Classic.com Last Asking (removed/sold without published sold price)
2026-08-26,sold,Ford,GT,coupe,2005,,685000,,"Pipersville, Pennsylvania, USA",2005 Ford GT,https://www.classic.com/veh/2005-ford-gt-1fafp90s55y400582-45GdwkW/,Classic.com,1FAFP90S55Y400582,Ford GT Gen1; 4k mi displayed; mileage blank (rounded Nk mi); auction sold
2026-08-26,last_ask,Lamborghini,Gallardo,coupe,2010,169950,,,"Los Angeles, California, USA",2010 Lamborghini Gallardo LP560-4,https://www.classic.com/veh/2010-lamborghini-gallardo-lp560-4-zhwgu6au5ala0973-nO80DoW/,Classic.com,,Gallardo; 4k mi displayed; mileage blank (rounded Nk mi); Classic.com Last Asking (removed/sold without published sold price)
2026-08-26,sold,Lamborghini,Huracan_Performante,spider,2018,,329000,,"Boynton Beach, Florida, USA",2018 Lamborghini Huracan LP640-4 Performante Spyder,https://www.classic.com/veh/2018-lamborghini-huracan-lp640-4-performante-spyde-pgakVLn/,Classic.com,,Huracán Performante Spyder; 11k mi displayed; mileage blank (rounded Nk mi); auction sold
2026-08-26,last_ask,Lamborghini,Huracan_Performante,spider,2019,,,,"Newport Beach, California, USA",2019 Lamborghini Huracan LP640-4 Performante Spyder,https://www.classic.com/veh/2019-lamborghini-huracan-lp640-4-performante-spyde-4DVl5jW/,Classic.com,,Huracán Performante Spyder; 35k mi displayed; mileage blank (rounded Nk mi); Classic.com Last Asking (removed/sold without published sold price); asking_price blank (not shown on card)
2026-08-26,last_ask,Lamborghini,Revuelto,coupe,2024,666005,,,"Newtown Township, Pennsylvania, USA",2024 Lamborghini Revuelto,https://www.classic.com/veh/2024-lamborghini-revuelto-zhwuc1zm0rla01546-nOxDgwW/,Classic.com,ZHWUC1ZM0RLA01546,Revuelto; 3k mi displayed; mileage blank (rounded Nk mi); Classic.com Last Asking (removed/sold without published sold price)
2026-08-26,last_ask,Lamborghini,Revuelto,coupe,2025,669900,,,"Newtown Township, Pennsylvania, USA",2025 Lamborghini Revuelto,https://www.classic.com/veh/2025-lamborghini-revuelto-zhwuc1zm3sla02065-pzO5mP4/,Classic.com,ZHWUC1ZM3SLA02065,Revuelto; 1k mi displayed; mileage blank (rounded Nk mi); Classic.com Last Asking (removed/sold without published sold price)
2026-08-26,last_ask,Lamborghini,Revuelto,coupe,2025,899980,,41,"Miami-Dade County, Florida, USA",2025 Lamborghini Revuelto Mansory,https://www.classic.com/veh/2025-lamborghini-revuelto-mansory-zhwuc1zm4sla0238-Wj1wYdn/,Classic.com,,Revuelto; exact miles displayed: 41 mi; Classic.com Last Asking (removed/sold without published sold price)
2026-08-26,sold,Ferrari,SF90,coupe,2021,,416000,,"Mineola, Texas, USA",2021 Ferrari SF90 Stradale Assetto Fiorano,https://www.classic.com/veh/2021-ferrari-sf90-stradale-assetto-fiorano-zff95nl-n3GbMbn/,Classic.com,,Assetto Fiorano; 6k mi displayed; mileage blank (rounded Nk mi); auction sold
2026-08-26,last_ask,Ferrari,SF90,spider,2023,544900,,,"Addison, Texas, USA",2023 Ferrari SF90 Spider,https://www.classic.com/veh/2023-ferrari-sf90-spider-zff96nma9p0289588-pdVDvwn/,Classic.com,ZFF96NMA9P0289588,SF90 Spider; 1k mi displayed; mileage blank (rounded Nk mi); Classic.com Last Asking (removed/sold without published sold price)
2026-08-26,last_ask,Ferrari,SF90,coupe,2023,599999,,804,"Costa Mesa, California, USA",2023 Ferrari SF90 Stradale,https://www.classic.com/veh/2023-ferrari-sf90-stradale-zff95nla0p0298460-4A77QMW/,Classic.com,ZFF95NLA0P0298460,SF90 Stradale; exact miles displayed: 804 mi; Classic.com Last Asking (removed/sold without published sold price)
2026-08-26,last_ask,Ferrari,SF90,coupe,2022,484187,,,"Dublin, Ohio, USA",2022 Ferrari SF90 Stradale Base Coupe,https://www.classic.com/veh/2022-ferrari-sf90-stradale-zff95nla5n0270800-4DxDw84/,Classic.com,ZFF95NLA5N0270800,SF90 Stradale; 1k mi displayed; mileage blank (rounded Nk mi); Classic.com Last Asking (removed/sold without published sold price)
2026-08-26,last_ask,Ferrari,SF90,coupe,2023,458496,,,"Las Vegas, Nevada, USA",2023 Ferrari SF90 Stradale,https://www.classic.com/veh/2023-ferrari-sf90-stradale-zff95nla2p0290831-4yRKVrn/,Classic.com,ZFF95NLA2P0290831,SF90 Stradale; 3k mi displayed; mileage blank (rounded Nk mi); Classic.com Last Asking (removed/sold without published sold price)
2026-08-25,last_ask,Ferrari,296,coupe,2025,354999,,46,"New York, New York, USA",2025 Ferrari 296 GTB,https://www.classic.com/veh/2025-ferrari-296-gtb-zff99sla9s0318975-n3e0YAp/,Classic.com,ZFF99SLA9S0318975,296 GTB; exact miles displayed: 46 mi; Classic.com Last Asking (removed/sold without published sold price)
2026-08-25,last_ask,Ferrari,296,spider,2025,389500,,600,"Boynton Beach, Florida, USA",2025 Ferrari 296 GTS,https://www.classic.com/veh/2025-ferrari-296-gts-zff01sma3s0319456-4aLvVgp/,Classic.com,ZFF01SMA3S0319456,296 GTS; exact miles displayed: 600 mi; Classic.com Last Asking (removed/sold without published sold price)
2026-08-25,last_ask,Ferrari,296,spider,2024,429900,,,"Beverly Hills, California, USA",2024 Ferrari 296 GTS,https://www.classic.com/veh/2024-ferrari-296-gts-zff01sma9r0302512-n855ajW/,Classic.com,ZFF01SMA9R0302512,296 GTS; 4k mi displayed; mileage blank (rounded Nk mi); Classic.com Last Asking (removed/sold without published sold price)
2026-08-25,last_ask,Ferrari,458,coupe,2015,1349000,,,"Houston, Texas, USA",2015 Ferrari 458 Speciale,https://www.classic.com/veh/2015-ferrari-458-speciale-zff75vfa3f0205609-4MaN9a4/,Classic.com,ZFF75VFA3F0205609,458 Speciale; 8k mi displayed; mileage blank (rounded Nk mi); Classic.com Last Asking (removed/sold without published sold price)
2026-08-25,sold,Ferrari,458,spider,2012,,490000,,"Pompano Beach, Florida, USA",2012 Ferrari 458 Spider,https://www.classic.com/veh/2013-ferrari-458-spider-zff68nha4d0190468-WjgNVEp/,Classic.com,ZFF68NHA4D0190468,458 Spider; 4k mi displayed; mileage blank (rounded Nk mi); auction sold
2026-08-25,sold,Ferrari,488,spider,2016,,352001,,"Maumelle, Arkansas, USA",2016 Ferrari 488 Spider,https://www.classic.com/veh/2016-ferrari-488-spider-zff80amaxg0218941-nQY1ZNn/,Classic.com,ZFF80AMAXG0218941,14k mi displayed; mileage blank (rounded Nk mi); auction sold
2026-08-25,sold,McLaren,Artura,coupe,2025,,203300,,"Miami-Dade County, Florida, USA",2025 McLaren Artura Coupe,https://www.classic.com/veh/2025-mclaren-artura-coupe-smb16aea7sw003849-nQA26on/,Classic.com,,Artura; 1k mi displayed; mileage blank (rounded Nk mi); auction sold
2026-08-25,sold,Lamborghini,Gallardo,spider,2007,,115000,,"Amity Township, Pennsylvania, USA",2007 Lamborghini Gallardo Spyder,https://www.classic.com/veh/2007-lamborghini-gallardo-spyder-zhwgu22t87la05021-nl2z5Qp/,Classic.com,ZHWGU22T87LA05021,Gallardo Spyder; 15k mi displayed; mileage blank (rounded Nk mi); auction sold
2026-08-25,last_ask,Lamborghini,Revuelto,coupe,2024,699996,,,"Charlotte, North Carolina, USA",2024 Lamborghini Revuelto,https://www.classic.com/veh/2024-lamborghini-revuelto-zhwuc1zm1rla01121-4Z26V04/,Classic.com,ZHWUC1ZM1RLA01121,Revuelto; 2k mi displayed; mileage blank (rounded Nk mi); Classic.com Last Asking (removed/sold without published sold price)
2026-08-25,last_ask,Lamborghini,Revuelto,coupe,2024,699900,,786,"Addison, Texas, USA",2024 Lamborghini Revuelto,https://www.classic.com/veh/2024-lamborghini-revuelto-zhwuc1zm6rla01390-pgaOvVn/,Classic.com,ZHWUC1ZM6RLA01390,Revuelto; exact miles displayed: 786 mi; Classic.com Last Asking (removed/sold without published sold price)
2026-08-25,last_ask,Ferrari,SF90,spider,2025,599999,,569,"New York, New York, USA",2025 Ferrari SF90 Spider,https://www.classic.com/veh/2025-ferrari-sf90-spider-zff96nma9s0316880-n366Vb4/,Classic.com,ZFF96NMA9S0316880,SF90 Spider; exact miles displayed: 569 mi; Classic.com Last Asking (removed/sold without published sold price)
2026-08-25,last_ask,Ferrari,SF90,spider,2023,559000,,904,"Beverly Hills, California, USA",2023 Ferrari SF90 Spider,https://www.classic.com/veh/2023-ferrari-sf90-spider-zff96nma1p0288340-pER5wP4/,Classic.com,ZFF96NMA1P0288340,SF90 Spider; exact miles displayed: 904 mi; Classic.com Last Asking (removed/sold without published sold price)
2026-08-24,last_ask,Ferrari,296,spider,2025,405000,,264,"San Diego, California, USA",2025 Ferrari 296 GTS,https://www.classic.com/veh/2025-ferrari-296-gts-zff01smaxs0314416-WbwmRXp/,Classic.com,ZFF01SMAXS0314416,296 GTS; exact miles displayed: 264 mi; Classic.com Last Asking (removed/sold without published sold price)
2026-08-24,last_ask,Ferrari,296,spider,2025,389000,,,"Fort Lauderdale, Florida, USA",2025 Ferrari 296 GTS,https://www.classic.com/veh/2025-ferrari-296-gts-zff01sma7s0319234-4oGyr14/,Classic.com,ZFF01SMA7S0319234,296 GTS; 1k mi displayed; mileage blank (rounded Nk mi); Classic.com Last Asking (removed/sold without published sold price)
2026-08-24,last_ask,Ferrari,488,coupe,2018,289950,,,"Los Angeles, California, USA",2018 Ferrari 488 GTB,https://www.classic.com/veh/2018-ferrari-488-gtb-zff79ala4j0229704-nBrd0Kn/,Classic.com,ZFF79ALA4J0229704,7k mi displayed; mileage blank (rounded Nk mi); Classic.com Last Asking (removed/sold without published sold price)
2026-08-24,last_ask,McLaren,765LT,spider,2022,899999,,,"Costa Mesa, California, USA",2022 McLaren 765LT Spider,https://www.classic.com/veh/2022-mclaren-765lt-spider-sbm14scaxnw765317-p0Kye3W/,Classic.com,SBM14SCAXNW765317,1k mi displayed; mileage blank (rounded Nk mi); Classic.com Last Asking (removed/sold without published sold price)
2026-08-24,sold,Ford,GT,coupe,2005,,715000,,"Carrollton, Texas, USA",2005 Ford GT,https://www.classic.com/veh/2005-ford-gt-1fafp90s35y400970-nBwmq7W/,Classic.com,1FAFP90S35Y400970,Ford GT Gen1; 8k mi displayed; mileage blank (rounded Nk mi); auction sold
2026-08-24,last_ask,Lamborghini,Gallardo,spider,2011,114999,,,"Norcross, Georgia, USA",2011 Lamborghini Gallardo LP 560-4 Spyder,https://www.classic.com/veh/2011-lamborghini-gallardo-lp-560-4-spyder-zhwgu6au-n3GybMn/,Classic.com,,Gallardo Spyder; 36k mi displayed; mileage blank (rounded Nk mi); Classic.com Last Asking (removed/sold without published sold price)
2026-08-24,last_ask,Lamborghini,Huracan_STO,coupe,2022,441480,,,"Highlands Ranch, Colorado, USA",2022 Lamborghini Huracan STO,https://www.classic.com/veh/2022-lamborghini-huracan-sto-zhwua6zx3nla18218-pzOBa14/,Classic.com,ZHWUA6ZX3NLA18218,Huracán STO; 8k mi displayed; mileage blank (rounded Nk mi); Classic.com Last Asking (removed/sold without published sold price)
2026-08-24,off_market,Lamborghini,Huracan_STO,coupe,2021,,,,"Dawsonville, Georgia, USA",2021 Lamborghini Huracan STO,https://www.classic.com/veh/2021-lamborghini-huracan-zhwua6zx8mla17242-p0GQPxW/,Classic.com,ZHWUA6ZX8MLA17242,"Huracán STO; 14k mi displayed; mileage blank (rounded Nk mi); auction Not Sold; highest bid $411,000 (not entered as sold/ask)"
2026-08-24,sold,Ferrari,SF90,spider,2023,,514000,,"Houston, Texas, USA",2023 Ferrari SF90 Spider,https://www.classic.com/veh/2023-ferrari-sf90-spider-zff96nma5p0290706-pP3ZqrW/,Classic.com,ZFF96NMA5P0290706,SF90 Spider; 2k mi displayed; mileage blank (rounded Nk mi); auction sold
2026-08-24,last_ask,Ferrari,SF90,spider,2024,597305,,98,"Scottsdale, Arizona, USA",2024 Ferrari SF90 Spider,https://www.classic.com/veh/2024-ferrari-sf90-spider-zff96nma0r0305406-WvvEG5W/,Classic.com,ZFF96NMA0R0305406,SF90 Spider; exact miles displayed: 98 mi; Classic.com Last Asking (removed/sold without published sold price)
2026-08-24,last_ask,Ferrari,SF90,coupe,2021,464947,,634,"Edmond, Oklahoma, USA",2021 Ferrari SF90 Stradale,https://www.classic.com/veh/2021-ferrari-sf90-stradale-zff95nla5m0266745-4yBMOLn/,Classic.com,ZFF95NLA5M0266745,SF90 Stradale; exact miles displayed: 634 mi; Classic.com Last Asking (removed/sold without published sold price)
2026-08-24,last_ask,Ferrari,SF90,coupe,2023,489999,,,"Costa Mesa, California, USA",2023 Ferrari SF90 Stradale,https://www.classic.com/veh/2023-ferrari-sf90-stradale-zff95nla2p0296693-pJqL8VW/,Classic.com,ZFF95NLA2P0296693,SF90 Stradale; 1k mi displayed; mileage blank (rounded Nk mi); Classic.com Last Asking (removed/sold without published sold price)
2026-08-23,last_ask,Ferrari,458,spider,2015,678908,,,"Village of Spring Valley, New York, USA",2015 Ferrari 458 Spider,https://www.classic.com/veh/2015-ferrari-458-spider-zff68nha0f0206510-n3rBdD4/,Classic.com,ZFF68NHA0F0206510,458 Spider; 4k mi displayed; mileage blank (rounded Nk mi); Classic.com Last Asking (removed/sold without published sold price)
2026-08-23,last_ask,Ferrari,458,coupe,2013,379970,,,"Village of Spring Valley, New York, USA",2013 Ferrari 458 Italia,https://www.classic.com/veh/2013-ferrari-458-italia-zff67nfa2d0190720-47Baojp/,Classic.com,ZFF67NFA2D0190720,458 Italia/coupe; 25k mi displayed; mileage blank (rounded Nk mi); Classic.com Last Asking (removed/sold without published sold price)
2026-08-23,off_market,Ferrari,488,spider,2018,,,986,"Phoenix, Arizona, USA",2018 Ferrari 488 Spider,https://www.classic.com/veh/2018-ferrari-488-spider-zff80ama1j0232833-4VewBlp/,Classic.com,ZFF80AMA1J0232833,"exact miles displayed: 986 mi; auction Not Sold; highest bid $425,034 (not entered as sold/ask)"
2026-08-23,last_ask,Ferrari,488,spider,2018,399063,,,"Village of Spring Valley, New York, USA",2018 Ferrari 488 Spider,https://www.classic.com/veh/2018-ferrari-488-spider-zff80ama8j0234563-n2PAx6p/,Classic.com,ZFF80AMA8J0234563,15k mi displayed; mileage blank (rounded Nk mi); Classic.com Last Asking (removed/sold without published sold price)
2026-08-23,last_ask,Ferrari,488,spider,2019,422725,,,"Village of Spring Valley, New York, USA",2019 Ferrari 488 Spider,https://www.classic.com/veh/2019-ferrari-488-spider-zff80ama2k0242126-n30NGDW/,Classic.com,ZFF80AMA2K0242126,14k mi displayed; mileage blank (rounded Nk mi); Classic.com Last Asking (removed/sold without published sold price)
2026-08-23,last_ask,Ferrari,F8,spider,2022,700000,,,"San Diego, California, USA",2022 Ferrari F8 Spider,https://www.classic.com/veh/2022-ferrari-f8-spider-zff93lma2n0278426-WvmLMvn/,Classic.com,ZFF93LMA2N0278426,F8 Spider; 1k mi displayed; mileage blank (rounded Nk mi); Classic.com Last Asking (removed/sold without published sold price)
2026-08-23,last_ask,Ferrari,F8,coupe,2021,469995,,,"Trenton, New Jersey, USA",2021 Ferrari F8 Tributo,https://www.classic.com/veh/2021-ferrari-f8-tributo-zff92llaxm0266835-4rmAdYp/,Classic.com,ZFF92LLAXM0266835,F8 Tributo/coupe; 1k mi displayed; mileage blank (rounded Nk mi); Classic.com Last Asking (removed/sold without published sold price)
2026-08-23,last_ask,Ferrari,F8,spider,2021,539995,,,"Trenton, New Jersey, USA",2021 Ferrari F8 Spider,https://www.classic.com/veh/2021-ferrari-f8-spider-zff93lma8m0268207-4rmevMp/,Classic.com,ZFF93LMA8M0268207,F8 Spider; 9k mi displayed; mileage blank (rounded Nk mi); Classic.com Last Asking (removed/sold without published sold price)
2026-08-23,last_ask,Ford,GT,coupe,2005,599900,,,"Austin, Texas, USA",2005 Ford GT,https://www.classic.com/veh/2005-ford-gt-1fafp90s65y400896-pzOeME4/,Classic.com,1FAFP90S65Y400896,Ford GT Gen1; 9k mi displayed; mileage blank (rounded Nk mi); Classic.com Last Asking (removed/sold without published sold price)
2026-08-23,last_ask,Lamborghini,Gallardo,coupe,2004,95000,,,"Salem, Oregon, USA",2004 Lamborghini Gallardo,https://www.classic.com/veh/2004-lamborghini-gallardo-zhwgu11s04la01771-4o75Ba4/,Classic.com,ZHWGU11S04LA01771,Gallardo; 12k mi displayed; mileage blank (rounded Nk mi); Classic.com Last Asking (removed/sold without published sold price)
2026-08-23,last_ask,Lamborghini,Huracan_STO,coupe,2024,480000,,,"San Diego, California, USA",2024 Lamborghini Huracan STO,https://www.classic.com/veh/2024-lamborghini-huracan-sto-zhwua6zx2rla28731-n1G1Rbp/,Classic.com,ZHWUA6ZX2RLA28731,Huracán STO; 5k mi displayed; mileage blank (rounded Nk mi); Classic.com Last Asking (removed/sold without published sold price)
2026-08-23,last_ask,Ferrari,SF90,coupe,2021,429900,,,"Tampa, Florida, USA",2021 Ferrari SF90 Stradale Assetto Fiorano,https://www.classic.com/veh/2021-ferrari-sf90-stradale-zff95nla1m0267200-nXgevk4/,Classic.com,ZFF95NLA1M0267200,Assetto Fiorano; 2k mi displayed; mileage blank (rounded Nk mi); Classic.com Last Asking (removed/sold without published sold price)
2026-08-23,last_ask,Ferrari,SF90,spider,2023,575224,,339,"Honolulu, Hawaii, USA",2023 Ferrari SF90 Spider,https://www.classic.com/veh/2023-ferrari-sf90-spider-zff96nma2p0296205-n1ogegp/,Classic.com,ZFF96NMA2P0296205,SF90 Spider; exact miles displayed: 339 mi; Classic.com Last Asking (removed/sold without published sold price)
2026-08-22,last_ask,Ferrari,296,spider,2024,399990,,,"Newport Beach, California, USA",2024 Ferrari 296 GTS,https://www.classic.com/veh/2024-ferrari-296-gts-zff01smaxr0311574-4VmdKDp/,Classic.com,ZFF01SMAXR0311574,296 GTS; 1k mi displayed; mileage blank (rounded Nk mi); Classic.com Last Asking (removed/sold without published sold price)
2026-08-22,last_ask,Ferrari,296,coupe,2024,320000,,,"Indian Trail, North Carolina, USA",2024 Ferrari 296 GTB,https://www.classic.com/veh/2024-ferrari-296-gtb-zff99sla7r0300615-WRL9RA4/,Classic.com,ZFF99SLA7R0300615,296 GTB; 17k mi displayed; mileage blank (rounded Nk mi); Classic.com Last Asking (removed/sold without published sold price)
2026-08-22,last_ask,Ferrari,296,spider,2025,434890,,897,"Saint Louis County, Missouri, USA",2025 Ferrari 296 GTS,https://www.classic.com/veh/2025-ferrari-296-gts-zff01sma0s0319933-n1obGrp/,Classic.com,ZFF01SMA0S0319933,296 GTS; exact miles displayed: 897 mi; Classic.com Last Asking (removed/sold without published sold price)
2026-08-22,last_ask,Ferrari,296,coupe,2024,314999,,,"New York, New York, USA",2024 Ferrari 296 GTB,https://www.classic.com/veh/2024-ferrari-296-gtb-zff99sla3r0310459-4amKqd4/,Classic.com,ZFF99SLA3R0310459,296 GTB; 2k mi displayed; mileage blank (rounded Nk mi); Classic.com Last Asking (removed/sold without published sold price)
2026-08-22,off_market,Ferrari,458,coupe,2015,,,,"Calabasas, California, USA",2015 Ferrari 458 Italia,https://www.classic.com/veh/2015-ferrari-458-italia-base-zff67nfa2f0206479-4DxlXo4/,Classic.com,ZFF67NFA2F0206479,458 Italia/coupe; 4k mi displayed; mileage blank (rounded Nk mi); off_market/pending/undisclosed historical card; asking_price blank (not shown on card)
2026-08-22,last_ask,Ferrari,488,spider,2017,439995,,,"City of Glen Cove, New York, USA",2017 Ferrari 488 Spider,https://www.classic.com/veh/2017-ferrari-488-spider-zff80amaxh0226250-nOl6bwW/,Classic.com,ZFF80AMAXH0226250,12k mi displayed; mileage blank (rounded Nk mi); Classic.com Last Asking (removed/sold without published sold price)
2026-08-22,last_ask,McLaren,675LT,spider,2016,359999,,,"Costa Mesa, California, USA",2016 McLaren 675LT Spider,https://www.classic.com/veh/2016-mclaren-675lt-spider-sbm11saa6gw675659-WkBwEOn/,Classic.com,SBM11SAA6GW675659,6k mi displayed; mileage blank (rounded Nk mi); Classic.com Last Asking (removed/sold without published sold price)
2026-08-22,last_ask,Lamborghini,Aventador_SV,coupe,2016,699000,,,"Houston, Texas, USA",2016 Lamborghini Aventador LP750-4 SV,https://www.classic.com/veh/2016-lamborghini-aventador-lp750-4-sv-zhwuf3zd0gla-nBkREEW/,Classic.com,,Aventador LP750-4 SV; 14k mi displayed; mileage blank (rounded Nk mi); Classic.com Last Asking (removed/sold without published sold price)
2026-08-22,last_ask,Lamborghini,Gallardo,coupe,2014,189725,,,"Carrollton, Texas, USA",2014 Lamborghini Gallardo LP550-2,https://www.classic.com/veh/2014-lamborghini-gallardo-lp550-2-zhwgu6bz4ela1398-n1GQzGp/,Classic.com,,Gallardo; 7k mi displayed; mileage blank (rounded Nk mi); Classic.com Last Asking (removed/sold without published sold price)
2026-08-22,off_market,Lamborghini,Revuelto,coupe,2026,,,44,"West Palm Beach, Florida, USA",2026 Lamborghini Revuelto,https://www.classic.com/veh/2026-lamborghini-revuelto-zhwuc1zmxtla04767-WRGDKop/,Classic.com,ZHWUC1ZMXTLA04767,Revuelto; exact miles displayed: 44 mi; price undisclosed on Classic.com card; off_market/pending/undisclosed historical card
2026-08-21,last_ask,Ferrari,296,coupe,2024,359999,,,"Costa Mesa, California, USA",2024 Ferrari 296 GTB,https://www.classic.com/veh/2024-ferrari-296-gtb-zff99sla3r0310719-peLqLwW/,Classic.com,ZFF99SLA3R0310719,296 GTB; 1k mi displayed; mileage blank (rounded Nk mi); Classic.com Last Asking (removed/sold without published sold price)
2026-08-21,off_market,Ferrari,296,coupe,2024,,,,"Fort Lauderdale, Florida, USA",2024 Ferrari 296 GTB,https://www.classic.com/veh/2024-ferrari-296-gtb-zff99sla2r0311120-nmdkPj4/,Classic.com,ZFF99SLA2R0311120,296 GTB; 1k mi displayed; mileage blank (rounded Nk mi); off_market/pending/undisclosed historical card
2026-08-21,off_market,Ferrari,296,coupe,2025,,,,"Fort Lauderdale, Florida, USA",2025 Ferrari 296 GTB,https://www.classic.com/veh/2025-ferrari-296-gtb-zff99sla6s0314169-pGZjr6W/,Classic.com,ZFF99SLA6S0314169,296 GTB; 1k mi displayed; mileage blank (rounded Nk mi); off_market/pending/undisclosed historical card
2026-08-21,off_market,Ferrari,296,coupe,2022,,,,"Portland, Oregon, USA",2022 Ferrari 296 GTB,https://www.classic.com/veh/2022-ferrari-296-gtb-zff99sla3n0280454-nQAeMon/,Classic.com,ZFF99SLA3N0280454,296 GTB; 8k mi displayed; mileage blank (rounded Nk mi); price undisclosed on Classic.com card; off_market/pending/undisclosed historical card
2026-08-21,off_market,Ferrari,458,coupe,2012,,,,"Santa Ana, California, USA",2012 Ferrari 458 Italia,https://www.classic.com/veh/2012-ferrari-458-italia-zff67nfa0c0188835-45GMG5W/,Classic.com,ZFF67NFA0C0188835,"458 Italia/coupe; 9k mi displayed; mileage blank (rounded Nk mi); auction Not Sold; highest bid $350,000 (not entered as sold/ask)"
2026-08-21,last_ask,Ferrari,488,spider,2016,463000,,,"Scottsdale, Arizona, USA",2016 Ferrari 488 Spider,https://www.classic.com/veh/2016-ferrari-488-spider-zff80ama0g0219208-4ZR35J4/,Classic.com,ZFF80AMA0G0219208,5k mi displayed; mileage blank (rounded Nk mi); Classic.com Last Asking (removed/sold without published sold price)
2026-08-21,sold,Ferrari,488,spider,2016,,383000,,"Will County, Illinois, USA",2016 Ferrari 488 Spider,https://www.classic.com/veh/2016-ferrari-488-spider-zff80amaxg0218471-nwkAKln/,Classic.com,ZFF80AMAXG0218471,4k mi displayed; mileage blank (rounded Nk mi); auction sold
2026-08-21,last_ask,Ferrari,488,coupe,2019,379999,,,"Costa Mesa, California, USA",2019 Ferrari 488 GTB - Carbon Steering Wheel Front PPF,https://www.classic.com/veh/2019-ferrari-488-gtb-carbon-steering-wheel-front-p-45GzOdW/,Classic.com,,8k mi displayed; mileage blank (rounded Nk mi); Classic.com Last Asking (removed/sold without published sold price)
2026-08-21,last_ask,McLaren,Artura,spider,2025,251348,,,"Fort Lauderdale, Florida, USA",2025 McLaren Artura Spider,https://www.classic.com/veh/2025-mclaren-artura-spider-sbm16bea0sw003150-nlO8QM4/,Classic.com,SBM16BEA0SW003150,Artura Spider; 4k mi displayed; mileage blank (rounded Nk mi); Classic.com Last Asking (removed/sold without published sold price)
2026-08-21,off_market,McLaren,Artura,coupe,2023,,,,"Fort Lauderdale, Florida, USA",2023 McLaren Artura Coupe,https://www.classic.com/veh/2023-mclaren-artura-coupe-sbm16aea7pw001364-WNVxxPW/,Classic.com,SBM16AEA7PW001364,Artura; 7k mi displayed; mileage blank (rounded Nk mi); off_market/pending/undisclosed historical card
2026-08-21,last_ask,McLaren,Artura,coupe,2024,179950,,,"Brentwood, Tennessee, USA",2024 McLaren Artura,https://www.classic.com/veh/2024-mclaren-artura-techlux-sbm16aea1rw002481-pdYPjO4/,Classic.com,SBM16AEA1RW002481,Artura; 10k mi displayed; mileage blank (rounded Nk mi); Classic.com Last Asking (removed/sold without published sold price)
2026-08-21,sold,Ferrari,F8,coupe,2020,,455000,917,"Compton, California, USA",2020 Ferrari F8 Tributo,https://www.classic.com/veh/2020-ferrari-f8-tributo-zff92lla5l0255384-WvmODyn/,Classic.com,ZFF92LLA5L0255384,F8 Tributo/coupe; exact miles displayed: 917 mi; auction sold
2026-08-21,last_ask,Ford,GT,coupe,2005,679999,,,"Costa Mesa, California, USA",2005 Ford GT,https://www.classic.com/veh/2005-ford-gt-1fafp90s55y400453-4aAZ5M4/,Classic.com,1FAFP90S55Y400453,Ford GT Gen1; 2k mi displayed; mileage blank (rounded Nk mi); Classic.com Last Asking (removed/sold without published sold price)
2026-08-21,last_ask,Ford,GT,coupe,2006,675912,,,"West Chicago, Illinois, USA",2006 Ford GT,https://www.classic.com/veh/2006-ford-gt-1fafp90s96y400750-4yBMoXn/,Classic.com,1FAFP90S96Y400750,Ford GT Gen1; 31k mi displayed; mileage blank (rounded Nk mi); Classic.com Last Asking (removed/sold without published sold price)
2026-08-21,last_ask,Ford,GT,coupe,2006,699999,,,"Costa Mesa, California, USA",2006 Ford GT,https://www.classic.com/veh/2006-ford-gt-1fafp90s46y400042-nXwyeB4/,Classic.com,1FAFP90S46Y400042,Ford GT Gen1; 3k mi displayed; mileage blank (rounded Nk mi); Classic.com Last Asking (removed/sold without published sold price)
2026-08-21,sold,Lamborghini,Gallardo,spider,2008,,140000,,"Amity Township, Pennsylvania, USA",2008 Lamborghini Gallardo Spyder,https://www.classic.com/veh/2008-lamborghini-gallardo-spyder-zhwgu22t88la06378-4DwajAp/,Classic.com,ZHWGU22T88LA06378,Gallardo Spyder; 7k mi displayed; mileage blank (rounded Nk mi); auction sold
2026-08-21,last_ask,Lamborghini,Gallardo,coupe,2009,169995,,,"Tampa, Florida, USA",2009 Lamborghini Gallardo LP560-4,https://www.classic.com/veh/2009-lamborghini-gallardo-lp560-4-zhwgu54t79la0833-WqOoxq4/,Classic.com,,Gallardo; 15k mi displayed; mileage blank (rounded Nk mi); Classic.com Last Asking (removed/sold without published sold price)
2026-08-21,last_ask,Ferrari,SF90,spider,2022,679900,,458,"Fort Lauderdale, Florida, USA",2022 Ferrari SF90 Spider Tailor Made,https://www.classic.com/veh/2022-ferrari-sf90-spider-tailor-made-zff96nma9n027-pP3lOrW/,Classic.com,,SF90 Spider; exact miles displayed: 458 mi; Classic.com Last Asking (removed/sold without published sold price)
2026-08-21,last_ask,Ferrari,SF90,coupe,2023,489000,,399,"Thousand Oaks, California, USA",2023 Ferrari SF90 Stradale,https://www.classic.com/veh/2023-ferrari-sf90-stradale-zff95nla3p0295035-4yDYOap/,Classic.com,ZFF95NLA3P0295035,SF90 Stradale; exact miles displayed: 399 mi; Classic.com Last Asking (removed/sold without published sold price)
2026-08-21,off_market,Ferrari,SF90,coupe,2022,,,,"Costa Mesa, California, USA",2022 Ferrari SF90 Stradale,https://www.classic.com/veh/2022-ferrari-sf90-stradale-zff95nla4n0280198-W9Bo7yp/,Classic.com,ZFF95NLA4N0280198,SF90 Stradale; 1k mi displayed; mileage blank (rounded Nk mi); off_market/pending/undisclosed historical card
2026-08-20,last_ask,Ferrari,296,spider,2025,514661,,295,"Scottsdale, Arizona, USA",2025 Ferrari 296 GTS,https://www.classic.com/veh/2025-ferrari-296-gts-zff01sma6s0323629-W9Bo50p/,Classic.com,ZFF01SMA6S0323629,296 GTS; exact miles displayed: 295 mi; Classic.com Last Asking (removed/sold without published sold price)
2026-08-20,last_ask,Ferrari,296,coupe,2024,324900,,,"Bellevue, Washington, USA",2024 Ferrari 296 GTB,https://www.classic.com/veh/2024-ferrari-296-gtb-zff99sla9r0302124-nwXy9jW/,Classic.com,ZFF99SLA9R0302124,296 GTB; 1k mi displayed; mileage blank (rounded Nk mi); Classic.com Last Asking (removed/sold without published sold price)
2026-08-20,last_ask,Ferrari,296,coupe,2024,320289,,142,"West Palm Beach, Florida, USA",2024 Ferrari 296 GTB,https://www.classic.com/veh/2024-ferrari-296-gtb-zff99sla9r0305881-WLOw2Nn/,Classic.com,ZFF99SLA9R0305881,296 GTB; exact miles displayed: 142 mi; Classic.com Last Asking (removed/sold without published sold price)
2026-08-20,last_ask,Ferrari,296,coupe,2024,325000,,,"Scottsdale, Arizona, USA",2024 Ferrari 296 GTB,https://www.classic.com/veh/2024-ferrari-296-gtb-zff99sla6r0299991-WL8ogzW/,Classic.com,ZFF99SLA6R0299991,296 GTB; 2k mi displayed; mileage blank (rounded Nk mi); Classic.com Last Asking (removed/sold without published sold price)
2026-08-20,last_ask,Ferrari,458,coupe,2014,499995,,,"Tampa, Florida, USA",2014 Ferrari 458 Italia,https://www.classic.com/veh/2014-ferrari-458-italia-zff67nfa5e0203610-4awMA6W/,Classic.com,ZFF67NFA5E0203610,458 Italia/coupe; 8k mi displayed; mileage blank (rounded Nk mi); Classic.com Last Asking (removed/sold without published sold price)
2026-08-20,last_ask,Ferrari,488,spider,2018,409990,,,"Newport Beach, California, USA",2018 Ferrari 488 Spider,https://www.classic.com/veh/2018-ferrari-488-spider-zff80ama5j0231331-nKw2ZRn/,Classic.com,ZFF80AMA5J0231331,13k mi displayed; mileage blank (rounded Nk mi); Classic.com Last Asking (removed/sold without published sold price)
2026-08-20,last_ask,Ferrari,488,spider,2019,418900,,,"Norwood, Massachusetts, USA",2019 Ferrari 488 Spider,https://www.classic.com/veh/2019-ferrari-488-spider-zff80ama9k0238154-nmmNVOn/,Classic.com,ZFF80AMA9K0238154,13k mi displayed; mileage blank (rounded Nk mi); Classic.com Last Asking (removed/sold without published sold price)
2026-08-20,last_ask,Ferrari,488,coupe,2016,296995,,,"Fort Wayne, Indiana, USA",2016 Ferrari 488 GTB,https://www.classic.com/veh/2016-ferrari-488-gtb-zff79ala9g0218691-47r9llp/,Classic.com,ZFF79ALA9G0218691,12k mi displayed; mileage blank (rounded Nk mi); Classic.com Last Asking (removed/sold without published sold price)
2026-08-20,last_ask,Ferrari,488,spider,2017,367585,,,"Costa Mesa, California, USA",2017 Ferrari 488 Spider,https://www.classic.com/veh/2017-ferrari-488-spider-zff80ama0h0224961-WLA37jp/,Classic.com,ZFF80AMA0H0224961,12k mi displayed; mileage blank (rounded Nk mi); Classic.com Last Asking (removed/sold without published sold price)
2026-08-20,last_ask,Ferrari,488,spider,2018,259999,,,"Everett, Washington, USA",2018 Ferrari 488 Spider,https://www.classic.com/veh/2018-ferrari-488-spider-zff80ama3j0236043-nXwZZ74/,Classic.com,ZFF80AMA3J0236043,11k mi displayed; mileage blank (rounded Nk mi); Classic.com Last Asking (removed/sold without published sold price)
2026-08-20,last_ask,Ferrari,488,coupe,2017,339000,,,"Boynton Beach, Florida, USA",2017 Ferrari 488 GTB,https://www.classic.com/veh/2017-ferrari-488-gtb-zff79ala5h0224098-WR1Ae0n/,Classic.com,ZFF79ALA5H0224098,13k mi displayed; mileage blank (rounded Nk mi); Classic.com Last Asking (removed/sold without published sold price)
2026-08-20,last_ask,McLaren,Artura,spider,2025,259900,,,"Boynton Beach, Florida, USA",2025 McLaren Artura Spider,https://www.classic.com/veh/2025-mclaren-artura-spider-sbm16bea4sw002728-WRdye04/,Classic.com,SBM16BEA4SW002728,Artura Spider; 3k mi displayed; mileage blank (rounded Nk mi); Classic.com Last Asking (removed/sold without published sold price)
2026-08-20,last_ask,Ferrari,F8,coupe,2020,459900,,,"Addison, Texas, USA",2020 Ferrari F8 Tributo,https://www.classic.com/veh/2020-ferrari-f8-tributo-zff92llaxl0254845-pGQg02n/,Classic.com,ZFF92LLAXL0254845,F8 Tributo/coupe; 5k mi displayed; mileage blank (rounded Nk mi); Classic.com Last Asking (removed/sold without published sold price)
2026-08-20,last_ask,Lamborghini,Gallardo,coupe,2013,139990,,,,2013 Lamborghini Gallardo LP550-2,https://www.classic.com/veh/2013-lamborghini-gallardo-lp550-2-zhwgu6bz9dla1341-4odEJLn/,Classic.com,,Gallardo; 24k mi displayed; mileage blank (rounded Nk mi); Classic.com Last Asking (removed/sold without published sold price)
2026-08-20,last_ask,Lamborghini,Gallardo,coupe,2012,134900,,,"Lakewood, Colorado, USA",2012 Lamborghini Gallardo LP550-2,https://www.classic.com/veh/2012-lamborghini-gallardo-lp550-2-zhwgu5bz1cla1149-Wjbx6EW/,Classic.com,,Gallardo; 29k mi displayed; mileage blank (rounded Nk mi); Classic.com Last Asking (removed/sold without published sold price)
2026-08-20,last_ask,Lamborghini,Huracan_STO,coupe,2022,454999,,,"Pompano Beach, Florida, USA",2022 Lamborghini Huracan STO,https://www.classic.com/veh/2022-lamborghini-huracan-sto-zhwua6zx2nla18307-WNAo8rn/,Classic.com,ZHWUA6ZX2NLA18307,Huracán STO; 3k mi displayed; mileage blank (rounded Nk mi); Classic.com Last Asking (removed/sold without published sold price)
2026-08-20,sold,Lamborghini,Murcielago,coupe,2007,,700000,,"Scottsdale, Arizona, USA",2007 Lamborghini Murciélago LP640-4,https://www.classic.com/veh/2007-lamborghini-murcielago-lp640-4-zhwbu37s57la02-nXeGJbW/,Classic.com,,Murcielago; 4k mi displayed; mileage blank (rounded Nk mi); auction sold
2026-08-20,last_ask,Lamborghini,Revuelto,coupe,2026,774334,,45,"Chicago, Illinois, USA",2026 Lamborghini Revuelto,https://www.classic.com/veh/2026-lamborghini-revuelto-zhwuc1zm5tla04532-nBkLzRW/,Classic.com,ZHWUC1ZM5TLA04532,Revuelto; exact miles displayed: 45 mi; Classic.com Last Asking (removed/sold without published sold price)
2026-08-20,off_market,Ferrari,SF90,spider,2025,,,133,"Englewood, Colorado, USA",2025 Ferrari SF90 Spider Assetto Fiorano,https://www.classic.com/veh/2025-ferrari-sf90-spider-assetto-fiorano-zff96nma4-n2o9vmW/,Classic.com,,Assetto Fiorano; exact miles displayed: 133 mi; price undisclosed on Classic.com card; off_market/pending/undisclosed historical card
2026-08-20,last_ask,Ferrari,SF90,coupe,2023,470950,,,"Miami-Dade County, Florida, USA",2023 Ferrari SF90 Stradale,https://www.classic.com/veh/2023-ferrari-sf90-stradale-zff95nla5p0293125-n35JyRp/,Classic.com,ZFF95NLA5P0293125,SF90 Stradale; 3k mi displayed; mileage blank (rounded Nk mi); Classic.com Last Asking (removed/sold without published sold price)
2026-08-19,last_ask,Ferrari,296,coupe,2023,339999,,609,"San Diego, California, USA",2023 Ferrari 296 GTB Assetto Fiorano,https://www.classic.com/veh/2023-ferrari-296-gtb-assetto-fiorano-zff99sla9p029-WR1L9on/,Classic.com,,296 GTB; exact miles displayed: 609 mi; Classic.com Last Asking (removed/sold without published sold price)
2026-08-19,last_ask,Ferrari,296,coupe,2025,335895,,425,"Carrollton, Texas, USA",2025 Ferrari 296 GTB,https://www.classic.com/veh/2025-ferrari-296-gtb-zff99sla8s0313184-WRGwdlp/,Classic.com,ZFF99SLA8S0313184,296 GTB; exact miles displayed: 425 mi; Classic.com Last Asking (removed/sold without published sold price)
2026-08-19,last_ask,Ferrari,296,coupe,2024,364000,,,"Thousand Oaks, California, USA",2024 Ferrari 296 GTB,https://www.classic.com/veh/2024-ferrari-296-gtb-zff99sla9r0310417-WYDkG1n/,Classic.com,ZFF99SLA9R0310417,296 GTB; 1k mi displayed; mileage blank (rounded Nk mi); Classic.com Last Asking (removed/sold without published sold price)
2026-08-19,sold,Ferrari,458,coupe,2015,,501000,,"City of Glen Cove, New York, USA",2015 Ferrari 458 Italia,https://www.classic.com/veh/2015-ferrari-458-italia-zff67nfa3f0206684-nBwy9mW/,Classic.com,ZFF67NFA3F0206684,458 Italia/coupe; 1k mi displayed; mileage blank (rounded Nk mi); auction sold
2026-08-19,last_ask,Ferrari,458,spider,2014,339995,,,"Trenton, New Jersey, USA",2014 Ferrari 458 Spider,https://www.classic.com/veh/2014-ferrari-458-spider-zff68nhaxe0199175-47kaKO4/,Classic.com,ZFF68NHAXE0199175,458 Spider; 32k mi displayed; mileage blank (rounded Nk mi); Classic.com Last Asking (removed/sold without published sold price)
2026-08-19,last_ask,Ferrari,488,coupe,2019,369900,,,"Naples, Florida, USA",2019 Ferrari 488 GTB,https://www.classic.com/veh/2019-ferrari-488-gtb-zff79ala7k0239502-47evweW/,Classic.com,ZFF79ALA7K0239502,4k mi displayed; mileage blank (rounded Nk mi); Classic.com Last Asking (removed/sold without published sold price)
2026-08-19,last_ask,Ferrari,488,spider,2018,369000,,,"Costa Mesa, California, USA",2018 Ferrari 488 Spider,https://www.classic.com/veh/2018-ferrari-488-spider-zff80ama6j0230396-4AxXvbp/,Classic.com,ZFF80AMA6J0230396,19k mi displayed; mileage blank (rounded Nk mi); Classic.com Last Asking (removed/sold without published sold price)
2026-08-19,last_ask,Ferrari,488,spider,2017,415000,,,"Scottsdale, Arizona, USA",2017 Ferrari 488 Spider,https://www.classic.com/veh/2017-ferrari-488-spider-zff80ama0h0223616-WRmdrGn/,Classic.com,ZFF80AMA0H0223616,7k mi displayed; mileage blank (rounded Nk mi); Classic.com Last Asking (removed/sold without published sold price)
2026-08-19,last_ask,McLaren,675LT,spider,2016,359890,,,"Saint Louis County, Missouri, USA",2016 McLaren 675LT Spider,https://www.classic.com/veh/2016-mclaren-675lt-spider-sbm11saa7gw675511-Wxmyj9p/,Classic.com,SBM11SAA7GW675511,10k mi displayed; mileage blank (rounded Nk mi); Classic.com Last Asking (removed/sold without published sold price)
2026-08-19,last_ask,Ferrari,F8,spider,2023,689000,,932,"Beverly Hills, California, USA",2023 Ferrari F8 Spider,https://www.classic.com/veh/2023-ferrari-f8-spider-zff93lma5p0292453-WYw3Mv4/,Classic.com,ZFF93LMA5P0292453,F8 Spider; exact miles displayed: 932 mi; Classic.com Last Asking (removed/sold without published sold price)
2026-08-19,last_ask,Ford,GT,coupe,2006,879598,,924,"Carrollton, Texas, USA",2006 Ford GT,https://www.classic.com/veh/2006-ford-gt-1fafp90s56y400390-WbKNbmp/,Classic.com,1FAFP90S56Y400390,Ford GT Gen1; exact miles displayed: 924 mi; Classic.com Last Asking (removed/sold without published sold price)
2026-08-19,last_ask,Lamborghini,Gallardo,coupe,2008,199995,,,"Houston, Texas, USA",2008 Lamborghini Gallardo,https://www.classic.com/veh/2008-lamborghini-gallardo-zhwgu43t68la06552-pE1J7jp/,Classic.com,ZHWGU43T68LA06552,Gallardo; 38k mi displayed; mileage blank (rounded Nk mi); Classic.com Last Asking (removed/sold without published sold price)
2026-08-19,last_ask,Lamborghini,Revuelto,coupe,2024,699996,,,"Charlotte, North Carolina, USA",2024 Lamborghini Revuelto,https://www.classic.com/veh/2024-lamborghini-revuelto-zhwuc1zmxrla01294-pPd1PNp/,Classic.com,ZHWUC1ZMXRLA01294,Revuelto; 6k mi displayed; mileage blank (rounded Nk mi); Classic.com Last Asking (removed/sold without published sold price)
2026-08-19,last_ask,Lamborghini,Revuelto,coupe,2025,689000,,,"Scottsdale, Arizona, USA",2025 Lamborghini Revuelto,https://www.classic.com/veh/2025-lamborghini-revuelto-zhwuc1zm7sla02053-4rvgN94/,Classic.com,ZHWUC1ZM7SLA02053,Revuelto; 2k mi displayed; mileage blank (rounded Nk mi); Classic.com Last Asking (removed/sold without published sold price)
2026-08-19,last_ask,Lamborghini,Revuelto,coupe,2025,899000,,,"Orlando, Florida, USA",2025 Lamborghini Revuelto 1016 Widebody,https://www.classic.com/veh/2025-lamborghini-revuelto-1016-widebody-zhwuc1zm9s-peLoyXW/,Classic.com,,Revuelto; 3k mi displayed; mileage blank (rounded Nk mi); Classic.com Last Asking (removed/sold without published sold price)
2026-08-18,last_ask,Ferrari,296,coupe,2023,306990,,,"Miami-Dade County, Florida, USA",2023 Ferrari 296 GTB,https://www.classic.com/veh/2023-ferrari-296-gtb-zff99sla1p0289981-4o6DwBp/,Classic.com,ZFF99SLA1P0289981,296 GTB; 1k mi displayed; mileage blank (rounded Nk mi); Classic.com Last Asking (removed/sold without published sold price)
2026-08-18,last_ask,Ferrari,458,coupe,2013,429995,,,"City of Glen Cove, New York, USA",2013 Ferrari 458 Italia,https://www.classic.com/veh/2013-ferrari-458-italia-zff67nfa4d0195014-45G8lZW/,Classic.com,ZFF67NFA4D0195014,458 Italia/coupe; 14k mi displayed; mileage blank (rounded Nk mi); Classic.com Last Asking (removed/sold without published sold price)
2026-08-18,off_market,McLaren,Artura,coupe,2025,171000,,,"Anaheim, California, USA",2025 McLaren Artura Coupe,https://www.classic.com/veh/2025-mclaren-artura-coupe-sbm16aea4sw002822-nlKe9y4/,Classic.com,SBM16AEA4SW002822,Artura; 6k mi displayed; mileage blank (rounded Nk mi); off_market/pending/undisclosed historical card
2026-08-18,off_market,Lamborghini,Huracan_STO,coupe,2023,,,,"Rock Hill, South Carolina, USA",2023 Lamborghini Huracan STO,https://www.classic.com/veh/2023-lamborghini-huracan-sto-zhwua6zx2pla24160-peLjozW/,Classic.com,ZHWUA6ZX2PLA24160,Huracán STO; 8k mi displayed; mileage blank (rounded Nk mi); price undisclosed on Classic.com card; off_market/pending/undisclosed historical card; asking_price blank (not shown on card)
2026-08-18,sold,Lamborghini,Murcielago,spider,2008,,701000,,"Moorpark, California, USA",2008 Lamborghini Murciélago LP640-4 Roadster,https://www.classic.com/veh/2008-lamborghini-murcielago-lp640-4-roadster-zhwbu-nBvaPEn/,Classic.com,,Murcielago Roadster; 14k mi displayed; mileage blank (rounded Nk mi); auction sold
2026-08-18,last_ask,Lamborghini,Revuelto,coupe,2024,649999,,,"New York, New York, USA",2024 Lamborghini Revuelto,https://www.classic.com/veh/2024-lamborghini-revuelto-zhwuc1zm1rla00406-pGAQZjn/,Classic.com,ZHWUC1ZM1RLA00406,Revuelto; 3k mi displayed; mileage blank (rounded Nk mi); Classic.com Last Asking (removed/sold without published sold price)
2026-08-18,last_ask,Lamborghini,Revuelto,coupe,2026,749000,,246,"West Palm Beach, Florida, USA",2026 Lamborghini Revuelto,https://www.classic.com/veh/2026-lamborghini-revuelto-zhwuc1zm0tla04163-4rvR5Y4/,Classic.com,ZHWUC1ZM0TLA04163,Revuelto; exact miles displayed: 246 mi; Classic.com Last Asking (removed/sold without published sold price)
2026-08-18,last_ask,Ferrari,SF90,spider,2024,599000,,639,"Coral Gables, Florida, USA",2024 Ferrari SF90 Spider,https://www.classic.com/veh/2024-ferrari-sf90-spider-zff96nma6r0300646-p6o7wg4/,Classic.com,ZFF96NMA6R0300646,SF90 Spider; exact miles displayed: 639 mi; Classic.com Last Asking (removed/sold without published sold price)
2026-08-17,last_ask,Ferrari,296,spider,2026,491685,,70,"Naples, Florida, USA",2026 Ferrari 296 GTS,https://www.classic.com/veh/2026-ferrari-296-gts-zff01sma2t0332362-nBkgBQW/,Classic.com,ZFF01SMA2T0332362,296 GTS; exact miles displayed: 70 mi; Classic.com Last Asking (removed/sold without published sold price)
2026-08-17,off_market,Ferrari,488,spider,2017,,,,"Indianapolis, Indiana, USA",2017 Ferrari 488 Spider,https://www.classic.com/veh/2017-ferrari-488-spider-zff80ama6h0225631-nXw7mZ4/,Classic.com,ZFF80AMA6H0225631,"15k mi displayed; mileage blank (rounded Nk mi); auction Not Sold; highest bid $360,000 (not entered as sold/ask)"
2026-08-17,last_ask,Ferrari,488,spider,2018,431685,,,"Naples, Florida, USA",2018 Ferrari 488 Spider,https://www.classic.com/veh/2018-ferrari-488-spider-zff80ama9j0236970-nBXeqKp/,Classic.com,ZFF80AMA9J0236970,9k mi displayed; mileage blank (rounded Nk mi); Classic.com Last Asking (removed/sold without published sold price)
2026-08-17,off_market,Lamborghini,Huracan_STO,coupe,2023,,,,"Naperville, Illinois, USA",2023 Lamborghini Huracan STO,https://www.classic.com/veh/2023-lamborghini-huracan-sto-zhwua6zx8pla21702-WNAJY5n/,Classic.com,ZHWUA6ZX8PLA21702,Huracán STO; 4k mi displayed; mileage blank (rounded Nk mi); price undisclosed on Classic.com card; off_market/pending/undisclosed historical card; asking_price blank (not shown on card)
2026-08-17,sold,Lamborghini,Revuelto,coupe,2025,,679999,,"Portland, Oregon, USA",2025 Lamborghini Revuelto,https://www.classic.com/veh/2025-lamborghini-revuelto-zhwuc1zm9sla02684-WxoMj9n/,Classic.com,ZHWUC1ZM9SLA02684,Revuelto; 4k mi displayed; mileage blank (rounded Nk mi); auction sold
2026-08-16,last_ask,Ferrari,296,spider,2025,416685,,109,"Naples, Florida, USA",2025 Ferrari 296 GTS,https://www.classic.com/veh/2025-ferrari-296-gts-zff01sma0s0318572-4ayl2X4/,Classic.com,ZFF01SMA0S0318572,296 GTS; exact miles displayed: 109 mi; Classic.com Last Asking (removed/sold without published sold price)
2026-08-16,last_ask,Ferrari,296,coupe,2025,349970,,,"Village of Spring Valley, New York, USA",2025 Ferrari 296 GTB,https://www.classic.com/veh/2025-ferrari-296-gtb-zff99sla4s0315305-W97rDb4/,Classic.com,ZFF99SLA4S0315305,296 GTB; 2k mi displayed; mileage blank (rounded Nk mi); Classic.com Last Asking (removed/sold without published sold price)
2026-08-16,last_ask,Ferrari,296,spider,2023,379985,,,"Palm Harbor, Florida, USA",2023 Ferrari 296 GTS,https://www.classic.com/veh/2023-ferrari-296-gts-zff01sma9p0298796-4VlkREW/,Classic.com,ZFF01SMA9P0298796,296 GTS; 2k mi displayed; mileage blank (rounded Nk mi); Classic.com Last Asking (removed/sold without published sold price)
2026-08-16,last_ask,Lamborghini,Huracan_STO,coupe,2022,519670,,902,"Carrollton, Texas, USA",2022 Lamborghini Huracan STO,https://www.classic.com/veh/2022-lamborghini-huracan-sto-zhwua6zxxnla18345-4ZwKrKn/,Classic.com,ZHWUA6ZXXNLA18345,Huracán STO; exact miles displayed: 902 mi; Classic.com Last Asking (removed/sold without published sold price)
2026-08-16,last_ask,Lamborghini,Revuelto,coupe,2025,679000,,602,"West Palm Beach, Florida, USA",2025 Lamborghini Revuelto,https://www.classic.com/veh/2025-lamborghini-revuelto-zhwuc1zm0sla01911-WRGEAJp/,Classic.com,ZHWUC1ZM0SLA01911,Revuelto; exact miles displayed: 602 mi; Classic.com Last Asking (removed/sold without published sold price)
2026-08-16,last_ask,Ferrari,SF90,coupe,2022,439996,,,"Charlotte, North Carolina, USA",2022 Ferrari SF90 Stradale,https://www.classic.com/veh/2022-ferrari-sf90-stradale-zff95nla8n0270547-4MOqDxW/,Classic.com,ZFF95NLA8N0270547,SF90 Stradale; 10k mi displayed; mileage blank (rounded Nk mi); Classic.com Last Asking (removed/sold without published sold price)
2026-08-15,last_ask,Ferrari,296,spider,2024,379950,,,"Miami-Dade County, Florida, USA",2024 Ferrari 296 GTS,https://www.classic.com/veh/2024-ferrari-296-gts-zff01sma2r0309317-WRdDy34/,Classic.com,ZFF01SMA2R0309317,296 GTS; 1k mi displayed; mileage blank (rounded Nk mi); Classic.com Last Asking (removed/sold without published sold price)
2026-08-15,last_ask,Ferrari,296,coupe,2024,349900,,,"Bellevue, Washington, USA",2024 Ferrari 296 GTB Assetto Fiorano,https://www.classic.com/veh/2024-ferrari-296-gtb-assetto-fiorano-zff99sla2r030-pPdbP6p/,Classic.com,,296 GTB; 1k mi displayed; mileage blank (rounded Nk mi); Classic.com Last Asking (removed/sold without published sold price)
2026-08-15,sold,Ferrari,458,coupe,2015,,1210000,,"Monterey, California, USA",2015 Ferrari 458 Speciale,https://www.classic.com/veh/2015-ferrari-458-speciale-zff75vfa1f0210226-WjbRybW/,Classic.com,ZFF75VFA1F0210226,458 Speciale; 6k mi displayed; mileage blank (rounded Nk mi); auction sold
2026-08-15,off_market,Ferrari,458,coupe,2015,,,920,"Monterey, California, USA",2015 Ferrari 458 Speciale,https://www.classic.com/veh/2015-ferrari-458-speciale-zff75vfa5f0206891-4Vlk5yW/,Classic.com,ZFF75VFA5F0206891,"458 Speciale; exact miles displayed: 920 mi; auction Not Sold; highest bid $1,500,000 (not entered as sold/ask)"
2026-08-15,sold,Ferrari,458,spider,2013,,671000,,"Monterey, California, USA",2013 Ferrari 458 Spider,https://www.classic.com/veh/2013-ferrari-458-spider-zff68nha6d0195963-WbGx6Dp/,Classic.com,ZFF68NHA6D0195963,458 Spider; 1k mi displayed; mileage blank (rounded Nk mi); auction sold
2026-08-15,sold,Ferrari,458,coupe,2015,,1490000,,"Monterey, California, USA",2015 Ferrari 458 Speciale,https://www.classic.com/veh/2015-ferrari-458-speciale-zff75vfa6f0210948-pJQAJXW/,Classic.com,ZFF75VFA6F0210948,458 Speciale; 1k mi displayed; mileage blank (rounded Nk mi); auction sold
2026-08-15,off_market,Ferrari,458,coupe,2014,,,,"Monterey, California, USA",2014 Ferrari 458 Italia,https://www.classic.com/veh/2014-ferrari-458-italia-bianco-avus-paint-fully-be-4rvABM4/,Classic.com,,"458 Italia/coupe; 7k mi displayed; mileage blank (rounded Nk mi); auction Not Sold; highest bid $350,000 (not entered as sold/ask)"
2026-08-15,off_market,Ferrari,488,spider,2017,,,836,"Monterey, California, USA",2017 Ferrari 488 Spider,https://www.classic.com/veh/2017-ferrari-488-spider-zff80ama7h0226982-WLVBAx4/,Classic.com,ZFF80AMA7H0226982,"exact miles displayed: 836 mi; auction Not Sold; highest bid $400,000 (not entered as sold/ask)"
2026-08-15,sold,McLaren,765LT,spider,2022,,775000,,"Monterey, California, USA",2022 McLaren 765LT Spider,https://www.classic.com/veh/2022-mclaren-765lt-spider-sbm14sca4nw765748-pzm18bW/,Classic.com,SBM14SCA4NW765748,unparsed mileage text 'TMU'; left blank; auction sold
2026-08-15,sold,McLaren,Artura,coupe,2023,,156800,,"Monterey, California, USA",2023 McLaren Artura GT4,https://www.classic.com/veh/2023-mclaren-artura-gt4-pa004-45GY2AW/,Classic.com,,Artura; unparsed mileage text 'TMU'; left blank; auction sold
2026-08-15,sold,McLaren,Artura,coupe,2023,,224000,,"Monterey, California, USA",2023 McLaren Artura GT4,https://www.classic.com/veh/2023-mclaren-artura-gt4-pa3124-4oDPVOn/,Classic.com,,Artura; unparsed mileage text 'TMU'; left blank; auction sold
2026-08-15,last_ask,Lamborghini,Aventador_SVJ,coupe,2020,1250000,,,"Scottsdale, Arizona, USA",2020 Lamborghini Aventador LP770-4 SVJ,https://www.classic.com/veh/2020-lamborghini-aventador-lp770-4-svj-zhwum6zd4ll-4VNXv24/,Classic.com,,Aventador LP770-4 SVJ; 8k mi displayed; mileage blank (rounded Nk mi); Classic.com Last Asking (removed/sold without published sold price)
2026-08-15,off_market,Lamborghini,Aventador_SVJ,coupe,2020,2000000,,30,"Monterey, California, USA",2020 Lamborghini Aventador LP770-4 SVJ,https://www.classic.com/veh/2020-lamborghini-aventador-lp770-4-svj-zhwum6zd0ll-WLAgNOp/,Classic.com,,Aventador LP770-4 SVJ; exact miles displayed: 30 mi; off_market/pending/undisclosed historical card
2026-08-15,sold,Ferrari,F8,coupe,2022,,616000,,"Monterey, California, USA",2022 Ferrari F8 Tributo,https://www.classic.com/veh/2022-ferrari-f8-tributo-zff92lla4n0280280-45GVXdW/,Classic.com,ZFF92LLA4N0280280,F8 Tributo/coupe; 3k mi displayed; mileage blank (rounded Nk mi); auction sold
2026-08-15,last_ask,Ferrari,F8,spider,2022,649995,,,"Trenton, New Jersey, USA",2022 Ferrari F8 Spider,https://www.classic.com/veh/2022-ferrari-f8-spider-zff93lma5n0280977-4Zg80On/,Classic.com,ZFF93LMA5N0280977,F8 Spider; 4k mi displayed; mileage blank (rounded Nk mi); Classic.com Last Asking (removed/sold without published sold price)
2026-08-15,last_ask,Ferrari,F8,spider,2023,649995,,,"Trenton, New Jersey, USA",2023 Ferrari F8 Spider,https://www.classic.com/veh/2023-ferrari-f8-spider-zff93lmaxp0292240-45amyk4/,Classic.com,ZFF93LMAXP0292240,F8 Spider; 4k mi displayed; mileage blank (rounded Nk mi); Classic.com Last Asking (removed/sold without published sold price)
2026-08-15,sold,Ford,GT,coupe,2006,,600000,,"Monterey, California, USA",2006 Ford GT,https://www.classic.com/veh/2006-ford-gt-1fafp90s86y400464-pGADqgn/,Classic.com,1FAFP90S86Y400464,Ford GT Gen1; 12k mi displayed; mileage blank (rounded Nk mi); auction sold
2026-08-15,sold,Lamborghini,Gallardo,spider,2008,,231000,636,"Monterey, California, USA",2008 Lamborghini Gallardo Spyder,https://www.classic.com/veh/2008-lamborghini-gallardo-spyder-zhwgu22t18la06206-4A7Mr5W/,Classic.com,ZHWGU22T18LA06206,Gallardo Spyder; exact miles displayed: 636 mi; auction sold
2026-08-15,sold,Lamborghini,Murcielago,coupe,2010,,3140000,791,"Monterey, California, USA",2010 Lamborghini Murciélago LP670-4 SV,https://www.classic.com/veh/2010-lamborghini-murcielago-sv-zhwbu8ah4ala03896-4ZwLAqn/,Classic.com,ZHWBU8AH4ALA03896,Murcielago; exact miles displayed: 791 mi; auction sold
2026-08-15,sold,Lamborghini,Murcielago,coupe,2004,,396000,,"Monterey, California, USA",2004 Lamborghini Murciélago,https://www.classic.com/veh/2004-lamborghini-murcielago-zhwbu16m84la01151-pJxa3an/,Classic.com,ZHWBU16M84LA01151,Murcielago; 16k mi displayed; mileage blank (rounded Nk mi); auction sold
2026-08-15,sold,Lamborghini,Murcielago,coupe,2003,,1105000,,"Monterey, California, USA",2003 Lamborghini Murciélago 40th Anniversary,https://www.classic.com/veh/2003-lamborghini-murcielago-40th-anniversary-zhwbc-p6qP0mW/,Classic.com,,Murcielago; 6k mi displayed; mileage blank (rounded Nk mi); auction sold
2026-08-15,off_market,Lamborghini,Murcielago,coupe,2007,750000,,,"Monterey, California, USA",2007 Lamborghini Murciélago LP640-4 Versace Edition,https://www.classic.com/veh/2007-lamborghini-murcielago-lp640-4-versace-editio-pGXZNA4/,Classic.com,,Murcielago; 7k km (4k mi) displayed; mileage blank (rounded Nk mi from km conversion); off_market/pending/undisclosed historical card
2026-08-15,sold,Ferrari,SF90,coupe,2023,,440000,,"Town of North Salem, New York, USA",2023 Ferrari SF90 Stradale,https://www.classic.com/veh/2023-ferrari-sf90-stradale-zff95nla0p0291119-nOxQ7gW/,Classic.com,ZFF95NLA0P0291119,SF90 Stradale; 2k mi displayed; mileage blank (rounded Nk mi); auction sold
2026-08-15,off_market,Ferrari,SF90,coupe,2021,400000,,,"Monterey, California, USA",2021 Ferrari SF90 Stradale Assetto Fiorano,https://www.classic.com/veh/2021-ferrari-sf90-stradale-assetto-fiorano-zff95nl-WYDQGRn/,Classic.com,,Assetto Fiorano; 10k mi displayed; mileage blank (rounded Nk mi); off_market/pending/undisclosed historical card
2026-08-14,last_ask,Ferrari,296,coupe,2024,339000,,,"Thousand Oaks, California, USA",2024 Ferrari 296 GTB,https://www.classic.com/veh/2024-ferrari-296-gtb-zff99sla7r0310416-4VA9M5p/,Classic.com,ZFF99SLA7R0310416,296 GTB; 2k mi displayed; mileage blank (rounded Nk mi); Classic.com Last Asking (removed/sold without published sold price)
2026-08-14,off_market,Ferrari,296,spider,2025,375000,,437,"Monterey, California, USA",2025 Ferrari 296 GTS,https://www.classic.com/veh/2025-ferrari-296-gts-zff01sma6s0317930-n202qrp/,Classic.com,ZFF01SMA6S0317930,296 GTS; exact miles displayed: 437 mi; off_market/pending/undisclosed historical card
2026-08-14,last_ask,Ferrari,296,coupe,2022,319890,,,"Saint Louis County, Missouri, USA",2022 Ferrari 296 GTB,https://www.classic.com/veh/2022-ferrari-296-gtb-zff99sla2n0283944-n1y5lrn/,Classic.com,ZFF99SLA2N0283944,296 GTB; 4k mi displayed; mileage blank (rounded Nk mi); Classic.com Last Asking (removed/sold without published sold price)
2026-08-14,off_market,Ferrari,458,coupe,2015,,,,"Monterey, California, USA",2015 Ferrari 458 Speciale,https://www.classic.com/veh/2015-ferrari-458-speciale-zff75vfa8f0212815-WNvZxEW/,Classic.com,ZFF75VFA8F0212815,"458 Speciale; 11k mi displayed; mileage blank (rounded Nk mi); auction Not Sold; highest bid $1,400,000 (not entered as sold/ask)"
2026-08-14,last_ask,Ferrari,458,coupe,2014,349900,,,"Costa Mesa, California, USA",2014 Ferrari 458 Italia,https://www.classic.com/veh/2014-ferrari-458-italia-zff67nfa5e0201520-4rO0ZYn/,Classic.com,ZFF67NFA5E0201520,458 Italia/coupe; 19k mi displayed; mileage blank (rounded Nk mi); Classic.com Last Asking (removed/sold without published sold price)
2026-08-14,sold,Ferrari,458,spider,2015,,434500,,"Monterey, California, USA",2015 Ferrari 458 Spider,https://www.classic.com/veh/2015-ferrari-458-spider-zff68nha7f0203796-4ymy6a4/,Classic.com,ZFF68NHA7F0203796,458 Spider; 21k mi displayed; mileage blank (rounded Nk mi); auction sold
2026-08-14,off_market,Ferrari,458,coupe,2011,,,,"Fort Myers, Florida, USA",2011 Ferrari 458 Italia,https://www.classic.com/veh/2011-ferrari-458-italia-zff67nfa3b0177262-nXwaG14/,Classic.com,ZFF67NFA3B0177262,"458 Italia/coupe; 9k mi displayed; mileage blank (rounded Nk mi); auction Not Sold; highest bid $366,500 (not entered as sold/ask)"
2026-08-14,sold,Ferrari,458,coupe,2015,,1022500,,"Monterey County, California, USA",2015 Ferrari 458 Speciale,https://www.classic.com/veh/2015-ferrari-458-speciale-zff75vfaxf0210225-n8MQgYW/,Classic.com,ZFF75VFAXF0210225,458 Speciale; 2k mi displayed; mileage blank (rounded Nk mi); auction sold
2026-08-14,sold,Ferrari,458,coupe,2010,,225500,,"Monterey, California, USA",2010 Ferrari 458 Italia,https://www.classic.com/veh/2010-ferrari-458-italia-zff67nfa4a0174854-peLMwMW/,Classic.com,ZFF67NFA4A0174854,458 Italia/coupe; 2k mi displayed; mileage blank (rounded Nk mi); auction sold
2026-08-14,last_ask,Ferrari,458,spider,2012,,,,"San Clemente, California, USA",2012 Ferrari 458 Spider,https://www.classic.com/veh/2012-ferrari-458-spider-zff68nha7c0187398-nKz2w84/,Classic.com,ZFF68NHA7C0187398,458 Spider; 7k mi displayed; mileage blank (rounded Nk mi); Classic.com Last Asking (removed/sold without published sold price); asking_price blank (not shown on card)
2026-08-14,sold,Ferrari,458,coupe,2011,,302500,,"Monterey, California, USA",2011 Ferrari 458 Italia,https://www.classic.com/veh/2011-ferrari-458-italia-molded-liberty-walk-wide-b-4aLeylp/,Classic.com,,458 Italia/coupe; 21k mi displayed; mileage blank (rounded Nk mi); auction sold
2026-08-14,last_ask,Ferrari,488,spider,2018,389950,,,"Miami-Dade County, Florida, USA",2018 Ferrari 488 Spider,https://www.classic.com/veh/2018-ferrari-488-spider-zff80ama8j0236023-nmvjrjW/,Classic.com,ZFF80AMA8J0236023,19k mi displayed; mileage blank (rounded Nk mi); Classic.com Last Asking (removed/sold without published sold price)
2026-08-14,last_ask,Ferrari,488,coupe,2016,289950,,,"King of Prussia, Pennsylvania, USA",2016 Ferrari 488 GTB,https://www.classic.com/veh/2016-ferrari-488-gtb-zff79ala5g0218204-pPxgLop/,Classic.com,ZFF79ALA5G0218204,27k mi displayed; mileage blank (rounded Nk mi); Classic.com Last Asking (removed/sold without published sold price)
2026-08-14,off_market,Ferrari,488,spider,2017,,,,"Monterey, California, USA",2017 Ferrari 488 Spider,https://www.classic.com/veh/2017-ferrari-488-spider-zff80ama1h0228128-WbKrNyp/,Classic.com,ZFF80AMA1H0228128,"14k mi displayed; mileage blank (rounded Nk mi); auction Not Sold; highest bid $400,000 (not entered as sold/ask)"
2026-08-14,last_ask,Ferrari,488,spider,2017,299997,,,"Miami, Florida, USA",2017 Ferrari 488 Spider,https://www.classic.com/veh/2017-ferrari-488-spider-zff80amaxh0222568-WNvqNkW/,Classic.com,ZFF80AMAXH0222568,25k mi displayed; mileage blank (rounded Nk mi); Classic.com Last Asking (removed/sold without published sold price)
2026-08-14,off_market,Ferrari,488,spider,2018,,,,"Pompano Beach, Florida, USA",2018 Ferrari 488 Spider,https://www.classic.com/veh/2018-ferrari-488-spider-zff80ama3j0235037-45GDb5W/,Classic.com,ZFF80AMA3J0235037,"4k mi displayed; mileage blank (rounded Nk mi); auction Not Sold; highest bid $441,000 (not entered as sold/ask)"
2026-08-14,last_ask,Ferrari,488,spider,2019,471685,,,"Naples, Florida, USA",2019 Ferrari 488 Spider,https://www.classic.com/veh/2019-ferrari-488-spider-zff80ama5k0246056-4DGO88p/,Classic.com,ZFF80AMA5K0246056,4k mi displayed; mileage blank (rounded Nk mi); Classic.com Last Asking (removed/sold without published sold price)
2026-08-14,last_ask,Ferrari,488,coupe,2018,349000,,,"Costa Mesa, California, USA",2018 Ferrari 488 GTB,https://www.classic.com/veh/2018-ferrari-488-gtb-zff79ala2j0232018-p65ZN7W/,Classic.com,ZFF79ALA2J0232018,7k mi displayed; mileage blank (rounded Nk mi); Classic.com Last Asking (removed/sold without published sold price)
2026-08-14,off_market,Ferrari,488,spider,2018,,,,"Monterey, California, USA",2018 Ferrari 488 Spider 70th Anniversary Edition,https://www.classic.com/veh/2018-ferrari-488-spider-70th-anniversary-edition-z-WLAElkp/,Classic.com,,"7k mi displayed; mileage blank (rounded Nk mi); auction Not Sold; highest bid $725,000 (not entered as sold/ask)"
2026-08-14,off_market,Ferrari,F8,spider,2023,,,,"Monterey, California, USA",2023 Ferrari F8 Spider,https://www.classic.com/veh/2023-ferrari-f8-spider-zff93lma2p0296329-4DwNX6p/,Classic.com,ZFF93LMA2P0296329,"F8 Spider; 3k mi displayed; mileage blank (rounded Nk mi); auction Not Sold; highest bid $675,000 (not entered as sold/ask)"
2026-08-14,last_ask,Ferrari,F8,spider,2022,599000,,,"Costa Mesa, California, USA",2022 Ferrari F8 Spider,https://www.classic.com/veh/2022-ferrari-f8-spider-zff93lma1n0275842-nXwz014/,Classic.com,ZFF93LMA1N0275842,F8 Spider; 9k mi displayed; mileage blank (rounded Nk mi); Classic.com Last Asking (removed/sold without published sold price)
2026-08-14,last_ask,Ferrari,F8,spider,2021,450000,,,"Costa Mesa, California, USA",2021 Ferrari F8 Spider,https://www.classic.com/veh/2021-ferrari-f8-spider-zff93lma6m0265306-WbVXBPW/,Classic.com,ZFF93LMA6M0265306,F8 Spider; 22k mi displayed; mileage blank (rounded Nk mi); Classic.com Last Asking (removed/sold without published sold price)
2026-08-14,sold,Ford,GT,coupe,2005,,615500,,"Monterey County, California, USA",2005 Ford GT,https://www.classic.com/veh/2005-ford-gt-1fafp90s65y401062-pdV7Kon/,Classic.com,1FAFP90S65Y401062,Ford GT Gen1; 3k mi displayed; mileage blank (rounded Nk mi); auction sold
2026-08-14,sold,Ford,GT,coupe,2006,,880000,479,"Monterey, California, USA",2006 Ford GT,https://www.classic.com/veh/2006-ford-gt-1fafp90s26y401190-pJqMZ7W/,Classic.com,1FAFP90S26Y401190,Ford GT Gen1; exact miles displayed: 479 mi; auction sold
2026-08-14,last_ask,Lamborghini,Gallardo,coupe,2008,119947,,,"Edmond, Oklahoma, USA",2008 Lamborghini Gallardo,https://www.classic.com/veh/2008-lamborghini-gallardo-zhwgu22t18la07517-nKj9zR4/,Classic.com,ZHWGU22T18LA07517,Gallardo; 10k mi displayed; mileage blank (rounded Nk mi); Classic.com Last Asking (removed/sold without published sold price)
2026-08-14,sold,Lamborghini,Murcielago,coupe,2008,,522500,,"Monterey, California, USA",2008 Lamborghini Murciélago LP640-4,https://www.classic.com/veh/2008-lamborghini-murcielago-lp640-4-zhwbu37s08la02-7WvEdBn/,Classic.com,,Murcielago; 30k mi displayed; mileage blank (rounded Nk mi); auction sold
2026-08-14,off_market,Lamborghini,Murcielago,coupe,2005,800000,,,"Monterey, California, USA",2005 Lamborghini Murciélago,https://www.classic.com/veh/2005-lamborghini-murcielago-zhwbu16mx5la01704-pPxjb3p/,Classic.com,ZHWBU16MX5LA01704,Murcielago; 12k mi displayed; mileage blank (rounded Nk mi); off_market/pending/undisclosed historical card
2026-08-14,off_market,Lamborghini,Revuelto,coupe,2025,800000,,,"Monterey, California, USA",2025 Lamborghini Revuelto,https://www.classic.com/veh/2025-lamborghini-revuelto-ad-personam-alpha-build-nl1qEJW/,Classic.com,,Revuelto; 1k mi displayed; mileage blank (rounded Nk mi); off_market/pending/undisclosed historical card
2026-08-14,last_ask,Lamborghini,Revuelto,coupe,2025,669900,,,"Newton, Massachusetts, USA",2025 Lamborghini Revuelto,https://www.classic.com/veh/2025-lamborghini-revuelto-zhwuc1zm5sla02519-pe6P6X4/,Classic.com,ZHWUC1ZM5SLA02519,Revuelto; 2k mi displayed; mileage blank (rounded Nk mi); Classic.com Last Asking (removed/sold without published sold price)
2026-08-14,last_ask,Ferrari,SF90,coupe,2021,419991,,,"Houston, Texas, USA",2021 Ferrari SF90 Stradale,https://www.classic.com/veh/2021-ferrari-sf90-stradale-zff95nla9m0261273-n2Q6vD4/,Classic.com,ZFF95NLA9M0261273,SF90 Stradale; 2k mi displayed; mileage blank (rounded Nk mi); Classic.com Last Asking (removed/sold without published sold price)
2026-08-14,off_market,Ferrari,SF90,spider,2022,570000,,,"Monterey, California, USA",2022 Ferrari SF90 Spider Tailor Made,https://www.classic.com/veh/2022-ferrari-sf90-spider-tailor-made-zff96nma4n028-peaG8Xp/,Classic.com,,SF90 Spider; 1k mi displayed; mileage blank (rounded Nk mi); off_market/pending/undisclosed historical card
2026-08-14,last_ask,Ferrari,SF90,spider,2023,574999,,,"Scottsdale, Arizona, USA",2023 Ferrari SF90 Spider,https://www.classic.com/veh/2023-ferrari-sf90-spider-zff96nma0p0287230-Wqm0mlW/,Classic.com,ZFF96NMA0P0287230,SF90 Spider; 6k mi displayed; mileage blank (rounded Nk mi); Classic.com Last Asking (removed/sold without published sold price)
2026-08-14,last_ask,Ferrari,SF90,coupe,2022,449990,,,"Fort Lauderdale, Florida, USA",2022 Ferrari SF90 Stradale,https://www.classic.com/veh/2022-ferrari-sf90-stradale-zff95nla1n0283141-nOxmb5W/,Classic.com,ZFF95NLA1N0283141,SF90 Stradale; 1k mi displayed; mileage blank (rounded Nk mi); Classic.com Last Asking (removed/sold without published sold price)
2026-08-13,last_ask,Ferrari,296,coupe,2023,299900,,,"Scottsdale, Arizona, USA",2023 Ferrari 296 GTB,https://www.classic.com/veh/2023-ferrari-296-gtb-zff99sla7p0296949-476aljp/,Classic.com,ZFF99SLA7P0296949,296 GTB; 3k mi displayed; mileage blank (rounded Nk mi); Classic.com Last Asking (removed/sold without published sold price)
2026-08-13,last_ask,Ferrari,296,coupe,2025,337977,,635,"Shawnee, Kansas, USA",2025 Ferrari 296 GTB,https://www.classic.com/veh/2025-ferrari-296-gtb-zff99sla1s0320574-Wvxg1r4/,Classic.com,ZFF99SLA1S0320574,296 GTB; exact miles displayed: 635 mi; Classic.com Last Asking (removed/sold without published sold price)
2026-08-13,off_market,Ferrari,458,spider,2015,,,,"Monterey, California, USA",2015 Ferrari 458 Spider,https://www.classic.com/veh/2015-ferrari-458-spider-zff68nha0f0205017-4rm1mYp/,Classic.com,ZFF68NHA0F0205017,"458 Spider; 22k mi displayed; mileage blank (rounded Nk mi); auction Not Sold; highest bid $390,000 (not entered as sold/ask)"
2026-08-13,last_ask,Ferrari,488,spider,2017,384999,,,"DuPage County, Illinois, USA",2017 Ferrari 488 Spider,https://www.classic.com/veh/2017-ferrari-488-spider-zff80ama7h0219823-pGwBYxp/,Classic.com,ZFF80AMA7H0219823,15k mi displayed; mileage blank (rounded Nk mi); Classic.com Last Asking (removed/sold without published sold price)
2026-08-13,sold,Lamborghini,Aventador_SVJ,coupe,2021,,1501111,,"Moorpark, California, USA",2021 Lamborghini Aventador LP770-4 SVJ,https://www.classic.com/veh/2021-lamborghini-aventador-lp770-4-svj-zhwun6zd5ml-WReLQwn/,Classic.com,,Aventador LP770-4 SVJ; 6k mi displayed; mileage blank (rounded Nk mi); auction sold
2026-08-13,last_ask,Ferrari,SF90,coupe,2023,459996,,,"Charlotte, North Carolina, USA",2023 Ferrari SF90 Stradale,https://www.classic.com/veh/2023-ferrari-sf90-stradale-zff95nla2p0294328-nmy3G0n/,Classic.com,ZFF95NLA2P0294328,SF90 Stradale; 1k mi displayed; mileage blank (rounded Nk mi); Classic.com Last Asking (removed/sold without published sold price)
2026-08-13,last_ask,Ferrari,SF90,spider,2024,600489,,,"West Palm Beach, Florida, USA",2024 Ferrari SF90 Spider,https://www.classic.com/veh/2024-ferrari-sf90-spider-zff96nma3r0304413-47eOXlW/,Classic.com,ZFF96NMA3R0304413,SF90 Spider; 1k mi displayed; mileage blank (rounded Nk mi); Classic.com Last Asking (removed/sold without published sold price)
2026-08-12,last_ask,Ferrari,296,spider,2024,398985,,,"Palm Harbor, Florida, USA",2024 Ferrari 296 GTS,https://www.classic.com/veh/2024-ferrari-296-gts-zff01smaxr0301417-4yB8yDn/,Classic.com,ZFF01SMAXR0301417,296 GTS; 1k mi displayed; mileage blank (rounded Nk mi); Classic.com Last Asking (removed/sold without published sold price)
2026-08-12,sold,Ferrari,458,coupe,2011,,290000,,"Plymouth Charter Township, Michigan, USA",2011 Ferrari 458 Italia,https://www.classic.com/veh/2011-ferrari-458-italia-zff67nfa6b0176283-n2M2Mr4/,Classic.com,ZFF67NFA6B0176283,458 Italia/coupe; 23k mi displayed; mileage blank (rounded Nk mi); auction sold
2026-08-12,off_market,McLaren,765LT,spider,2022,,,,"West Chicago, Illinois, USA",2022 McLaren 765LT Spider,https://www.classic.com/veh/2022-mclaren-765lt-spider-sbm14sca0nw765343-nQBgbrW/,Classic.com,SBM14SCA0NW765343,1k mi displayed; mileage blank (rounded Nk mi); price undisclosed on Classic.com card; off_market/pending/undisclosed historical card; asking_price blank (not shown on card)
2026-08-12,last_ask,Ferrari,F8,spider,2022,649990,,,"Newport Beach, California, USA",2022 Ferrari F8 Spider,https://www.classic.com/veh/2022-ferrari-f8-spider-zff93lma6n0276890-45GK39W/,Classic.com,ZFF93LMA6N0276890,F8 Spider; 2k mi displayed; mileage blank (rounded Nk mi); Classic.com Last Asking (removed/sold without published sold price)
2026-08-12,last_ask,Lamborghini,Huracan_Performante,coupe,2018,359999,,,"Scottsdale, Arizona, USA",2018 Lamborghini Huracan LP640-4 Performante,https://www.classic.com/veh/2018-lamborghini-huracan-lp640-4-performante-zhwus-nBJaOKn/,Classic.com,,Huracán Performante; 11k mi displayed; mileage blank (rounded Nk mi); Classic.com Last Asking (removed/sold without published sold price)
2026-08-11,last_ask,Ferrari,296,coupe,2023,319900,,,"Jackson, Mississippi, USA",2023 Ferrari 296 GTB,https://www.classic.com/veh/2023-ferrari-296-gtb-zff99sla0p0293665-W9me9eW/,Classic.com,ZFF99SLA0P0293665,296 GTB; 2k mi displayed; mileage blank (rounded Nk mi); Classic.com Last Asking (removed/sold without published sold price)
2026-08-11,last_ask,Ferrari,296,spider,2025,409000,,419,"Beverly Hills, California, USA",2025 Ferrari 296 GTS,https://www.classic.com/veh/2025-ferrari-296-gts-zff01sma8s0321218-45GAKdW/,Classic.com,ZFF01SMA8S0321218,296 GTS; exact miles displayed: 419 mi; Classic.com Last Asking (removed/sold without published sold price)
2026-08-11,last_ask,Ferrari,296,coupe,2023,334900,,,"Bellevue, Washington, USA",2023 Ferrari 296 GTB,https://www.classic.com/veh/2023-ferrari-296-gtb-zff99sla0p0296758-4rmAryp/,Classic.com,ZFF99SLA0P0296758,296 GTB; 2k mi displayed; mileage blank (rounded Nk mi); Classic.com Last Asking (removed/sold without published sold price)
2026-08-11,off_market,Ferrari,488,spider,2017,,,,"Thousand Oaks, California, USA",2017 Ferrari 488 Spider,https://www.classic.com/veh/2017-ferrari-488-spider-zff80ama9h0226322-pe6N6e4/,Classic.com,ZFF80AMA9H0226322,"3k mi displayed; mileage blank (rounded Nk mi); auction Not Sold; highest bid $547,500 (not entered as sold/ask)"
2026-08-11,last_ask,McLaren,Artura,spider,2025,247676,,,"West Palm Beach, Florida, USA",2025 McLaren Artura TechLux Spider,https://www.classic.com/veh/2025-mclaren-artura-techlux-spider-sbm16bea4sw0034-p0KDyrW/,Classic.com,,Artura Spider; 1k mi displayed; mileage blank (rounded Nk mi); Classic.com Last Asking (removed/sold without published sold price)
2026-08-11,last_ask,Ferrari,F8,coupe,2022,499999,,,"Costa Mesa, California, USA",2022 Ferrari F8 Tributo,https://www.classic.com/veh/2022-ferrari-f8-tributo-zff92llaxn0268957-pzlbV1n/,Classic.com,ZFF92LLAXN0268957,F8 Tributo/coupe; 6k mi displayed; mileage blank (rounded Nk mi); Classic.com Last Asking (removed/sold without published sold price)
2026-08-10,last_ask,Ferrari,296,coupe,2025,389450,,529,"Albuquerque, New Mexico, USA",2025 Ferrari 296 GTB,https://www.classic.com/veh/2025-ferrari-296-gtb-zff99sla9s0320743-W97q9j4/,Classic.com,ZFF99SLA9S0320743,296 GTB; exact miles displayed: 529 mi; Classic.com Last Asking (removed/sold without published sold price)
2026-08-10,last_ask,Ferrari,296,spider,2024,389990,,535,"Portland, Oregon, USA",2024 Ferrari 296 GTS,https://www.classic.com/veh/2024-ferrari-296-gts-zff01sma8r0307958-Wbv9baW/,Classic.com,ZFF01SMA8R0307958,296 GTS; exact miles displayed: 535 mi; Classic.com Last Asking (removed/sold without published sold price)
2026-08-10,last_ask,Ferrari,458,spider,2014,549890,,,"Saint Louis County, Missouri, USA",2014 Ferrari 458 Spider,https://www.classic.com/veh/2014-ferrari-458-spider-zff68nha5e0198211-4rm9g6p/,Classic.com,ZFF68NHA5E0198211,458 Spider; 10k mi displayed; mileage blank (rounded Nk mi); Classic.com Last Asking (removed/sold without published sold price)
2026-08-10,last_ask,Ferrari,488,spider,2018,499999,,,"Costa Mesa, California, USA",2018 Ferrari 488 Spider,https://www.classic.com/veh/2018-ferrari-488-spider-zff80ama2j0233344-4VAKwvp/,Classic.com,ZFF80AMA2J0233344,8k mi displayed; mileage blank (rounded Nk mi); Classic.com Last Asking (removed/sold without published sold price)
2026-08-10,sold,Ferrari,488,coupe,2017,,325000,,"Plano, Texas, USA",2017 Ferrari 488 GTB,https://www.classic.com/veh/2017-ferrari-488-gtb-zff79ala7h0224801-WjbOwNW/,Classic.com,ZFF79ALA7H0224801,7k mi displayed; mileage blank (rounded Nk mi); auction sold
2026-08-10,last_ask,McLaren,600LT,coupe,2019,239999,,,"Costa Mesa, California, USA",2019 McLaren 600LT *MATTE BLACK WRAP * HUGE CARBON OPTIONS*,https://www.classic.com/veh/2019-mclaren-600lt-matte-black-wrap-huge-carbon-op-WRemdGn/,Classic.com,,18k mi displayed; mileage blank (rounded Nk mi); Classic.com Last Asking (removed/sold without published sold price)
2026-08-10,last_ask,Lamborghini,Aventador_SVJ,coupe,2021,1701190,,,"Ashburn, Virginia, USA",2021 Lamborghini Aventador LP770-4 SVJ,https://www.classic.com/veh/2021-lamborghini-aventador-lp770-4-svj-zhwun6zd5ml-4yDwMXp/,Classic.com,,Aventador LP770-4 SVJ; 8k mi displayed; mileage blank (rounded Nk mi); Classic.com Last Asking (removed/sold without published sold price)
2026-08-10,last_ask,Ford,GT,coupe,2006,592875,,,"Los Angeles, California, USA",2006 Ford GT,https://www.classic.com/veh/2006-ford-gt-1fafp90s66y400852-nBJjrmn/,Classic.com,1FAFP90S66Y400852,Ford GT Gen1; 7k mi displayed; mileage blank (rounded Nk mi); Classic.com Last Asking (removed/sold without published sold price)
2026-08-10,sold,Ford,GT,coupe,2006,,480000,,"Pompano Beach, Florida, USA",2006 Ford GT,https://www.classic.com/veh/2006-ford-gt-1fafp90s36y402042-4ymD7L4/,Classic.com,1FAFP90S36Y402042,Ford GT Gen1; 24k mi displayed; mileage blank (rounded Nk mi); auction sold
2026-08-10,off_market,Lamborghini,Revuelto,coupe,2025,,,,"West Chicago, Illinois, USA",2025 Lamborghini Revuelto,https://www.classic.com/veh/2025-lamborghini-revuelto-zhwuc1zm6sla01914-WNA1Jrn/,Classic.com,ZHWUC1ZM6SLA01914,Revuelto; 2k mi displayed; mileage blank (rounded Nk mi); price undisclosed on Classic.com card; off_market/pending/undisclosed historical card
2026-08-09,last_ask,Ferrari,296,coupe,2022,319999,,,"Costa Mesa, California, USA",2022 Ferrari 296 GTB Base,https://www.classic.com/veh/2022-ferrari-296-gtb-zff99sla1n0286589-4ayEDL4/,Classic.com,ZFF99SLA1N0286589,296 GTB; 2k mi displayed; mileage blank (rounded Nk mi); Classic.com Last Asking (removed/sold without published sold price)
2026-08-09,last_ask,Ferrari,296,spider,2025,434889,,650,"Charlotte, North Carolina, USA",2025 Ferrari 296 GTS,https://www.classic.com/veh/2025-ferrari-296-gts-zff01sma2s0315186-pg9VgLn/,Classic.com,ZFF01SMA2S0315186,296 GTS; exact miles displayed: 650 mi; Classic.com Last Asking (removed/sold without published sold price)
2026-08-09,last_ask,Ferrari,458,coupe,2014,420125,,,"Plano, Texas, USA",2014 Ferrari 458 Italia,https://www.classic.com/veh/2014-ferrari-458-italia-zff67nfa5e0198361-nBk5LKW/,Classic.com,ZFF67NFA5E0198361,458 Italia/coupe; 11k mi displayed; mileage blank (rounded Nk mi); Classic.com Last Asking (removed/sold without published sold price)
2026-08-09,last_ask,Ferrari,SF90,spider,2024,499996,,,"Charlotte, North Carolina, USA",2024 Ferrari SF90 Spider,https://www.classic.com/veh/2024-ferrari-sf90-spider-zff96nma9r0306229-WLOv5ln/,Classic.com,ZFF96NMA9R0306229,SF90 Spider; 2k mi displayed; mileage blank (rounded Nk mi); Classic.com Last Asking (removed/sold without published sold price)
2026-08-09,last_ask,Ferrari,SF90,coupe,2023,479900,,671,"Addison, Texas, USA",2023 Ferrari SF90 Stradale,https://www.classic.com/veh/2023-ferrari-sf90-stradale-zff95nla3p0297996-WkXg9gp/,Classic.com,ZFF95NLA3P0297996,SF90 Stradale; exact miles displayed: 671 mi; Classic.com Last Asking (removed/sold without published sold price)
2026-08-09,last_ask,Ferrari,SF90,spider,2022,549765,,969,"Carrollton, Texas, USA",2022 Ferrari SF90 Spider,https://www.classic.com/veh/2022-ferrari-sf90-spider-zff96nma1n0277531-WqEMQbW/,Classic.com,ZFF96NMA1N0277531,SF90 Spider; exact miles displayed: 969 mi; Classic.com Last Asking (removed/sold without published sold price)
2026-08-08,last_ask,Ferrari,296,spider,2025,439900,,720,"Torrance, California, USA",2025 Ferrari 296 GTS,https://www.classic.com/veh/2025-ferrari-296-gts-zff01sma0s0313341-45kZxAW/,Classic.com,ZFF01SMA0S0313341,296 GTS; exact miles displayed: 720 mi; Classic.com Last Asking (removed/sold without published sold price)
2026-08-08,last_ask,Ferrari,296,coupe,2024,369000,,447,"Thousand Oaks, California, USA",2024 Ferrari 296 GTB,https://www.classic.com/veh/2024-ferrari-296-gtb-zff99sla1r0309911-nXxLqbn/,Classic.com,ZFF99SLA1R0309911,296 GTB; exact miles displayed: 447 mi; Classic.com Last Asking (removed/sold without published sold price)
2026-08-08,last_ask,Ferrari,296,coupe,2023,299900,,,"Charlotte, North Carolina, USA",2023 Ferrari 296 GTB,https://www.classic.com/veh/2023-ferrari-296-gtb-zff99sla5p0297744-n3MEAAp/,Classic.com,ZFF99SLA5P0297744,296 GTB; 4k mi displayed; mileage blank (rounded Nk mi); Classic.com Last Asking (removed/sold without published sold price)
2026-08-08,last_ask,Ferrari,296,spider,2024,389900,,,"Newtown Township, Pennsylvania, USA",2024 Ferrari 296 GTS,https://www.classic.com/veh/2024-ferrari-296-gts-convertible-zff01sma0r0306559-pdEOew4/,Classic.com,ZFF01SMA0R0306559,296 GTS; 1k mi displayed; mileage blank (rounded Nk mi); Classic.com Last Asking (removed/sold without published sold price)
2026-08-08,last_ask,Ferrari,296,spider,2023,375573,,,"Wilsonville, Oregon, USA",2023 Ferrari 296 GTS,https://www.classic.com/veh/2023-ferrari-296-gts-zff01sma4p0295174-4rvXYE4/,Classic.com,ZFF01SMA4P0295174,296 GTS; 2k mi displayed; mileage blank (rounded Nk mi); Classic.com Last Asking (removed/sold without published sold price)
2026-08-08,last_ask,Ferrari,488,coupe,2016,219900,,,"Costa Mesa, California, USA",2016 Ferrari 488 GTB,https://www.classic.com/veh/2016-ferrari-488-gtb-zff79ala6g0214615-nBwa7RW/,Classic.com,ZFF79ALA6G0214615,40k mi displayed; mileage blank (rounded Nk mi); Classic.com Last Asking (removed/sold without published sold price)
2026-08-08,off_market,McLaren,Artura,coupe,2024,167500,,,"Rapid City, South Dakota, USA",2024 McLaren Artura Coupe,https://www.classic.com/veh/2024-mclaren-artura-coupe-sbm16aea8rw002154-nBkgmZW/,Classic.com,SBM16AEA8RW002154,Artura; 3k mi displayed; mileage blank (rounded Nk mi); off_market/pending/undisclosed historical card
2026-08-08,last_ask,Lamborghini,Aventador_SVJ,coupe,2019,1299995,,,"Fort Lauderdale, Florida, USA",2019 Lamborghini Aventador LP770-4 SVJ,https://www.classic.com/veh/2019-lamborghini-aventador-lp770-4-svj-zhwum6zd3kl-4aLoKMp/,Classic.com,,Aventador LP770-4 SVJ; 6k mi displayed; mileage blank (rounded Nk mi); Classic.com Last Asking (removed/sold without published sold price)
2026-08-08,last_ask,Ford,GT,coupe,2005,619947,,,"Edmond, Oklahoma, USA",2005 Ford GT,https://www.classic.com/veh/2005-ford-gt-1fafp90s55y400114-nK6kYd4/,Classic.com,1FAFP90S55Y400114,Ford GT Gen1; 9k mi displayed; mileage blank (rounded Nk mi); Classic.com Last Asking (removed/sold without published sold price)
2026-08-08,sold,Lamborghini,Gallardo,coupe,2008,,161000,,"Quakertown, Pennsylvania, USA",2008 Lamborghini Gallardo Superleggera,https://www.classic.com/veh/2008-lamborghini-gallardo-superleggera-zhwgu43t88l-nXwrPk4/,Classic.com,,Gallardo; 31k mi displayed; mileage blank (rounded Nk mi); auction sold
2026-08-08,last_ask,Lamborghini,Gallardo,coupe,2008,135890,,,"Carrollton, Texas, USA",2008 Lamborghini Gallardo,https://www.classic.com/veh/2008-lamborghini-gallardo-zhwgu22t88la06512-WqmD8BW/,Classic.com,ZHWGU22T88LA06512,Gallardo; 21k mi displayed; mileage blank (rounded Nk mi); Classic.com Last Asking (removed/sold without published sold price)
2026-08-08,last_ask,Lamborghini,Revuelto,coupe,2026,777640,,35,"Newtown Township, Pennsylvania, USA",2026 Lamborghini Revuelto,https://www.classic.com/veh/2026-lamborghini-revuelto-coupe-zhwuc1zm6tla03745-W97XBd4/,Classic.com,ZHWUC1ZM6TLA03745,Revuelto; exact miles displayed: 35 mi; Classic.com Last Asking (removed/sold without published sold price)
2026-08-08,last_ask,Ferrari,SF90,spider,2023,549999,,882,"Costa Mesa, California, USA",2023 Ferrari SF90 Spider,https://www.classic.com/veh/2023-ferrari-sf90-spider-zff96nma5p0298482-WqaoDZW/,Classic.com,ZFF96NMA5P0298482,SF90 Spider; exact miles displayed: 882 mi; Classic.com Last Asking (removed/sold without published sold price)
2026-08-07,last_ask,Ferrari,296,spider,2025,446125,,156,"Plano, Texas, USA",Pre-Owned 2025 Ferrari 296 GTS,https://www.classic.com/veh/2025-ferrari-296-gts-zff01sma5s0318597-4rvKj94/,Classic.com,ZFF01SMA5S0318597,296 GTS; exact miles displayed: 156 mi; Classic.com Last Asking (removed/sold without published sold price)
2026-08-07,last_ask,Ferrari,296,spider,2023,369000,,,"Houston, Texas, USA",2023 Ferrari 296 GTS,https://www.classic.com/veh/2023-ferrari-296-gts-zff01sma1p0290692-n8kEYZ4/,Classic.com,ZFF01SMA1P0290692,296 GTS; 1k mi displayed; mileage blank (rounded Nk mi); Classic.com Last Asking (removed/sold without published sold price)
2026-08-07,last_ask,Ferrari,296,coupe,2025,339988,,698,"Honolulu, Hawaii, USA",2025 Ferrari 296 GTB,https://www.classic.com/veh/2025-ferrari-296-gtb-zff99sla1s0324088-nBJwaNn/,Classic.com,ZFF99SLA1S0324088,296 GTB; exact miles displayed: 698 mi; Classic.com Last Asking (removed/sold without published sold price)
2026-08-07,off_market,Ferrari,458,coupe,2015,,,,"Village of Spring Valley, New York, USA",2015 Ferrari 458 Italia Speciale,https://www.classic.com/veh/2015-ferrari-458-italia-speciale-zff75vfa0f0210055-nwk57Yn/,Classic.com,ZFF75VFA0F0210055,458 Speciale; 1k mi displayed; mileage blank (rounded Nk mi); price undisclosed on Classic.com card; off_market/pending/undisclosed historical card; asking_price blank (not shown on card)
2026-08-07,last_ask,Ferrari,488,coupe,2018,309995,,,"Tampa, Florida, USA",2018 Ferrari 488 GTB,https://www.classic.com/veh/2018-ferrari-488-gtb-zff79ala0j0233278-nXwM354/,Classic.com,ZFF79ALA0J0233278,23k mi displayed; mileage blank (rounded Nk mi); Classic.com Last Asking (removed/sold without published sold price)
2026-08-07,last_ask,McLaren,600LT,spider,2020,289999,,,"New York, New York, USA",2020 McLaren 600LT Spider,https://www.classic.com/veh/2020-mclaren-600lt-spider-sbm13saa6lw009194-pPOvNRW/,Classic.com,SBM13SAA6LW009194,8k mi displayed; mileage blank (rounded Nk mi); Classic.com Last Asking (removed/sold without published sold price)
2026-08-07,last_ask,McLaren,Artura,spider,2025,249995,,,"San Clemente, California, USA",2025 McLaren Artura Spider,https://www.classic.com/veh/2025-mclaren-artura-spider-sbm16bea1sw003920-pzOMKA4/,Classic.com,SBM16BEA1SW003920,Artura Spider; 2k mi displayed; mileage blank (rounded Nk mi); Classic.com Last Asking (removed/sold without published sold price)
2026-08-07,last_ask,Ford,GT,coupe,2005,729980,,,"Peculiar, Missouri, USA",2005 Ford GT,https://www.classic.com/veh/2005-ford-gt-1fafp90s25y401348-pJPwNVn/,Classic.com,1FAFP90S25Y401348,Ford GT Gen1; 2k mi displayed; mileage blank (rounded Nk mi); Classic.com Last Asking (removed/sold without published sold price)
2026-08-07,last_ask,Ford,GT,coupe,2006,680400,,,"Newtown Township, Pennsylvania, USA",2006 Ford GT,https://www.classic.com/veh/2006-ford-gt-1fafp90s96y400540-4A1q7q4/,Classic.com,1FAFP90S96Y400540,Ford GT Gen1; 3k mi displayed; mileage blank (rounded Nk mi); Classic.com Last Asking (removed/sold without published sold price)
2026-08-07,last_ask,Lamborghini,Gallardo,coupe,2005,264990,,,"West Hollywood, California, USA",2005 Lamborghini Gallardo,https://www.classic.com/veh/2005-lamborghini-gallardo-zhwgu11m35la02142-WbK7amp/,Classic.com,ZHWGU11M35LA02142,Gallardo; 42k mi displayed; mileage blank (rounded Nk mi); Classic.com Last Asking (removed/sold without published sold price)
2026-08-07,last_ask,Lamborghini,Gallardo,coupe,2011,299990,,,"West Hollywood, California, USA",2011 Lamborghini Gallardo LP570-4 Superleggera,https://www.classic.com/veh/2011-lamborghini-gallardo-lp570-4-superleggera-zhw-pJQjPkW/,Classic.com,,Gallardo; 28k mi displayed; mileage blank (rounded Nk mi); Classic.com Last Asking (removed/sold without published sold price)
2026-08-07,sold,Lamborghini,Murcielago,spider,2009,,700000,,"Downey, California, USA",2009 Lamborghini Murciélago LP640-4 Roadster,https://www.classic.com/veh/2009-lamborghini-murcielago-lp640-4-roadster-zhwbu-pPxGdXp/,Classic.com,,Murcielago Roadster; 6k mi displayed; mileage blank (rounded Nk mi); auction sold
2026-08-07,last_ask,Ferrari,SF90,spider,2024,571589,,,"West Palm Beach, Florida, USA",2024 Ferrari SF90 Spider,https://www.classic.com/veh/2024-ferrari-sf90-spider-zff96nma0r0307527-pGA6xgn/,Classic.com,ZFF96NMA0R0307527,SF90 Spider; 2k mi displayed; mileage blank (rounded Nk mi); Classic.com Last Asking (removed/sold without published sold price)
2026-08-06,last_ask,Ferrari,296,spider,2024,395888,,,"San Luis Obispo, California, USA",2024 Ferrari 296 GTS,https://www.classic.com/veh/2024-ferrari-296-gts-zff01sma4r0310842-WLAANep/,Classic.com,ZFF01SMA4R0310842,296 GTS; 1k mi displayed; mileage blank (rounded Nk mi); Classic.com Last Asking (removed/sold without published sold price)
2026-08-06,last_ask,Ferrari,296,coupe,2025,349900,,318,"Fort Lauderdale, Florida, USA",2025 Ferrari 296 GTB,https://www.classic.com/veh/2025-ferrari-296-gtb-zff99sla2s0314167-4Mzrgzn/,Classic.com,ZFF99SLA2S0314167,296 GTB; exact miles displayed: 318 mi; Classic.com Last Asking (removed/sold without published sold price)
2026-08-06,last_ask,Ferrari,488,coupe,2017,369000,,,"Costa Mesa, California, USA",2017 Ferrari 488 GTB,https://www.classic.com/veh/2017-ferrari-488-gtb-zff79ala8h0226170-4awr8LW/,Classic.com,ZFF79ALA8H0226170,5k mi displayed; mileage blank (rounded Nk mi); Classic.com Last Asking (removed/sold without published sold price)
2026-08-06,off_market,Ferrari,488,spider,2019,,,,"Marin County, California, USA",2019 Ferrari 488 Spider,https://www.classic.com/veh/2019-ferrari-488-spider-zff80ama4k0238188-nQd6Pq4/,Classic.com,ZFF80AMA4K0238188,"14k mi displayed; mileage blank (rounded Nk mi); auction Not Sold; highest bid $305,000 (not entered as sold/ask)"
2026-08-06,last_ask,McLaren,675LT,spider,2016,379995,,,"Zionsville, Indiana, USA",2016 McLaren 675LT Spider,https://www.classic.com/veh/2016-mclaren-675lt-spider-sbm11saa1gw675925-p6kg0j4/,Classic.com,SBM11SAA1GW675925,3k mi displayed; mileage blank (rounded Nk mi); Classic.com Last Asking (removed/sold without published sold price)
2026-08-06,last_ask,McLaren,Artura,coupe,2023,179900,,,"Newtown Township, Pennsylvania, USA",2023 McLaren Artura Coupe,https://www.classic.com/veh/2023-mclaren-artura-sbm16aea6pw001422-4rmwjlp/,Classic.com,SBM16AEA6PW001422,Artura; 2k mi displayed; mileage blank (rounded Nk mi); Classic.com Last Asking (removed/sold without published sold price)
2026-08-06,last_ask,McLaren,Artura,spider,2025,250500,,,"Newtown Township, Pennsylvania, USA",2025 McLaren Artura Spider,https://www.classic.com/veh/2025-mclaren-artura-sbm16bea7sw003131-4MaEvz4/,Classic.com,SBM16BEA7SW003131,Artura Spider; 2k mi displayed; mileage blank (rounded Nk mi); Classic.com Last Asking (removed/sold without published sold price)
2026-08-06,off_market,Ford,GT,coupe,2006,,,,"Tulsa, Oklahoma, USA",2006 Ford GT Heritage Edition,https://www.classic.com/veh/2006-ford-gt-heritage-edition-1fafp90s76y400648-nwkY7Kn/,Classic.com,1FAFP90S76Y400648,Ford GT Gen1; 18k mi displayed; mileage blank (rounded Nk mi); price undisclosed on Classic.com card; off_market/pending/undisclosed historical card; asking_price blank (not shown on card)
2026-08-06,sold,Lamborghini,Gallardo,coupe,2004,,100500,,"Chandler, Arizona, USA",2004 Lamborghini Gallardo,https://www.classic.com/veh/2004-lamborghini-gallardo-zhwgu11s74la01220-Wqmw8qW/,Classic.com,ZHWGU11S74LA01220,Gallardo; 10k mi displayed; mileage blank (rounded Nk mi); auction sold
2026-08-06,sold,Lamborghini,Gallardo,spider,2011,,157660,,"Costa Mesa, California, USA",2011 Lamborghini Gallardo LP560-4 Spyder,https://www.classic.com/veh/2011-lamborghini-gallardo-lp560-4-spyder-zhwgu6au0-4yogEKW/,Classic.com,,Gallardo Spyder; 9k mi displayed; mileage blank (rounded Nk mi); auction sold
2026-08-06,last_ask,Lamborghini,Gallardo,coupe,2008,169995,,,"City of Glen Cove, New York, USA",2008 Lamborghini Gallardo,https://www.classic.com/veh/2008-lamborghini-gallardo-zhwgu12t08la06143-4yDkxop/,Classic.com,ZHWGU12T08LA06143,Gallardo; 3k mi displayed; mileage blank (rounded Nk mi); Classic.com Last Asking (removed/sold without published sold price)
2026-08-06,last_ask,Ferrari,SF90,spider,2024,659000,,540,"Fort Lauderdale, Florida, USA",2024 Ferrari SF90 Spider Assetto Fiorano,https://www.classic.com/veh/2024-ferrari-sf90-spider-assetto-fiorano-zff96nma9-n2013Bp/,Classic.com,,Assetto Fiorano; exact miles displayed: 540 mi; Classic.com Last Asking (removed/sold without published sold price)
2026-08-05,last_ask,Ferrari,296,coupe,2025,339900,,,"Beverly Hills, California, USA",2025 Ferrari 296 GTB,https://www.classic.com/veh/2025-ferrari-296-gtb-zff99sla3s0315277-4awYOxW/,Classic.com,ZFF99SLA3S0315277,296 GTB; 3k mi displayed; mileage blank (rounded Nk mi); Classic.com Last Asking (removed/sold without published sold price)
2026-08-05,last_ask,Ferrari,296,spider,2024,399000,,375,"Beverly Hills, California, USA",2024 Ferrari 296 GTS,https://www.classic.com/veh/2024-ferrari-296-gts-zff01sma3r0308886-4ZmMGKp/,Classic.com,ZFF01SMA3R0308886,296 GTS; exact miles displayed: 375 mi; Classic.com Last Asking (removed/sold without published sold price)
2026-08-05,last_ask,Ferrari,296,spider,2024,399900,,105,"Fort Lauderdale, Florida, USA",2024 Ferrari 296 GTS,https://www.classic.com/veh/2024-ferrari-296-gts-zff01sma1r0306943-pJ8Qydn/,Classic.com,ZFF01SMA1R0306943,296 GTS; exact miles displayed: 105 mi; Classic.com Last Asking (removed/sold without published sold price)
2026-08-05,sold,Ferrari,458,coupe,2010,,235786,,"Kirkland, Washington, USA",2010 Ferrari 458 Italia,https://www.classic.com/veh/2010-ferrari-458-italia-zff67nfa6a0175522-n2M8KD4/,Classic.com,ZFF67NFA6A0175522,458 Italia/coupe; 28k mi displayed; mileage blank (rounded Nk mi); auction sold
2026-08-05,sold,Ferrari,458,coupe,2015,,470000,,"Burlingame, California, USA",2015 Ferrari 458 Italia,https://www.classic.com/veh/2015-ferrari-458-italia-zff67nfa4f0210209-WkbYEon/,Classic.com,ZFF67NFA4F0210209,458 Italia/coupe; 1k mi displayed; mileage blank (rounded Nk mi); auction sold
2026-08-05,last_ask,Ferrari,458,spider,2013,479999,,,"Costa Mesa, California, USA",2013 Ferrari 458 Spider,https://www.classic.com/veh/2013-ferrari-458-spider-zff68nha4d0192138-p0GQyZW/,Classic.com,ZFF68NHA4D0192138,458 Spider; 11k mi displayed; mileage blank (rounded Nk mi); Classic.com Last Asking (removed/sold without published sold price)
2026-08-05,last_ask,Ferrari,458,coupe,2014,389999,,,"Costa Mesa, California, USA",2014 Ferrari 458 Italia,https://www.classic.com/veh/2014-ferrari-458-italia-zff67nfa9e0196855-pGA8Jbn/,Classic.com,ZFF67NFA9E0196855,458 Italia/coupe; 16k mi displayed; mileage blank (rounded Nk mi); Classic.com Last Asking (removed/sold without published sold price)
2026-08-05,last_ask,Lamborghini,Aventador_SV,coupe,2016,849995,,,"Trenton, New Jersey, USA",2016 Lamborghini Aventador LP750-4 SV,https://www.classic.com/veh/2016-lamborghini-aventador-lp750-4-sv-zhwuf3zdxgla-4M0e5vp/,Classic.com,,Aventador LP750-4 SV; 12k mi displayed; mileage blank (rounded Nk mi); Classic.com Last Asking (removed/sold without published sold price)
2026-08-05,last_ask,Ferrari,F8,spider,2023,749900,,160,"Torrance, California, USA",2023 Ferrari F8 Spider,https://www.classic.com/veh/2023-ferrari-f8-spider-zff93lmaxp0289662-pgL08e4/,Classic.com,ZFF93LMAXP0289662,F8 Spider; exact miles displayed: 160 mi; Classic.com Last Asking (removed/sold without published sold price)
2026-08-05,last_ask,Lamborghini,Huracan_Performante,coupe,2018,419900,,,"Houston, Texas, USA",2018 Lamborghini Huracan LP640-4 Performante,https://www.classic.com/veh/2018-lamborghini-huracan-lp640-4-performante-zhwud-pGARXYn/,Classic.com,,Huracán Performante; 9k mi displayed; mileage blank (rounded Nk mi); Classic.com Last Asking (removed/sold without published sold price)
2026-08-05,last_ask,Lamborghini,Huracan_STO,coupe,2022,449999,,,"Costa Mesa, California, USA",2022 Lamborghini Huracan STO,https://www.classic.com/veh/2022-lamborghini-huracan-sto-zhwua6zx2nla20560-4DOB7Yp/,Classic.com,ZHWUA6ZX2NLA20560,Huracán STO; 9k mi displayed; mileage blank (rounded Nk mi); Classic.com Last Asking (removed/sold without published sold price)
2026-08-05,last_ask,Ferrari,SF90,spider,2023,,,,"Houston, Texas, USA",2023 Ferrari SF90 Spider Assetto Fiorano,https://www.classic.com/veh/2023-ferrari-sf90-spider-assetto-fiorano-zff96nma1-p6oKm74/,Classic.com,,Assetto Fiorano; 1k mi displayed; mileage blank (rounded Nk mi); Classic.com Last Asking (removed/sold without published sold price)
2026-08-05,last_ask,Ferrari,SF90,spider,2023,630170,,637,"Buffalo, New York, USA",2023 Ferrari SF90 Spider,https://www.classic.com/veh/2023-ferrari-sf90-spider-zff96nma7p0296751-Wjb6ebW/,Classic.com,ZFF96NMA7P0296751,SF90 Spider; exact miles displayed: 637 mi; Classic.com Last Asking (removed/sold without published sold price)
2026-08-05,last_ask,Ferrari,SF90,coupe,2021,429990,,,"Newport Beach, California, USA",2021 Ferrari SF90 Stradale,https://www.classic.com/veh/2021-ferrari-sf90-stradale-zff95nla2m0257730-WR8xbw4/,Classic.com,ZFF95NLA2M0257730,SF90 Stradale; 5k mi displayed; mileage blank (rounded Nk mi); Classic.com Last Asking (removed/sold without published sold price)
2026-08-04,off_market,Lamborghini,Aventador_SV,coupe,2017,,,,"West Chicago, Illinois, USA",2017 Lamborghini Aventador LP750-4 SV,https://www.classic.com/veh/2017-lamborghini-aventador-lp750-4-sv-zhwut3zd9hla-pPx0oNp/,Classic.com,,Aventador LP750-4 SV; 9k mi displayed; mileage blank (rounded Nk mi); price undisclosed on Classic.com card; off_market/pending/undisclosed historical card
2026-08-04,last_ask,Ferrari,F8,coupe,2021,379820,,,"Scottsdale, Arizona, USA",2021 Ferrari F8 Tributo,https://www.classic.com/veh/2021-ferrari-f8-tributo-zff92lla2m0261998-n3PRAMW/,Classic.com,ZFF92LLA2M0261998,F8 Tributo/coupe; 25k mi displayed; mileage blank (rounded Nk mi); Classic.com Last Asking (removed/sold without published sold price)
2026-08-04,last_ask,Ferrari,F8,coupe,2020,440212,,,"Naperville, Illinois, USA",2020 Ferrari F8 Tributo,https://www.classic.com/veh/2020-ferrari-f8-tributo-zff92lla8l0254231-nmM2NDn/,Classic.com,ZFF92LLA8L0254231,F8 Tributo/coupe; 6k mi displayed; mileage blank (rounded Nk mi); Classic.com Last Asking (removed/sold without published sold price)
2026-08-04,sold,Ford,GT,coupe,2006,,2101000,8,"Maryland Heights, Missouri, USA",2006 Ford GT Heritage Edition,https://www.classic.com/veh/2006-ford-gt-heritage-edition-1fafp90s06y401706-n1yBVgn/,Classic.com,1FAFP90S06Y401706,Ford GT Gen1; exact miles displayed: 8 mi; auction sold
2026-08-04,last_ask,Lamborghini,Huracan_Performante,spider,2019,459900,,,"Costa Mesa, California, USA",2019 Lamborghini Huracan LP640-4 Performante Spyder,https://www.classic.com/veh/2019-lamborghini-huracan-lp640-4-performante-spyde-4ZRa724/,Classic.com,,Huracán Performante Spyder; 1k mi displayed; mileage blank (rounded Nk mi); Classic.com Last Asking (removed/sold without published sold price)
2026-08-04,last_ask,Lamborghini,Huracan_STO,coupe,2022,449900,,,"Beverly Hills, California, USA",2022 Lamborghini Huracan STO,https://www.classic.com/veh/2022-lamborghini-huracan-sto-zhwua6zx3nla18249-pJqa6kW/,Classic.com,ZHWUA6ZX3NLA18249,Huracán STO; 5k mi displayed; mileage blank (rounded Nk mi); Classic.com Last Asking (removed/sold without published sold price)
2026-08-03,last_ask,Ferrari,296,spider,2026,409904,,229,"Wilsonville, Oregon, USA",2026 Ferrari 296 GTS,https://www.classic.com/veh/2026-ferrari-296-gts-zff01sma8t0326565-4awYDdW/,Classic.com,ZFF01SMA8T0326565,296 GTS; exact miles displayed: 229 mi; Classic.com Last Asking (removed/sold without published sold price)
2026-08-03,last_ask,Ferrari,296,spider,2024,384989,,886,"Scottsdale, Arizona, USA",2024 Ferrari 296 GTS,https://www.classic.com/veh/2024-ferrari-296-gts-zff01sma4r0310405-pgJ5jvW/,Classic.com,ZFF01SMA4R0310405,296 GTS; exact miles displayed: 886 mi; Classic.com Last Asking (removed/sold without published sold price)
2026-08-03,last_ask,Ferrari,296,coupe,2024,318999,,,"Greensboro, North Carolina, USA",2024 Ferrari 296 GTB,https://www.classic.com/veh/2024-ferrari-296-gtb-zff99sla2r0304166-n3M10Mp/,Classic.com,ZFF99SLA2R0304166,296 GTB; 3k mi displayed; mileage blank (rounded Nk mi); Classic.com Last Asking (removed/sold without published sold price)
2026-08-03,last_ask,Ferrari,458,coupe,2010,374995,,,"Akron, Ohio, USA",2010 Ferrari 458 Italia,https://www.classic.com/veh/2010-ferrari-458-italia-zff67nfa7a0175884-nX08wVn/,Classic.com,ZFF67NFA7A0175884,458 Italia/coupe; 17k mi displayed; mileage blank (rounded Nk mi); Classic.com Last Asking (removed/sold without published sold price)
2026-08-03,last_ask,Ferrari,488,spider,2018,450000,,,"San Diego, California, USA",2018 Ferrari 488 Spider,https://www.classic.com/veh/2018-ferrari-488-spider-zff80ama8j0229072-nwkYBVn/,Classic.com,ZFF80AMA8J0229072,3k mi displayed; mileage blank (rounded Nk mi); Classic.com Last Asking (removed/sold without published sold price)
2026-08-03,off_market,Ferrari,F8,coupe,2022,,,,"Bellevue, Washington, USA",2022 Ferrari F8 Tributo,https://www.classic.com/veh/2022-ferrari-f8-tributo-zff92lla1n0275540-WqOeA54/,Classic.com,ZFF92LLA1N0275540,F8 Tributo/coupe; 2k mi displayed; mileage blank (rounded Nk mi); price undisclosed on Classic.com card; off_market/pending/undisclosed historical card; asking_price blank (not shown on card)
2026-08-03,last_ask,Ford,GT,coupe,2006,549980,,,"Peculiar, Missouri, USA",2006 Ford GT,https://www.classic.com/veh/2006-ford-gt-1fafp90s96y401445-4yo7qdW/,Classic.com,1FAFP90S96Y401445,Ford GT Gen1; 23k mi displayed; mileage blank (rounded Nk mi); Classic.com Last Asking (removed/sold without published sold price)
2026-08-03,last_ask,Lamborghini,Murcielago,coupe,2008,699900,,,"Fort Lauderdale, Florida, USA",2008 Lamborghini Murciélago LP640-4,https://www.classic.com/veh/2008-lamborghini-murcielago-lp640-4-zhwbu47sx8la03-n2MEGr4/,Classic.com,,Murcielago; 6k mi displayed; mileage blank (rounded Nk mi); Classic.com Last Asking (removed/sold without published sold price)
2026-08-03,last_ask,Ferrari,SF90,spider,2024,569999,,,"Costa Mesa, California, USA",2024 Ferrari SF90 Spider,https://www.classic.com/veh/2024-ferrari-sf90-spider-zff96nma8r0305931-WNR2j6W/,Classic.com,ZFF96NMA8R0305931,SF90 Spider; 1k mi displayed; mileage blank (rounded Nk mi); Classic.com Last Asking (removed/sold without published sold price)
2026-08-02,last_ask,Ferrari,488,coupe,2018,349900,,,"Boynton Beach, Florida, USA",2018 Ferrari 488 GTB,https://www.classic.com/veh/2018-ferrari-488-gtb-zff79ala3j0231637-pzmmdbW/,Classic.com,ZFF79ALA3J0231637,10k mi displayed; mileage blank (rounded Nk mi); Classic.com Last Asking (removed/sold without published sold price)
2026-08-02,last_ask,McLaren,600LT,coupe,2020,199999,,,"American Fork, Utah, USA",2020 McLaren 600LT,https://www.classic.com/veh/2020-mclaren-600lt-spider-sbm13saaxlw008422-4Aj13En/,Classic.com,SBM13SAAXLW008422,31k mi displayed; mileage blank (rounded Nk mi); Classic.com Last Asking (removed/sold without published sold price)
2026-08-02,last_ask,McLaren,Artura,coupe,2023,169700,,,"Jacksonville, Florida, USA",2023 McLaren ARTURA,https://www.classic.com/veh/2023-mclaren-artura-sbm16aea4pw000849-WRerEln/,Classic.com,SBM16AEA4PW000849,Artura; 8k mi displayed; mileage blank (rounded Nk mi); Classic.com Last Asking (removed/sold without published sold price)
2026-08-02,last_ask,Ferrari,F8,spider,2022,599765,,,"Carrollton, Texas, USA",2022 Ferrari F8 Spider,https://www.classic.com/veh/2022-ferrari-f8-spider-zff93lma7n0281001-nO8jmgW/,Classic.com,ZFF93LMA7N0281001,F8 Spider; 2k mi displayed; mileage blank (rounded Nk mi); Classic.com Last Asking (removed/sold without published sold price)
2026-08-02,last_ask,Ferrari,F8,spider,2022,645000,,,"Roswell, Georgia, USA",2022 Ferrari F8 Spider Convertible,https://www.classic.com/veh/2022-ferrari-f8-spider-convertible-zff93lmaxn02709-nwkQa3n/,Classic.com,,F8 Spider; 2k mi displayed; mileage blank (rounded Nk mi); Classic.com Last Asking (removed/sold without published sold price)
2026-08-02,last_ask,Ford,GT,coupe,2005,729980,,672,"Peculiar, Missouri, USA",2005 Ford Ford GT,https://www.classic.com/veh/2005-ford-gt-1fafp90s05y402045-nmMe3Dn/,Classic.com,1FAFP90S05Y402045,Ford GT Gen1; exact miles displayed: 672 mi; Classic.com Last Asking (removed/sold without published sold price)
2026-08-02,last_ask,Ferrari,SF90,spider,2025,599900,,,"Fort Lauderdale, Florida, USA",2025 Ferrari SF90 Spider,https://www.classic.com/veh/2025-ferrari-sf90-spider-zff96nma3s0314719-nmmXAAn/,Classic.com,ZFF96NMA3S0314719,SF90 Spider; 1k mi displayed; mileage blank (rounded Nk mi); Classic.com Last Asking (removed/sold without published sold price)
2026-08-02,last_ask,Ferrari,SF90,coupe,2021,439990,,,"Newport Beach, California, USA",2021 Ferrari SF90 Stradale,https://www.classic.com/veh/2021-ferrari-sf90-stradale-zff95nla0m0263591-4AGE59W/,Classic.com,ZFF95NLA0M0263591,SF90 Stradale; 1k mi displayed; mileage blank (rounded Nk mi); Classic.com Last Asking (removed/sold without published sold price)
2026-08-01,last_ask,Ferrari,296,spider,2023,378100,,,"Greensboro, North Carolina, USA",2023 Ferrari 296 GTS,https://www.classic.com/veh/2023-ferrari-296-gts-zff01sma4p0293683-WvGLv5p/,Classic.com,ZFF01SMA4P0293683,296 GTS; 4k mi displayed; mileage blank (rounded Nk mi); Classic.com Last Asking (removed/sold without published sold price)
2026-08-01,last_ask,Ferrari,296,coupe,2022,305900,,,"Miami-Dade County, Florida, USA",2022 Ferrari 296 GTB Assetto Fiorano,https://www.classic.com/veh/2022-ferrari-296-gtb-assetto-fiorano-zff99slaxn028-WNVxzBW/,Classic.com,,296 GTB; 4k mi displayed; mileage blank (rounded Nk mi); Classic.com Last Asking (removed/sold without published sold price)
2026-08-01,last_ask,Ferrari,296,spider,2024,392800,,768,"Bellevue, Washington, USA",2024 Ferrari 296 GTS,https://www.classic.com/veh/2024-ferrari-296-gts-zff01sma0r0307369-pzlVyAn/,Classic.com,ZFF01SMA0R0307369,296 GTS; exact miles displayed: 768 mi; Classic.com Last Asking (removed/sold without published sold price)
2026-08-01,last_ask,Ferrari,296,spider,2023,380589,,,"West Palm Beach, Florida, USA",2023 Ferrari 296 GTS Assetto Fiorano,https://www.classic.com/veh/2023-ferrari-296-gts-assetto-fiorano-zff01sma5p029-WjvdMbW/,Classic.com,,296 GTS; 2k mi displayed; mileage blank (rounded Nk mi); Classic.com Last Asking (removed/sold without published sold price)
2026-08-01,last_ask,Ferrari,296,spider,2025,379900,,823,"Beverly Hills, California, USA",2025 Ferrari 296 GTS,https://www.classic.com/veh/2025-ferrari-296-gts-zff01smaxs0321186-n85O7bW/,Classic.com,ZFF01SMAXS0321186,296 GTS; exact miles displayed: 823 mi; Classic.com Last Asking (removed/sold without published sold price)
2026-08-01,last_ask,Ferrari,488,spider,2017,325388,,,"Marysville, Ohio, USA",2017 Ferrari 488 Spider Base,https://www.classic.com/veh/2017-ferrari-488-spider-base-zff80ama0h0221591-WxmE9kp/,Classic.com,ZFF80AMA0H0221591,33k mi displayed; mileage blank (rounded Nk mi); Classic.com Last Asking (removed/sold without published sold price)
2026-08-01,last_ask,McLaren,600LT,coupe,2019,229990,,,"Fort Lauderdale, Florida, USA",2019 McLaren 600LT Base,https://www.classic.com/veh/2019-mclaren-600lt-base-sbm13raaxkw006967-pJR2bOp/,Classic.com,SBM13RAAXKW006967,29k mi displayed; mileage blank (rounded Nk mi); Classic.com Last Asking (removed/sold without published sold price)
2026-08-01,last_ask,Ferrari,F8,spider,2021,509765,,,"Carrollton, Texas, USA",2021 Ferrari F8 Spider,https://www.classic.com/veh/2021-ferrari-f8-spider-zff93lma2m0259955-pdrElon/,Classic.com,ZFF93LMA2M0259955,F8 Spider; 14k mi displayed; mileage blank (rounded Nk mi); Classic.com Last Asking (removed/sold without published sold price)
2026-08-01,off_market,Ferrari,F8,coupe,2020,,,,"Naperville, Illinois, USA",2020 Ferrari F8 Tributo,https://www.classic.com/veh/2020-ferrari-f8-tributo-zff92lla2l0257318-45G1LeW/,Classic.com,ZFF92LLA2L0257318,F8 Tributo/coupe; 10k mi displayed; mileage blank (rounded Nk mi); price undisclosed on Classic.com card; off_market/pending/undisclosed historical card; asking_price blank (not shown on card)
2026-08-01,last_ask,Lamborghini,Revuelto,coupe,2025,699900,,,"Addison, Texas, USA",2025 Lamborghini Revuelto,https://www.classic.com/veh/2025-lamborghini-revuelto-zhwuc1zm1sla01903-WkXqZOp/,Classic.com,ZHWUC1ZM1SLA01903,Revuelto; 3k mi displayed; mileage blank (rounded Nk mi); Classic.com Last Asking (removed/sold without published sold price)
2026-08-01,last_ask,Ferrari,SF90,spider,2024,649000,,276,"Costa Mesa, California, USA",2024 Ferrari SF90 Spider,https://www.classic.com/veh/2024-ferrari-sf90-spider-zff96nmaxr0308068-47JxLlp/,Classic.com,ZFF96NMAXR0308068,SF90 Spider; exact miles displayed: 276 mi; Classic.com Last Asking (removed/sold without published sold price)
2026-07-31,last_ask,Ferrari,296,spider,2023,389999,,,"DuPage County, Illinois, USA",2023 Ferrari 296 GTS,https://www.classic.com/veh/2023-ferrari-296-gts-zff01sma9p0298376-n3M1Jbp/,Classic.com,ZFF01SMA9P0298376,296 GTS; 1k mi displayed; mileage blank (rounded Nk mi); Classic.com Last Asking (removed/sold without published sold price)
2026-07-31,last_ask,Ferrari,458,coupe,2014,429825,,,"Village of Spring Valley, New York, USA",2014 Ferrari 458 Italia,https://www.classic.com/veh/2014-ferrari-458-italia-zff67nfa8e0200880-pGZ1X8W/,Classic.com,ZFF67NFA8E0200880,458 Italia/coupe; 15k mi displayed; mileage blank (rounded Nk mi); Classic.com Last Asking (removed/sold without published sold price)
2026-07-31,last_ask,Ferrari,488,coupe,2019,399900,,,"Costa Mesa, California, USA",2019 Ferrari 488 GTB,https://www.classic.com/veh/2019-ferrari-488-gtb-zff79ala9k0246273-45a76A4/,Classic.com,ZFF79ALA9K0246273,6k mi displayed; mileage blank (rounded Nk mi); Classic.com Last Asking (removed/sold without published sold price)
2026-07-31,last_ask,Ferrari,488,spider,2017,274800,,,"Miami, Florida, USA",2017 Ferrari 488 Spider,https://www.classic.com/veh/2017-ferrari-488-spider-zff80ama9h0226465-p65ZmGW/,Classic.com,ZFF80AMA9H0226465,4k mi displayed; mileage blank (rounded Nk mi); Classic.com Last Asking (removed/sold without published sold price)
2026-07-31,last_ask,Ferrari,488,coupe,2017,278999,,,"Scottsdale, Arizona, USA",2017 Ferrari 488 GTB,https://www.classic.com/veh/2017-ferrari-488-gtb-zff79ala1h0227158-n8V0NZp/,Classic.com,ZFF79ALA1H0227158,18k mi displayed; mileage blank (rounded Nk mi); Classic.com Last Asking (removed/sold without published sold price)
2026-07-31,last_ask,McLaren,Artura,coupe,2023,178900,,,"Boynton Beach, Florida, USA",2023 McLaren Artura,https://www.classic.com/veh/2023-mclaren-artura-sbm16aea9pw001754-n853d0W/,Classic.com,SBM16AEA9PW001754,Artura; 2k mi displayed; mileage blank (rounded Nk mi); Classic.com Last Asking (removed/sold without published sold price)
2026-07-31,last_ask,Ferrari,SF90,spider,2022,509000,,,"Boynton Beach, Florida, USA",2022 Ferrari SF90 Spider,https://www.classic.com/veh/2022-ferrari-sf90-spider-zff96nma6n0273149-nQdRGo4/,Classic.com,ZFF96NMA6N0273149,SF90 Spider; 3k mi displayed; mileage blank (rounded Nk mi); Classic.com Last Asking (removed/sold without published sold price)
2026-07-31,last_ask,Ferrari,SF90,coupe,2023,459890,,,"Saint Louis County, Missouri, USA",2023 Ferrari SF90 Stradale,https://www.classic.com/veh/2023-ferrari-sf90-stradale-zff95nla9p0296769-WvxPdX4/,Classic.com,ZFF95NLA9P0296769,SF90 Stradale; 2k mi displayed; mileage blank (rounded Nk mi); Classic.com Last Asking (removed/sold without published sold price)
2026-07-30,last_ask,Ferrari,296,coupe,2024,314950,,,"Miami-Dade County, Florida, USA",2024 Ferrari 296 GTB,https://www.classic.com/veh/2024-ferrari-296-gtb-zff99sla4r0312138-4V2odV4/,Classic.com,ZFF99SLA4R0312138,296 GTB; 6k mi displayed; mileage blank (rounded Nk mi); Classic.com Last Asking (removed/sold without published sold price)
2026-07-30,last_ask,Ferrari,296,spider,2024,397685,,889,"Naples, Florida, USA",2024 Ferrari 296 GTS,https://www.classic.com/veh/2024-ferrari-296-gts-convertible-zff01sma4r0311540-nKwvJ5n/,Classic.com,ZFF01SMA4R0311540,296 GTS; exact miles displayed: 889 mi; Classic.com Last Asking (removed/sold without published sold price)
2026-07-30,last_ask,Ferrari,458,spider,2013,389985,,,"Palm Harbor, Florida, USA",2013 Ferrari 458 Spider,https://www.classic.com/veh/2013-ferrari-458-spider-zff68nha3d0195077-n3Gr3An/,Classic.com,ZFF68NHA3D0195077,458 Spider; 29k mi displayed; mileage blank (rounded Nk mi); Classic.com Last Asking (removed/sold without published sold price)
2026-07-30,sold,Ferrari,488,spider,2017,,455000,,"Zionsville, Indiana, USA",2017 Ferrari 488 Spider,https://www.classic.com/veh/2017-ferrari-488-spider-zff80amaxh0223672-nl2kbOp/,Classic.com,ZFF80AMAXH0223672,6k mi displayed; mileage blank (rounded Nk mi); auction sold
2026-07-30,last_ask,Ferrari,488,spider,2018,443097,,,"Marietta, Georgia, USA",2018 Ferrari 488 Spider,https://www.classic.com/veh/2018-ferrari-488-spider-zff80ama6j0230141-47kryA4/,Classic.com,ZFF80AMA6J0230141,19k mi displayed; mileage blank (rounded Nk mi); Classic.com Last Asking (removed/sold without published sold price)
2026-07-30,last_ask,Ferrari,488,coupe,2017,299900,,,"Charlotte, North Carolina, USA",2017 Ferrari 488 GTB,https://www.classic.com/veh/2017-ferrari-488-gtb-zff79ala7h0226404-4ZGEEJn/,Classic.com,ZFF79ALA7H0226404,15k mi displayed; mileage blank (rounded Nk mi); Classic.com Last Asking (removed/sold without published sold price)
2026-07-30,last_ask,Ferrari,488,spider,2017,349999,,,"Dallas, Texas, USA",2017 Ferrari 488 Spider,https://www.classic.com/veh/2017-ferrari-488-spider-zff80ama4h0226969-nlXLjJn/,Classic.com,ZFF80AMA4H0226969,5k mi displayed; mileage blank (rounded Nk mi); Classic.com Last Asking (removed/sold without published sold price)
2026-07-30,off_market,McLaren,Artura,coupe,2023,147000,,,"Walpole, Massachusetts, USA",2023 McLaren Artura Coupe,https://www.classic.com/veh/2023-mclaren-artura-coupe-sbm16aea1pw001652-nQY7LZn/,Classic.com,SBM16AEA1PW001652,Artura; 9k mi displayed; mileage blank (rounded Nk mi); off_market/pending/undisclosed historical card
2026-07-30,last_ask,Lamborghini,Huracan_STO,coupe,2023,439947,,,"Edmond, Oklahoma, USA",2023 Lamborghini Huracan STO,https://www.classic.com/veh/2023-lamborghini-huracan-sto-zhwua6zxxpla22690-Wb22KrW/,Classic.com,ZHWUA6ZXXPLA22690,Huracán STO; 2k mi displayed; mileage blank (rounded Nk mi); Classic.com Last Asking (removed/sold without published sold price)
2026-07-30,last_ask,Lamborghini,Revuelto,coupe,2024,664950,,,"Miami-Dade County, Florida, USA",2024 Lamborghini Revuelto,https://www.classic.com/veh/2024-lamborghini-revuelto-zhwuc1zmxrla01182-nXNl0bp/,Classic.com,ZHWUC1ZMXRLA01182,Revuelto; 3k mi displayed; mileage blank (rounded Nk mi); Classic.com Last Asking (removed/sold without published sold price)
2026-07-30,sold,Ferrari,SF90,spider,2023,,668888,,"Thousand Oaks, California, USA",2023 Ferrari SF90 Spider Assetto Fiorano,https://www.classic.com/veh/2023-ferrari-sf90-spider-assetto-fiorano-zff96nma2-pzmm0AW/,Classic.com,,Assetto Fiorano; 1k mi displayed; mileage blank (rounded Nk mi); auction sold
2026-07-30,last_ask,Ferrari,SF90,coupe,2021,429900,,,"Charlotte, North Carolina, USA",2021 Ferrari SF90 Stradale,https://www.classic.com/veh/2021-ferrari-sf90-stradale-zff95nla8m0267694-4o8DX1n/,Classic.com,ZFF95NLA8M0267694,SF90 Stradale; 1k mi displayed; mileage blank (rounded Nk mi); Classic.com Last Asking (removed/sold without published sold price)
2026-07-30,last_ask,Ferrari,SF90,coupe,2023,499990,,,"Newport Beach, California, USA",2023 Ferrari SF90 Stradale,https://www.classic.com/veh/2023-ferrari-sf90-stradale-zff95nla8p0292552-WvvOVBW/,Classic.com,ZFF95NLA8P0292552,SF90 Stradale; 2k mi displayed; mileage blank (rounded Nk mi); Classic.com Last Asking (removed/sold without published sold price)
2026-07-30,last_ask,Ferrari,SF90,spider,2024,609000,,297,"Fort Lauderdale, Florida, USA",2024 Ferrari SF90 Spider,https://www.classic.com/veh/2024-ferrari-sf90-spider-zff96nma8r0303256-WbKrbwp/,Classic.com,ZFF96NMA8R0303256,SF90 Spider; exact miles displayed: 297 mi; Classic.com Last Asking (removed/sold without published sold price)
2026-07-30,last_ask,Ferrari,SF90,spider,2024,695000,,,"Scottsdale, Arizona, USA",2024 Ferrari SF90 Spider Assetto Fiorano,https://www.classic.com/veh/2024-ferrari-sf90-spider-assetto-fiorano-zff96nma0-4V2le24/,Classic.com,,Assetto Fiorano; 1k mi displayed; mileage blank (rounded Nk mi); Classic.com Last Asking (removed/sold without published sold price)
2026-07-29,sold,Ferrari,458,spider,2013,,397000,,"Pompano Beach, Florida, USA",2013 Ferrari 458 Spider,https://www.classic.com/veh/2013-ferrari-458-spider-zff68nha3d0193734-WqdAxZn/,Classic.com,ZFF68NHA3D0193734,458 Spider; 11k mi displayed; mileage blank (rounded Nk mi); auction sold
2026-07-29,sold,Ferrari,458,coupe,2015,,920000,,"Sarasota County, Florida, USA",2015 Ferrari 458 Speciale,https://www.classic.com/veh/2015-ferrari-458-speciale-zff75vfa6f0208875-pzmeRAW/,Classic.com,ZFF75VFA6F0208875,458 Speciale; 11k mi displayed; mileage blank (rounded Nk mi); auction sold
2026-07-29,last_ask,Ferrari,488,spider,2017,399990,,,"Newport Beach, California, USA",2017 Ferrari 488 Spider,https://www.classic.com/veh/2017-ferrari-488-spider-zff80ama7h0228411-nXD2a1n/,Classic.com,ZFF80AMA7H0228411,5k mi displayed; mileage blank (rounded Nk mi); Classic.com Last Asking (removed/sold without published sold price)
2026-07-29,last_ask,Ferrari,488,coupe,2016,287500,,,"Tyler, Texas, USA",2016 Ferrari 488 GTB,https://www.classic.com/veh/2016-ferrari-488-gtb-zff79ala2g0214613-nOxlAAW/,Classic.com,ZFF79ALA2G0214613,10k mi displayed; mileage blank (rounded Nk mi); Classic.com Last Asking (removed/sold without published sold price)
2026-07-29,last_ask,Ferrari,F8,coupe,2022,479900,,,"Beverly Hills, California, USA",2022 Ferrari F8 Tributo,https://www.classic.com/veh/2022-ferrari-f8-tributo-zff92lla0n0270619-nwk3kXn/,Classic.com,ZFF92LLA0N0270619,F8 Tributo/coupe; 2k mi displayed; mileage blank (rounded Nk mi); Classic.com Last Asking (removed/sold without published sold price)
2026-07-29,off_market,Ford,GT,coupe,2005,,,,"Huntington Station, New York, USA",2005 Ford GT,https://www.classic.com/veh/2005-ford-gt-1fafp90s25y401785-p0rkJZn/,Classic.com,1FAFP90S25Y401785,Ford GT Gen1; 6k mi displayed; mileage blank (rounded Nk mi); price undisclosed on Classic.com card; off_market/pending/undisclosed historical card; asking_price blank (not shown on card)
2026-07-29,off_market,Ford,GT,coupe,2005,,,,"Murrieta, California, USA",2005 Ford GT,https://www.classic.com/veh/2005-ford-gt-1fafp90s75y401815-n2MMq94/,Classic.com,1FAFP90S75Y401815,Ford GT Gen1; 13k mi displayed; mileage blank (rounded Nk mi); price undisclosed on Classic.com card; off_market/pending/undisclosed historical card; asking_price blank (not shown on card)
2026-07-29,sold,Lamborghini,Gallardo,coupe,2007,,126000,,"Costa Mesa, California, USA",2007 Lamborghini Gallardo,https://www.classic.com/veh/2007-lamborghini-gallardo-zhwgu12t27la04201-nXw9xZ4/,Classic.com,ZHWGU12T27LA04201,Gallardo; 19k mi displayed; mileage blank (rounded Nk mi); auction sold
2026-07-29,sold,Lamborghini,Gallardo,coupe,2013,,130000,,"Little Rock, Arkansas, USA",2013 Lamborghini Gallardo LP550-2,https://www.classic.com/veh/2013-lamborghini-gallardo-lp550-2-zhwgu5bz3dla1253-nOEN0wp/,Classic.com,,Gallardo; 26k mi displayed; mileage blank (rounded Nk mi); auction sold
2026-07-29,last_ask,Lamborghini,Huracan_STO,coupe,2022,459999,,,"Costa Mesa, California, USA",2022 Lamborghini Huracan STO,https://www.classic.com/veh/2022-lamborghini-huracan-sto-zhwua6zx4nla21161-4Aa6734/,Classic.com,ZHWUA6ZX4NLA21161,Huracán STO; 4k mi displayed; mileage blank (rounded Nk mi); Classic.com Last Asking (removed/sold without published sold price)
2026-07-29,last_ask,Ferrari,SF90,coupe,2023,449900,,,"Addison, Texas, USA",2023 Ferrari SF90 Stradale,https://www.classic.com/veh/2023-ferrari-sf90-stradale-zff95nla0p0296739-n2Qq094/,Classic.com,ZFF95NLA0P0296739,SF90 Stradale; 2k mi displayed; mileage blank (rounded Nk mi); Classic.com Last Asking (removed/sold without published sold price)
2026-07-29,last_ask,Ferrari,SF90,spider,2025,748000,,645,"Village of Spring Valley, New York, USA",2025 Ferrari SF90 Spider Assetto Fiorano,https://www.classic.com/veh/2025-ferrari-sf90-spider-assetto-fiorano-zff96nma7-WkbP8ln/,Classic.com,,Assetto Fiorano; exact miles displayed: 645 mi; Classic.com Last Asking (removed/sold without published sold price)
2026-07-28,sold,Ferrari,458,coupe,2010,,285919,,"Alpharetta, Georgia, USA",2010 Ferrari 458 Italia,https://www.classic.com/veh/2010-ferrari-458-italia-zff67nfa1a0174374-47rBaMp/,Classic.com,ZFF67NFA1A0174374,458 Italia/coupe; 28k mi displayed; mileage blank (rounded Nk mi); auction sold
2026-07-28,last_ask,Ferrari,F8,spider,2022,629980,,,,2022 Ferrari F8 Spider,https://www.classic.com/veh/2022-ferrari-f8-spider-zff93lma9n0271764-nXN9N7p/,Classic.com,ZFF93LMA9N0271764,F8 Spider; 3k mi displayed; mileage blank (rounded Nk mi); Classic.com Last Asking (removed/sold without published sold price)
2026-07-28,last_ask,Lamborghini,Gallardo,spider,2012,299995,,,"Tampa, Florida, USA",2012 Lamborghini Gallardo LP560-4 Spyder,https://www.classic.com/veh/2012-lamborghini-gallardo-lp560-4-spyder-zhwgu8aj9-nmXr3D4/,Classic.com,,Gallardo Spyder; 21k mi displayed; mileage blank (rounded Nk mi); Classic.com Last Asking (removed/sold without published sold price)
2026-07-28,sold,Lamborghini,Murcielago,coupe,2008,,735000,,"City of Glen Cove, New York, USA",2008 Lamborghini Murciélago LP640-4,https://www.classic.com/veh/2008-lamborghini-murcielago-lp640-4-zhwbu37s78la02-4rvAGy4/,Classic.com,,Murcielago; 1k mi displayed; mileage blank (rounded Nk mi); auction sold
2026-07-28,last_ask,Ferrari,SF90,coupe,2021,425990,,,"New Albany, Indiana, USA",2021 Ferrari SF90 Stradale,https://www.classic.com/veh/2021-ferrari-sf90-stradale-zff95nla3m0266291-pgo8vVp/,Classic.com,ZFF95NLA3M0266291,SF90 Stradale; 14k mi displayed; mileage blank (rounded Nk mi); Classic.com Last Asking (removed/sold without published sold price)
2026-07-28,off_market,Ferrari,SF90,spider,2023,609000,,,"Scottsdale, Arizona, USA",2023 Ferrari SF90 Spider,https://www.classic.com/veh/2023-ferrari-sf90-spider-zff96nma5p0292827-WNAVgEn/,Classic.com,ZFF96NMA5P0292827,SF90 Spider; 2k mi displayed; mileage blank (rounded Nk mi); off_market/pending/undisclosed historical card
2026-07-28,last_ask,Ferrari,SF90,spider,2025,599999,,,"San Diego, California, USA",2025 Ferrari SF90 Spider,https://www.classic.com/veh/2025-ferrari-sf90-spider-zff96nma2s0317174-pEqJzNp/,Classic.com,ZFF96NMA2S0317174,SF90 Spider; 1k mi displayed; mileage blank (rounded Nk mi); Classic.com Last Asking (removed/sold without published sold price)
2026-07-28,last_ask,Ferrari,SF90,spider,2023,645499,,170,"Englewood, Colorado, USA",2023 Ferrari SF90 Spider Assetto Fiorano,https://www.classic.com/veh/2023-ferrari-sf90-spider-assetto-fiorano-zff96nma5-pGZVVAW/,Classic.com,,Assetto Fiorano; exact miles displayed: 170 mi; Classic.com Last Asking (removed/sold without published sold price)
2026-07-28,last_ask,Ferrari,SF90,coupe,2022,428990,,,"New Albany, Indiana, USA",2022 Ferrari SF90 Stradale,https://www.classic.com/veh/2022-ferrari-sf90-stradale-zff95nlaxn0285566-4D3NJ2p/,Classic.com,ZFF95NLAXN0285566,SF90 Stradale; 2k mi displayed; mileage blank (rounded Nk mi); Classic.com Last Asking (removed/sold without published sold price)
2026-07-28,off_market,Ferrari,SF90,spider,2025,550000,,182,"Cincinnati, Ohio, USA",2025 Ferrari SF90 Spider,https://www.classic.com/veh/2025-ferrari-sf90-spider-zff96nmaxs0317567-peLLbeW/,Classic.com,ZFF96NMAXS0317567,SF90 Spider; exact miles displayed: 182 mi; off_market/pending/undisclosed historical card
2026-07-27,last_ask,Ferrari,296,spider,2025,419900,,387,"Fort Lauderdale, Florida, USA",2025 Ferrari 296 GTS,https://www.classic.com/veh/2025-ferrari-296-gts-zff01sma0s0315137-45kqRZW/,Classic.com,ZFF01SMA0S0315137,296 GTS; exact miles displayed: 387 mi; Classic.com Last Asking (removed/sold without published sold price)
2026-07-27,last_ask,Ferrari,296,coupe,2024,329890,,,"Saint Louis County, Missouri, USA",2024 Ferrari 296 GTB Nero Exterior Nero Leather Interior Extended Fiorano Package,https://www.classic.com/veh/2024-ferrari-296-gtb-assetto-fiorano-zff99sla7r030-WLRwEE4/,Classic.com,,296 GTB; 2k mi displayed; mileage blank (rounded Nk mi); Classic.com Last Asking (removed/sold without published sold price)
2026-07-27,off_market,Ferrari,458,coupe,2015,,,,"Fort Lauderdale, Florida, USA",2015 Ferrari 458 Speciale,https://www.classic.com/veh/2015-ferrari-458-speciale-zff75vfa3f0209725-4oM3xGW/,Classic.com,ZFF75VFA3F0209725,458 Speciale; 4k mi displayed; mileage blank (rounded Nk mi); price undisclosed on Classic.com card; off_market/pending/undisclosed historical card; asking_price blank (not shown on card)
2026-07-27,last_ask,Ferrari,488,spider,2017,384995,,,"Akron, Ohio, USA",2017 Ferrari 488 Spider,https://www.classic.com/veh/2017-ferrari-488-spider-zff80ama0h0224863-nXEVl5W/,Classic.com,ZFF80AMA0H0224863,9k mi displayed; mileage blank (rounded Nk mi); Classic.com Last Asking (removed/sold without published sold price)
2026-07-27,last_ask,Ferrari,F8,spider,2022,599900,,,"Norwood, Massachusetts, USA",2022 Ferrari F8 Spider,https://www.classic.com/veh/2022-ferrari-f8-spider-zff93lma8n0274350-nXwwQV4/,Classic.com,ZFF93LMA8N0274350,F8 Spider; 6k mi displayed; mileage blank (rounded Nk mi); Classic.com Last Asking (removed/sold without published sold price)
2026-07-27,last_ask,Lamborghini,Gallardo,spider,2008,,,,"Antioch, California, USA",2008 Lamborghini Gallardo Spyder,https://www.classic.com/veh/2008-lamborghini-gallardo-spyder-zhwgu22t08la07198-nlOMVM4/,Classic.com,ZHWGU22T08LA07198,Gallardo Spyder; 65k mi displayed; mileage blank (rounded Nk mi); Classic.com Last Asking (removed/sold without published sold price)
2026-07-27,last_ask,Lamborghini,Huracan_STO,coupe,2022,429749,,,"Sterling, Virginia, USA",2022 Lamborghini Huracan STO Coupe,https://www.classic.com/veh/2022-lamborghini-huracan-sto-coupe-zhwua6zx6nla191-WxoJRxn/,Classic.com,,Huracán STO; 9k mi displayed; mileage blank (rounded Nk mi); Classic.com Last Asking (removed/sold without published sold price)
2026-07-27,last_ask,Lamborghini,Revuelto,coupe,2026,771073,,41,"Chicago, Illinois, USA",2026 Lamborghini Revuelto,https://www.classic.com/veh/2026-lamborghini-revuelto-zhwuc1zmxtla03988-nwO6yXn/,Classic.com,ZHWUC1ZMXTLA03988,Revuelto; exact miles displayed: 41 mi; Classic.com Last Asking (removed/sold without published sold price)
2026-07-27,last_ask,Lamborghini,Revuelto,coupe,2024,659499,,989,"Sterling, Virginia, USA",2024 Lamborghini Revuelto Coupe,https://www.classic.com/veh/2024-lamborghini-revuelto-coupe-zhwuc1zm8rla00287-WkXxBop/,Classic.com,ZHWUC1ZM8RLA00287,Revuelto; exact miles displayed: 989 mi; Classic.com Last Asking (removed/sold without published sold price)
2026-07-27,sold,Ferrari,SF90,coupe,2021,,391000,,"Atlanta, Georgia, USA",2021 Ferrari SF90 Stradale Assetto Fiorano,https://www.classic.com/veh/2021-ferrari-sf90-stradale-assetto-fiorano-zff95nl-WvqYLln/,Classic.com,,Assetto Fiorano; 7k mi displayed; mileage blank (rounded Nk mi); auction sold
2026-07-27,last_ask,Ferrari,SF90,coupe,2022,469000,,,"Scottsdale, Arizona, USA",2022 Ferrari SF90 Stradale Assetto Fiorano,https://www.classic.com/veh/2022-ferrari-sf90-stradale-assetto-fiorano-zff95nl-nK6VZ54/,Classic.com,,Assetto Fiorano; 4k mi displayed; mileage blank (rounded Nk mi); Classic.com Last Asking (removed/sold without published sold price)
2026-07-26,last_ask,Ferrari,296,coupe,2025,329805,,277,"Village of Spring Valley, New York, USA",2025 Ferrari 296 GTB,https://www.classic.com/veh/2025-ferrari-296-gtb-zff99sla7s0319171-WqaoaXW/,Classic.com,ZFF99SLA7S0319171,296 GTB; exact miles displayed: 277 mi; Classic.com Last Asking (removed/sold without published sold price)
2026-07-26,last_ask,Ferrari,296,coupe,2025,339990,,592,"Newport Beach, California, USA",2025 Ferrari 296 GTB,https://www.classic.com/veh/2025-ferrari-296-gtb-zff99sla8s0320426-nXN0eZp/,Classic.com,ZFF99SLA8S0320426,296 GTB; exact miles displayed: 592 mi; Classic.com Last Asking (removed/sold without published sold price)
2026-07-26,last_ask,Ferrari,488,spider,2016,349500,,,"Canton, Ohio, USA",2016 Ferrari 488 Spider,https://www.classic.com/veh/2016-ferrari-488-spider-zff80ama8g0218906-WvxQyB4/,Classic.com,ZFF80AMA8G0218906,8k mi displayed; mileage blank (rounded Nk mi); Classic.com Last Asking (removed/sold without published sold price)
2026-07-26,last_ask,Ferrari,F8,spider,2022,599765,,,"Carrollton, Texas, USA",2022 Ferrari F8 Spider,https://www.classic.com/veh/2022-ferrari-f8-spider-zff93lma9n0274177-476Y6xp/,Classic.com,ZFF93LMA9N0274177,F8 Spider; 9k mi displayed; mileage blank (rounded Nk mi); Classic.com Last Asking (removed/sold without published sold price)
2026-07-26,last_ask,Lamborghini,Gallardo,coupe,2012,149998,,,"Marysville, Ohio, USA",2012 Lamborghini Gallardo LP550-2,https://www.classic.com/veh/2012-lamborghini-gallardo-lp550-2-zhwgu6bzxcla1203-4VwLJdn/,Classic.com,,Gallardo; 16k mi displayed; mileage blank (rounded Nk mi); Classic.com Last Asking (removed/sold without published sold price)
2026-07-26,off_market,Lamborghini,Revuelto,coupe,2026,,,54,"West Palm Beach, Florida, USA",2026 Lamborghini Revuelto,https://www.classic.com/veh/2026-lamborghini-revuelto-zhwuc1zm9tla04291-4ymlLL4/,Classic.com,ZHWUC1ZM9TLA04291,Revuelto; exact miles displayed: 54 mi; price undisclosed on Classic.com card; off_market/pending/undisclosed historical card
2026-07-26,last_ask,Ferrari,SF90,spider,2022,549990,,238,"Roswell, Georgia, USA",2022 Ferrari SF90 Spider Tailor Made,https://www.classic.com/veh/2022-ferrari-sf90-spider-tailor-made-zff96nma4n027-4o6veLp/,Classic.com,,SF90 Spider; exact miles displayed: 238 mi; Classic.com Last Asking (removed/sold without published sold price)
2026-07-26,last_ask,Ferrari,SF90,spider,2022,528890,,,"Saint Louis County, Missouri, USA",2022 Ferrari SF90 Spider,https://www.classic.com/veh/2022-ferrari-sf90-spider-zff96nmaxn0269167-W9BdgGp/,Classic.com,ZFF96NMAXN0269167,SF90 Spider; 1k mi displayed; mileage blank (rounded Nk mi); Classic.com Last Asking (removed/sold without published sold price)
2026-07-25,last_ask,Ferrari,F8,coupe,2021,459999,,,"Costa Mesa, California, USA",2021 Ferrari F8 Tributo,https://www.classic.com/veh/2021-ferrari-f8-tributo-zff92lla1m0259661-4Maqrx4/,Classic.com,ZFF92LLA1M0259661,F8 Tributo/coupe; 2k mi displayed; mileage blank (rounded Nk mi); Classic.com Last Asking (removed/sold without published sold price)
2026-07-25,last_ask,Ferrari,F8,spider,2021,469900,,,"Broward County, Florida, USA",2021 Ferrari F8 Spider,https://www.classic.com/veh/2021-ferrari-f8-spider-zff93lma8m0262486-pGZgJxW/,Classic.com,ZFF93LMA8M0262486,F8 Spider; 10k mi displayed; mileage blank (rounded Nk mi); Classic.com Last Asking (removed/sold without published sold price)
2026-07-25,sold,Ford,GT,coupe,2006,,660000,18,"Greensboro, North Carolina, USA",2006 Ford GT,https://www.classic.com/veh/2006-ford-gt-1fafp90s56y400101-pdXDKOp/,Classic.com,1FAFP90S56Y400101,Ford GT Gen1; exact miles displayed: 18 mi; auction sold
2026-07-25,last_ask,Ferrari,SF90,spider,2023,559888,,560,"Torrance, California, USA",2023 Ferrari SF90 Spider,https://www.classic.com/veh/2023-ferrari-sf90-spider-zff96nma1p0291447-W9QGq0W/,Classic.com,ZFF96NMA1P0291447,SF90 Spider; exact miles displayed: 560 mi; Classic.com Last Asking (removed/sold without published sold price)
2026-07-25,last_ask,Ferrari,SF90,spider,2025,679950,,204,"Miami-Dade County, Florida, USA",2025 Ferrari SF90 Spider,https://www.classic.com/veh/2025-ferrari-sf90-spider-zff96nma5s0312437-nKja6D4/,Classic.com,ZFF96NMA5S0312437,SF90 Spider; exact miles displayed: 204 mi; Classic.com Last Asking (removed/sold without published sold price)
2026-07-25,last_ask,Ferrari,SF90,coupe,2022,455000,,716,"Norwood, Massachusetts, USA",2022 Ferrari SF90 Stradale,https://www.classic.com/veh/2022-ferrari-sf90-stradale-zff95nla9n0282514-pGXgyA4/,Classic.com,ZFF95NLA9N0282514,SF90 Stradale; exact miles displayed: 716 mi; Classic.com Last Asking (removed/sold without published sold price)
2026-07-25,last_ask,Ferrari,SF90,spider,2024,629950,,656,"Miami-Dade County, Florida, USA",2024 Ferrari SF90 Spider,https://www.classic.com/veh/2024-ferrari-sf90-spider-zff96nma7r0304057-WR17eMn/,Classic.com,ZFF96NMA7R0304057,SF90 Spider; exact miles displayed: 656 mi; Classic.com Last Asking (removed/sold without published sold price)
2026-07-25,last_ask,Ferrari,SF90,coupe,2023,471685,,,"Naples, Florida, USA",2023 Ferrari SF90 Stradale,https://www.classic.com/veh/2023-ferrari-sf90-stradale-zff95nla5p0290709-nOaEKop/,Classic.com,ZFF95NLA5P0290709,SF90 Stradale; 4k mi displayed; mileage blank (rounded Nk mi); Classic.com Last Asking (removed/sold without published sold price)
2026-07-24,last_ask,Ferrari,296,coupe,2023,399000,,,"Thousand Oaks, California, USA",2023 Ferrari 296 GTB Assetto Fiorano,https://www.classic.com/veh/2023-ferrari-296-gtb-assetto-fiorano-zff99sla6p029-Wvejoyn/,Classic.com,,296 GTB; 2k mi displayed; mileage blank (rounded Nk mi); Classic.com Last Asking (removed/sold without published sold price)
2026-07-24,last_ask,Ferrari,296,coupe,2022,289990,,,"Newport Beach, California, USA",2022 Ferrari 296 GTB,https://www.classic.com/veh/2022-ferrari-296-gtb-zff99sla3n0286688-Wve0Qon/,Classic.com,ZFF99SLA3N0286688,296 GTB; 2k mi displayed; mileage blank (rounded Nk mi); Classic.com Last Asking (removed/sold without published sold price)
2026-07-24,last_ask,Ferrari,488,spider,2018,419900,,,"Cleveland, Ohio, USA",2018 Ferrari 488 Spider,https://www.classic.com/veh/2018-ferrari-488-spider-zff80ama0j0231849-p6mgOgW/,Classic.com,ZFF80AMA0J0231849,8k mi displayed; mileage blank (rounded Nk mi); Classic.com Last Asking (removed/sold without published sold price)
2026-07-24,last_ask,Ferrari,488,spider,2018,449999,,,"San Diego, California, USA",2018 Ferrari 488 Spider,https://www.classic.com/veh/2018-ferrari-488-spider-zff80ama9j0233325-4aLqm6p/,Classic.com,ZFF80AMA9J0233325,5k mi displayed; mileage blank (rounded Nk mi); Classic.com Last Asking (removed/sold without published sold price)
2026-07-24,last_ask,McLaren,765LT,spider,2022,,,,"Boulder County, Colorado, USA",2022 McLaren 765LT Spider,https://www.classic.com/veh/2022-mclaren-765lt-spider-sbm14sca6nw765198-pP3D1NW/,Classic.com,SBM14SCA6NW765198,4k mi displayed; mileage blank (rounded Nk mi); Classic.com Last Asking (removed/sold without published sold price); asking_price blank (not shown on card)
2026-07-24,last_ask,Ferrari,F8,spider,2021,550000,,,"West Hollywood, California, USA",2021 Ferrari F8 Spider,https://www.classic.com/veh/2021-ferrari-f8-spider-zff93lma0m0264071-47kXVA4/,Classic.com,ZFF93LMA0M0264071,F8 Spider; 10k mi displayed; mileage blank (rounded Nk mi); Classic.com Last Asking (removed/sold without published sold price)
2026-07-24,last_ask,Ferrari,SF90,coupe,2023,489999,,,"Costa Mesa, California, USA",2023 Ferrari SF90 Stradale *HUGE CARBON OPTIONS * FRONT LIFT*,https://www.classic.com/veh/2023-ferrari-sf90-stradale-huge-carbon-options-fro-pzOKEb4/,Classic.com,,SF90 Stradale; 2k mi displayed; mileage blank (rounded Nk mi); Classic.com Last Asking (removed/sold without published sold price)
2026-07-24,last_ask,Ferrari,SF90,spider,2024,689900,,556,"Fort Lauderdale, Florida, USA",2024 Ferrari SF90 Spider Assetto Fiorano,https://www.classic.com/veh/2024-ferrari-sf90-spider-assetto-fiorano-zff96nma8-4ZOoV9n/,Classic.com,,Assetto Fiorano; exact miles displayed: 556 mi; Classic.com Last Asking (removed/sold without published sold price)
2026-07-23,last_ask,Ferrari,296,coupe,2024,299900,,,"Costa Mesa, California, USA",2024 Ferrari 296 GTB,https://www.classic.com/veh/2024-ferrari-296-gtb-zff99sla8r0302759-nBrKmNn/,Classic.com,ZFF99SLA8R0302759,296 GTB; 2k mi displayed; mileage blank (rounded Nk mi); Classic.com Last Asking (removed/sold without published sold price)
2026-07-23,last_ask,Ferrari,296,spider,2025,394990,,,"Wilsonville, Oregon, USA",2025 Ferrari 296 GTS Assetto Fiorano,https://www.classic.com/veh/2025-ferrari-296-gts-assetto-fiorano-zff01sma7s031-pJ8m3kn/,Classic.com,,296 GTS; 6k mi displayed; mileage blank (rounded Nk mi); Classic.com Last Asking (removed/sold without published sold price)
2026-07-23,last_ask,Ferrari,296,coupe,2024,300599,,,"Scottsdale, Arizona, USA",2024 Ferrari 296 GTB,https://www.classic.com/veh/2024-ferrari-296-gtb-zff99sla6r0311153-n1eVqrn/,Classic.com,ZFF99SLA6R0311153,296 GTB; 2k mi displayed; mileage blank (rounded Nk mi); Classic.com Last Asking (removed/sold without published sold price)
2026-07-23,sold,Ferrari,488,spider,2018,,475000,,"Thousand Oaks, California, USA",2018 Ferrari 488 Spider,https://www.classic.com/veh/2018-ferrari-488-spider-zff80amaxj0233396-45yG6v4/,Classic.com,ZFF80AMAXJ0233396,6k mi displayed; mileage blank (rounded Nk mi); auction sold
2026-07-23,last_ask,McLaren,600LT,coupe,2019,184800,,,"Kane County, Illinois, USA",2019 McLaren 600LT Coupe,https://www.classic.com/veh/2019-mclaren-600lt-coupe-sbm13raa4kw007371-Wqy22XW/,Classic.com,SBM13RAA4KW007371,42k mi displayed; mileage blank (rounded Nk mi); Classic.com Last Asking (removed/sold without published sold price)
2026-07-23,last_ask,Ferrari,F8,coupe,2020,419000,,,"Boynton Beach, Florida, USA",2020 Ferrari F8 Tributo,https://www.classic.com/veh/2020-ferrari-f8-tributo-zff92lla5l0254848-4rNlz54/,Classic.com,ZFF92LLA5L0254848,F8 Tributo/coupe; 13k mi displayed; mileage blank (rounded Nk mi); Classic.com Last Asking (removed/sold without published sold price)
2026-07-23,last_ask,Ferrari,F8,coupe,2021,429000,,,"Newport Beach, California, USA",2021 Ferrari F8 Tributo,https://www.classic.com/veh/2021-ferrari-f8-tributo-zff92lla6m0263074-WNvm2rW/,Classic.com,ZFF92LLA6M0263074,F8 Tributo/coupe; 10k mi displayed; mileage blank (rounded Nk mi); Classic.com Last Asking (removed/sold without published sold price)
2026-07-23,last_ask,Ferrari,F8,spider,2022,564500,,920,"Roswell, Georgia, USA",2022 Ferrari F8 Spider Convertible,https://www.classic.com/veh/2022-ferrari-f8-spider-convertible-zff93lma2n02814-W97lBe4/,Classic.com,,F8 Spider; exact miles displayed: 920 mi; Classic.com Last Asking (removed/sold without published sold price)
2026-07-23,sold,Lamborghini,Gallardo,coupe,2008,,450000,334,"Neptune Township, New Jersey, USA",2008 Lamborghini Gallardo Superleggera,https://www.classic.com/veh/2008-lamborghini-gallardo-superleggera-zhwgu43t48l-WjbLbEW/,Classic.com,,Gallardo; exact miles displayed: 334 mi; auction sold
2026-07-23,last_ask,Lamborghini,Gallardo,coupe,2012,149950,,,"Bellevue, Washington, USA",2012 Lamborghini Gallardo LP550-2,https://www.classic.com/veh/2012-lamborghini-gallardo-lp550-2-zhwgu5bz9cla1131-pE1vYxp/,Classic.com,,Gallardo; 34k mi displayed; mileage blank (rounded Nk mi); Classic.com Last Asking (removed/sold without published sold price)
2026-07-23,sold,Lamborghini,Huracan_STO,coupe,2022,,485000,954,"Florence, Alabama, USA",2022 Lamborghini Huracan STO,https://www.classic.com/veh/2022-lamborghini-huracan-zhwua6zx0nla20265-4ZOKkqn/,Classic.com,ZHWUA6ZX0NLA20265,Huracán STO; exact miles displayed: 954 mi; auction sold
2026-07-23,last_ask,Ferrari,SF90,spider,2024,599063,,886,"Village of Spring Valley, New York, USA",2024 Ferrari SF90 Spider Tailor Made,https://www.classic.com/veh/2024-ferrari-sf90-spider-tailor-made-zff96nmaxr030-4AvGZ9n/,Classic.com,,SF90 Spider; exact miles displayed: 886 mi; Classic.com Last Asking (removed/sold without published sold price)
2026-07-22,last_ask,Ferrari,296,spider,2025,419900,,761,"Addison, Texas, USA",2025 Ferrari 296 GTS,https://www.classic.com/veh/2025-ferrari-296-gts-zff01sma6s0314915-nwOZ6Kn/,Classic.com,ZFF01SMA6S0314915,296 GTS; exact miles displayed: 761 mi; Classic.com Last Asking (removed/sold without published sold price)
2026-07-22,last_ask,Ferrari,296,coupe,2024,326589,,802,"West Palm Beach, Florida, USA",2024 Ferrari 296 GTB,https://www.classic.com/veh/2024-ferrari-296-gtb-zff99sla4r0305870-4agAPXW/,Classic.com,ZFF99SLA4R0305870,296 GTB; exact miles displayed: 802 mi; Classic.com Last Asking (removed/sold without published sold price)
2026-07-22,last_ask,Ferrari,296,coupe,2024,311589,,425,"West Palm Beach, Florida, USA",2024 Ferrari 296 GTB,https://www.classic.com/veh/2024-ferrari-296-gtb-zff99sla8r0311445-WYDgJkn/,Classic.com,ZFF99SLA8R0311445,296 GTB; exact miles displayed: 425 mi; Classic.com Last Asking (removed/sold without published sold price)
2026-07-22,last_ask,Ferrari,296,spider,2026,424999,,614,"San Diego, California, USA",2026 Ferrari 296 GTS,https://www.classic.com/veh/2026-ferrari-296-gts-zff01sma6t0325866-WYDrLkn/,Classic.com,ZFF01SMA6T0325866,296 GTS; exact miles displayed: 614 mi; Classic.com Last Asking (removed/sold without published sold price)
2026-07-22,last_ask,Ferrari,458,coupe,2011,348941,,,"Village of Spring Valley, New York, USA",2011 Ferrari 458 Italia,https://www.classic.com/veh/2011-ferrari-458-italia-zff67nfa7b0176244-p6v6G1p/,Classic.com,ZFF67NFA7B0176244,458 Italia/coupe; 14k mi displayed; mileage blank (rounded Nk mi); Classic.com Last Asking (removed/sold without published sold price)
2026-07-22,last_ask,Ferrari,488,spider,2018,369999,,,"DuPage County, Illinois, USA",2018 Ferrari 488 Spider,https://www.classic.com/veh/2018-ferrari-488-spider-zff80ama5j0236285-4y02rKp/,Classic.com,ZFF80AMA5J0236285,3k mi displayed; mileage blank (rounded Nk mi); Classic.com Last Asking (removed/sold without published sold price)
2026-07-22,last_ask,Ferrari,488,spider,2018,369999,,,"Costa Mesa, California, USA",2018 Ferrari 488 Spider *CARBON STEERING WHEEL * FRONT LIFT*,https://www.classic.com/veh/2018-ferrari-488-spider-carbon-steering-wheel-fron-peLZvrW/,Classic.com,,20k mi displayed; mileage blank (rounded Nk mi); Classic.com Last Asking (removed/sold without published sold price)
2026-07-22,last_ask,McLaren,Artura,coupe,2024,181698,,,"Carrollton, Texas, USA",2024 McLaren Artura,https://www.classic.com/veh/2024-mclaren-artura-sbm16aea7rw002405-47J2gOp/,Classic.com,SBM16AEA7RW002405,Artura; 8k mi displayed; mileage blank (rounded Nk mi); Classic.com Last Asking (removed/sold without published sold price)
2026-07-22,off_market,Lamborghini,Aventador_SVJ,coupe,2019,,,,"Murrieta, California, USA",2019 Lamborghini Aventador LP770-4 SVJ,https://www.classic.com/veh/2019-lamborghini-aventador-lp770-4-svj-zhwum6zd9kl-nOJB854/,Classic.com,,Aventador LP770-4 SVJ; 9k mi displayed; mileage blank (rounded Nk mi); price undisclosed on Classic.com card; off_market/pending/undisclosed historical card
2026-07-22,sold,Ford,GT,coupe,2006,,735000,,"Town of North Salem, New York, USA",2006 Ford GT,https://www.classic.com/veh/2006-ford-gt-1fafp90sx6y401048-p6qV7jW/,Classic.com,1FAFP90SX6Y401048,Ford GT Gen1; 2k mi displayed; mileage blank (rounded Nk mi); auction sold
2026-07-22,last_ask,Lamborghini,Revuelto,coupe,2025,694999,,676,"Costa Mesa, California, USA",2025 Lamborghini Revuelto,https://www.classic.com/veh/2025-lamborghini-revuelto-zhwuc1zm7sla02442-W9kJDb4/,Classic.com,ZHWUC1ZM7SLA02442,Revuelto; exact miles displayed: 676 mi; Classic.com Last Asking (removed/sold without published sold price)
2026-07-22,last_ask,Lamborghini,Revuelto,coupe,2026,799000,,641,"West Palm Beach, Florida, USA",2026 Lamborghini Revuelto,https://www.classic.com/veh/2026-lamborghini-revuelto-zhwuc1zmxtla04591-pE1X0qp/,Classic.com,ZHWUC1ZMXTLA04591,Revuelto; exact miles displayed: 641 mi; Classic.com Last Asking (removed/sold without published sold price)
2026-07-22,off_market,Ferrari,SF90,coupe,2021,,,,"West Chicago, Illinois, USA",2021 Ferrari SF90 Stradale Assetto Fiorano,https://www.classic.com/veh/2021-ferrari-sf90-stradale-assetto-fiorano-zff95nl-pdMo674/,Classic.com,,Assetto Fiorano; 6k mi displayed; mileage blank (rounded Nk mi); price undisclosed on Classic.com card; off_market/pending/undisclosed historical card
2026-07-21,sold,Ferrari,458,coupe,2014,,450000,,"Neptune Township, New Jersey, USA",2014 Ferrari 458 Italia,https://www.classic.com/veh/2014-ferrari-458-italia-zff67nfa2e0203273-nwk72vn/,Classic.com,ZFF67NFA2E0203273,458 Italia/coupe; 4k mi displayed; mileage blank (rounded Nk mi); auction sold
2026-07-21,last_ask,Ferrari,458,coupe,2015,488777,,,"Carrollton, Texas, USA",2015 Ferrari 458 Italia,https://www.classic.com/veh/2015-ferrari-458-italia-zff67nfa6f0206694-Wxowxkn/,Classic.com,ZFF67NFA6F0206694,458 Italia/coupe; 6k mi displayed; mileage blank (rounded Nk mi); Classic.com Last Asking (removed/sold without published sold price)
2026-07-21,last_ask,Ferrari,488,spider,2018,,,,"Southlake, Texas, USA",2018 Ferrari 488 Spider,https://www.classic.com/veh/2018-ferrari-488-spider-zff80ama6j0236294-nKy0wxp/,Classic.com,ZFF80AMA6J0236294,19k mi displayed; mileage blank (rounded Nk mi); Classic.com Last Asking (removed/sold without published sold price); asking_price blank (not shown on card)
2026-07-21,last_ask,Ferrari,F8,coupe,2021,424998,,,"Marysville, Ohio, USA",2021 Ferrari F8 Tributo,https://www.classic.com/veh/2021-ferrari-f8-tributo-coupe-zff92lla5m0264233-pea3arp/,Classic.com,ZFF92LLA5M0264233,F8 Tributo/coupe; 7k mi displayed; mileage blank (rounded Nk mi); Classic.com Last Asking (removed/sold without published sold price)
2026-07-21,last_ask,Lamborghini,Gallardo,spider,2008,169995,,,"City of Glen Cove, New York, USA",2008 Lamborghini Gallardo Spyder,https://www.classic.com/veh/2008-lamborghini-gallardo-spyder-zhwgu22t08la06004-4r7Mx9n/,Classic.com,ZHWGU22T08LA06004,Gallardo Spyder; 2k mi displayed; mileage blank (rounded Nk mi); Classic.com Last Asking (removed/sold without published sold price)
2026-07-21,last_ask,Lamborghini,Gallardo,coupe,2013,131000,,,"East Brunswick Township, New Jersey, USA",2013 Lamborghini Gallardo LP550-2,https://www.classic.com/veh/2013-lamborghini-gallardo-lp550-2-zhwgu6bz7dla1275-pd3P2RW/,Classic.com,,Gallardo; 27k mi displayed; mileage blank (rounded Nk mi); Classic.com Last Asking (removed/sold without published sold price)
2026-07-21,last_ask,Lamborghini,Huracan_Performante,spider,2018,319980,,,"Troy, Michigan, USA",2018 Lamborghini Huracan LP640-4 Performante Spyder,https://www.classic.com/veh/2018-lamborghini-huracan-lp640-4-performante-spyde-nXxmE7n/,Classic.com,,Huracán Performante Spyder; 22k mi displayed; mileage blank (rounded Nk mi); Classic.com Last Asking (removed/sold without published sold price)
2026-07-21,last_ask,Ferrari,SF90,spider,2025,614950,,908,"Cleveland, Ohio, USA",2025 Ferrari SF90 Spider,https://www.classic.com/veh/2025-ferrari-sf90-spider-zff96nma3s0315093-WqaLX5W/,Classic.com,ZFF96NMA3S0315093,SF90 Spider; exact miles displayed: 908 mi; Classic.com Last Asking (removed/sold without published sold price)
2026-07-20,sold,Ferrari,296,coupe,2023,,273000,,"Boynton Beach, Florida, USA",2023 Ferrari 296 GTB,https://www.classic.com/veh/2023-ferrari-296-gtb-zff99sla3p0297032-WbKVOvp/,Classic.com,ZFF99SLA3P0297032,296 GTB; 1k mi displayed; mileage blank (rounded Nk mi); auction sold
2026-07-20,last_ask,Ferrari,458,spider,2013,419900,,,"Norwood, Massachusetts, USA",2013 Ferrari 458 Spider,https://www.classic.com/veh/2013-ferrari-458-spider-zff68nha8d0192367-WL8BVeW/,Classic.com,ZFF68NHA8D0192367,458 Spider; 18k mi displayed; mileage blank (rounded Nk mi); Classic.com Last Asking (removed/sold without published sold price)
2026-07-20,last_ask,Ferrari,488,spider,2018,385989,,,"Scottsdale, Arizona, USA",2018 Ferrari 488 Spider,https://www.classic.com/veh/2018-ferrari-488-spider-zff80ama4j0228873-WNo5JYp/,Classic.com,ZFF80AMA4J0228873,8k mi displayed; mileage blank (rounded Nk mi); Classic.com Last Asking (removed/sold without published sold price)
2026-07-20,off_market,Ferrari,488,spider,2018,,,,"Fort Lauderdale, Florida, USA",2018 Ferrari 488 Spider,https://www.classic.com/veh/2018-ferrari-488-spider-zff80ama1j0237207-4rmLqvp/,Classic.com,ZFF80AMA1J0237207,5k mi displayed; mileage blank (rounded Nk mi); off_market/pending/undisclosed historical card; asking_price blank (not shown on card)
2026-07-20,last_ask,Ferrari,F8,spider,2021,519999,,,"New York, New York, USA",2021 Ferrari F8 Spider,https://www.classic.com/veh/2021-ferrari-f8-spider-zff93lma3m0262962-Wxmxvxp/,Classic.com,ZFF93LMA3M0262962,F8 Spider; 4k mi displayed; mileage blank (rounded Nk mi); Classic.com Last Asking (removed/sold without published sold price)
2026-07-20,sold,Lamborghini,Gallardo,spider,2008,,220000,,"Wyckoff, New Jersey, USA",2008 Lamborghini Gallardo Spyder,https://www.classic.com/veh/2008-lamborghini-gallardo-spyder-zhwgu22n78la06440-4Dwo5lp/,Classic.com,ZHWGU22N78LA06440,Gallardo Spyder; 23k mi TMU displayed; mileage blank (rounded Nk mi); auction sold
2026-07-20,last_ask,Lamborghini,Gallardo,spider,2011,159999,,,"Troy, Michigan, USA",2011 Lamborghini Gallardo LP560-4 Spyder,https://www.classic.com/veh/2011-lamborghini-gallardo-lp560-4-spyder-zhwgu6au5-4DGRRAp/,Classic.com,,Gallardo Spyder; 13k mi displayed; mileage blank (rounded Nk mi); Classic.com Last Asking (removed/sold without published sold price)
2026-07-20,last_ask,Ferrari,SF90,coupe,2023,449000,,,"Boynton Beach, Florida, USA",2023 Ferrari SF90 Stradale,https://www.classic.com/veh/2023-ferrari-sf90-stradale-zff95nlaxp0296957-WbKGJmp/,Classic.com,ZFF95NLAXP0296957,SF90 Stradale; 1k mi displayed; mileage blank (rounded Nk mi); Classic.com Last Asking (removed/sold without published sold price)
2026-07-19,last_ask,Ferrari,296,coupe,2024,319900,,,"Fort Lauderdale, Florida, USA",2024 Ferrari 296 GTB,https://www.classic.com/veh/2024-ferrari-296-gtb-zff99sla7r0300579-nQYDven/,Classic.com,ZFF99SLA7R0300579,296 GTB; 1k mi displayed; mileage blank (rounded Nk mi); Classic.com Last Asking (removed/sold without published sold price)
2026-07-19,last_ask,Ferrari,296,coupe,2024,334985,,685,"Palm Harbor, Florida, USA",2024 Ferrari 296 GTB,https://www.classic.com/veh/2024-ferrari-296-gtb-zff99sla5r0306915-4MOx7mW/,Classic.com,ZFF99SLA5R0306915,296 GTB; exact miles displayed: 685 mi; Classic.com Last Asking (removed/sold without published sold price)
2026-07-19,last_ask,Ferrari,296,spider,2026,399990,,44,"Newport Beach, California, USA",2026 Ferrari 296 GTS,https://www.classic.com/veh/2026-ferrari-296-gts-zff01sma6t0330534-nKoXG7n/,Classic.com,ZFF01SMA6T0330534,296 GTS; exact miles displayed: 44 mi; Classic.com Last Asking (removed/sold without published sold price)
2026-07-19,last_ask,Ferrari,296,spider,2026,409999,,305,"San Diego, California, USA",2026 Ferrari 296 GTS,https://www.classic.com/veh/2026-ferrari-296-gts-zff01sma8t0327862-WkdjOkp/,Classic.com,ZFF01SMA8T0327862,296 GTS; exact miles displayed: 305 mi; Classic.com Last Asking (removed/sold without published sold price)
2026-07-19,last_ask,Ferrari,296,spider,2026,399999,,189,"San Diego, California, USA",2026 Ferrari 296 GTS,https://www.classic.com/veh/2026-ferrari-296-gts-zff01sma0t0326091-W9mM8bW/,Classic.com,ZFF01SMA0T0326091,296 GTS; exact miles displayed: 189 mi; Classic.com Last Asking (removed/sold without published sold price)
2026-07-19,last_ask,Ferrari,458,spider,2013,412890,,,"Saint Louis County, Missouri, USA",2013 Ferrari 458 Spider,https://www.classic.com/veh/2013-ferrari-458-spider-zff68nha8d0192823-45PXadp/,Classic.com,ZFF68NHA8D0192823,458 Spider; 10k mi displayed; mileage blank (rounded Nk mi); Classic.com Last Asking (removed/sold without published sold price)
2026-07-19,last_ask,Ferrari,488,spider,2017,299900,,,"Modesto, California, USA",2017 Ferrari 488 Spider,https://www.classic.com/veh/2017-ferrari-488-spider-zff80amaxh0221419-WbwbMap/,Classic.com,ZFF80AMAXH0221419,32k mi displayed; mileage blank (rounded Nk mi); Classic.com Last Asking (removed/sold without published sold price)
2026-07-19,last_ask,Ferrari,F8,coupe,2022,484970,,,"Village of Spring Valley, New York, USA",2022 Ferrari F8 Tributo,https://www.classic.com/veh/2022-ferrari-f8-tributo-zff92lla3n0282389-WqD57Jn/,Classic.com,ZFF92LLA3N0282389,F8 Tributo/coupe; 2k mi displayed; mileage blank (rounded Nk mi); Classic.com Last Asking (removed/sold without published sold price)
2026-07-19,last_ask,Ferrari,SF90,spider,2022,489996,,,"Charlotte, North Carolina, USA",2022 Ferrari SF90 Spider,https://www.classic.com/veh/2022-ferrari-sf90-spider-zff96nma4n0272307-p6j69gp/,Classic.com,ZFF96NMA4N0272307,SF90 Spider; 3k mi displayed; mileage blank (rounded Nk mi); Classic.com Last Asking (removed/sold without published sold price)
2026-07-18,last_ask,Ferrari,296,spider,2024,399970,,717,"Village of Spring Valley, New York, USA",2024 Ferrari 296 GTS,https://www.classic.com/veh/2024-ferrari-296-gts-zff01sma5r0310798-pJQzJKW/,Classic.com,ZFF01SMA5R0310798,296 GTS; exact miles displayed: 717 mi; Classic.com Last Asking (removed/sold without published sold price)
2026-07-18,last_ask,Ferrari,296,spider,2024,367777,,,"Mesquite, Texas, USA",2024 Ferrari 296 GTS,https://www.classic.com/veh/2024-ferrari-296-gts-zff01sma0r0311437-n300eMW/,Classic.com,ZFF01SMA0R0311437,296 GTS; 5k mi displayed; mileage blank (rounded Nk mi); Classic.com Last Asking (removed/sold without published sold price)
2026-07-18,last_ask,Ferrari,296,coupe,2025,334999,,71,"San Diego, California, USA",2025 Ferrari 296 GTB,https://www.classic.com/veh/2025-ferrari-296-gtb-zff99sla7s0319980-nOJMaE4/,Classic.com,ZFF99SLA7S0319980,296 GTB; exact miles displayed: 71 mi; Classic.com Last Asking (removed/sold without published sold price)
2026-07-18,last_ask,Ferrari,488,spider,2017,429000,,,"Norwood, Massachusetts, USA",2017 Ferrari 488 Spider,https://www.classic.com/veh/2017-ferrari-488-spider-zff80ama4h0219004-pd6E5Nn/,Classic.com,ZFF80AMA4H0219004,9k mi displayed; mileage blank (rounded Nk mi); Classic.com Last Asking (removed/sold without published sold price)
2026-07-18,last_ask,Ferrari,488,coupe,2016,329995,,,"Akron, Ohio, USA",2016 Ferrari 488 GTB Tailor Made,https://www.classic.com/veh/2016-ferrari-488-gtb-tailor-made-zff79ala2g0217589-W9mvQdW/,Classic.com,ZFF79ALA2G0217589,8k mi displayed; mileage blank (rounded Nk mi); Classic.com Last Asking (removed/sold without published sold price)
2026-07-18,last_ask,McLaren,Artura,coupe,2023,178129,,,"Newtown Township, Pennsylvania, USA",2023 McLaren Artura,https://www.classic.com/veh/2023-mclaren-artura-sbm16aea2pw001837-WLODQxn/,Classic.com,SBM16AEA2PW001837,Artura; 5k mi displayed; mileage blank (rounded Nk mi); Classic.com Last Asking (removed/sold without published sold price)
2026-07-18,last_ask,McLaren,Artura,coupe,2025,229990,,,"Newport Beach, California, USA",2025 McLaren Artura,https://www.classic.com/veh/2025-mclaren-artura-sbm16bea0sw002564-WvkAQyp/,Classic.com,SBM16BEA0SW002564,Artura; 3k mi displayed; mileage blank (rounded Nk mi); Classic.com Last Asking (removed/sold without published sold price)
2026-07-18,last_ask,Lamborghini,Gallardo,coupe,2007,89950,,,"Pompano Beach, Florida, USA",2007 Lamborghini Gallardo,https://www.classic.com/veh/2007-lamborghini-gallardo-zhwgu22t07la05045-4ZG8PLn/,Classic.com,ZHWGU22T07LA05045,Gallardo; 39k mi displayed; mileage blank (rounded Nk mi); Classic.com Last Asking (removed/sold without published sold price)
2026-07-18,last_ask,Lamborghini,Gallardo,coupe,2011,149900,,,"Palm Beach County, Florida, USA",2011 Lamborghini Gallardo LP560-4,https://www.classic.com/veh/2011-lamborghini-gallardo-lp560-4-zhwgu5au0bla1006-4Zmk9Jp/,Classic.com,,Gallardo; 16k mi displayed; mileage blank (rounded Nk mi); Classic.com Last Asking (removed/sold without published sold price)
2026-07-18,last_ask,Lamborghini,Huracan_Performante,coupe,2018,394888,,,"Round Rock, Texas, USA",2018 Lamborghini Huracan LP640-4 Performante,https://www.classic.com/veh/2018-lamborghini-huracan-lp640-4-performante-zhwud-nXNJjZp/,Classic.com,,Huracán Performante; 18k mi displayed; mileage blank (rounded Nk mi); Classic.com Last Asking (removed/sold without published sold price)
2026-07-18,last_ask,Lamborghini,Huracan_Performante,spider,2019,389000,,,"Scottsdale, Arizona, USA",2019 Lamborghini Huracan LP640-4 Performante Spyder,https://www.classic.com/veh/2019-lamborghini-huracan-lp640-4-performante-spyde-n35GNDp/,Classic.com,,Huracán Performante Spyder; 8k mi displayed; mileage blank (rounded Nk mi); Classic.com Last Asking (removed/sold without published sold price)
2026-07-18,last_ask,Lamborghini,Revuelto,coupe,2025,720571,,54,"Fort Lauderdale, Florida, USA",2025 Lamborghini Revuelto,https://www.classic.com/veh/2025-lamborghini-revuelto-zhwuc1zm0sla02914-WqawN3W/,Classic.com,ZHWUC1ZM0SLA02914,Revuelto; exact miles displayed: 54 mi; Classic.com Last Asking (removed/sold without published sold price)
2026-07-18,last_ask,Ferrari,SF90,coupe,2023,467900,,,"Scottsdale, Arizona, USA",2023 Ferrari SF90 Stradale,https://www.classic.com/veh/2023-ferrari-sf90-stradale-zff95nla5p0290774-4oMwDJW/,Classic.com,ZFF95NLA5P0290774,SF90 Stradale; 5k mi displayed; mileage blank (rounded Nk mi); Classic.com Last Asking (removed/sold without published sold price)
2026-07-18,last_ask,Ferrari,SF90,spider,2022,539999,,,"New York, New York, USA",2022 Ferrari SF90 Spider,https://www.classic.com/veh/2022-ferrari-sf90-spider-zff96nma0n0272644-p65w2mW/,Classic.com,ZFF96NMA0N0272644,SF90 Spider; 2k mi displayed; mileage blank (rounded Nk mi); Classic.com Last Asking (removed/sold without published sold price)
2026-07-17,last_ask,Ferrari,488,coupe,2016,289999,,,"Costa Mesa, California, USA",2016 Ferrari 488 GTB,https://www.classic.com/veh/2016-ferrari-488-gtb-zff79ala0g0214593-nK6zQD4/,Classic.com,ZFF79ALA0G0214593,4k mi displayed; mileage blank (rounded Nk mi); Classic.com Last Asking (removed/sold without published sold price)
2026-07-17,last_ask,Ferrari,488,spider,2018,438700,,,"Carrollton, Texas, USA",2018 Ferrari 488 Spider,https://www.classic.com/veh/2018-ferrari-488-spider-zff80ama3j0236463-4AvJ5bn/,Classic.com,ZFF80AMA3J0236463,6k mi displayed; mileage blank (rounded Nk mi); Classic.com Last Asking (removed/sold without published sold price)
2026-07-17,last_ask,Ferrari,488,coupe,2016,320689,,,"West Palm Beach, Florida, USA",2016 Ferrari 488 GTB,https://www.classic.com/veh/2016-ferrari-488-gtb-zff79ala7g0214557-WNoXmPp/,Classic.com,ZFF79ALA7G0214557,9k mi displayed; mileage blank (rounded Nk mi); Classic.com Last Asking (removed/sold without published sold price)
2026-07-17,last_ask,Ferrari,488,coupe,2019,299900,,,"Addison, Texas, USA",2019 Ferrari 488 GTB,https://www.classic.com/veh/2019-ferrari-488-gtb-zff79alaxk0239865-WqkGAB4/,Classic.com,ZFF79ALAXK0239865,12k mi displayed; mileage blank (rounded Nk mi); Classic.com Last Asking (removed/sold without published sold price)
2026-07-17,last_ask,McLaren,600LT,coupe,2019,229990,,,"New Albany, Indiana, USA",2019 McLaren 600LT Base,https://www.classic.com/veh/2019-mclaren-600lt-coupe-sbm13raa0kw007190-WkwLrJW/,Classic.com,SBM13RAA0KW007190,9k mi displayed; mileage blank (rounded Nk mi); Classic.com Last Asking (removed/sold without published sold price)
2026-07-17,last_ask,Ferrari,F8,spider,2022,569890,,,"Saint Louis County, Missouri, USA",2022 Ferrari F8 Spider,https://www.classic.com/veh/2022-ferrari-f8-spider-zff93lma7n0273707-4yo2OaW/,Classic.com,ZFF93LMA7N0273707,F8 Spider; 4k mi displayed; mileage blank (rounded Nk mi); Classic.com Last Asking (removed/sold without published sold price)
2026-07-17,last_ask,Lamborghini,Huracan_Performante,coupe,2019,399995,,,"Nashville, Tennessee, USA",2019 Lamborghini Huracan Performante Coupe,https://www.classic.com/veh/2019-lamborghini-huracan-performante-zhwud4zfxkla1-nBJYGZn/,Classic.com,,Huracán Performante; 13k mi displayed; mileage blank (rounded Nk mi); Classic.com Last Asking (removed/sold without published sold price)
2026-07-17,off_market,Lamborghini,Murcielago,spider,2006,,,,"Palm Beach County, Florida, USA",2006 Lamborghini Murciélago Roadster,https://www.classic.com/veh/2006-lamborghini-murcielago-roadster-zhwbu26m46la0-pe69774/,Classic.com,,Murcielago Roadster; 4k mi displayed; mileage blank (rounded Nk mi); price undisclosed on Classic.com card; off_market/pending/undisclosed historical card
2026-07-17,last_ask,Ferrari,SF90,spider,2022,581248,,,"Fort Lauderdale, Florida, USA",2022 Ferrari SF90 Spider Assetto Fiorano,https://www.classic.com/veh/2022-ferrari-sf90-spider-assetto-fiorano-zff96nma1-47jgPAp/,Classic.com,,Assetto Fiorano; 2k mi displayed; mileage blank (rounded Nk mi); Classic.com Last Asking (removed/sold without published sold price)
2026-07-16,last_ask,Ferrari,296,spider,2025,504900,,520,"Fort Lauderdale, Florida, USA",2025 Ferrari 296 GTS,https://www.classic.com/veh/2025-ferrari-296-gts-zff01sma3s0319652-nQM6gwn/,Classic.com,ZFF01SMA3S0319652,296 GTS; exact miles displayed: 520 mi; Classic.com Last Asking (removed/sold without published sold price)
2026-07-16,last_ask,Ferrari,296,coupe,2023,304995,,,"Fort Lauderdale, Florida, USA",2023 Ferrari 296 GTB,https://www.classic.com/veh/2023-ferrari-296-gtb-zff99sla8p0297771-4VmXODp/,Classic.com,ZFF99SLA8P0297771,296 GTB; 2k mi displayed; mileage blank (rounded Nk mi); Classic.com Last Asking (removed/sold without published sold price)
2026-07-16,last_ask,Ferrari,296,spider,2024,379000,,685,"Boynton Beach, Florida, USA",2024 Ferrari 296 GTS,https://www.classic.com/veh/2024-ferrari-296-gts-zff01sma2r0312220-nQdG8N4/,Classic.com,ZFF01SMA2R0312220,296 GTS; exact miles displayed: 685 mi; Classic.com Last Asking (removed/sold without published sold price)
2026-07-16,off_market,Ferrari,458,spider,2013,,,,"City of Glen Cove, New York, USA",2013 Ferrari 458 Spider,https://www.classic.com/veh/2013-ferrari-458-spider-zff68nha5d0190334-nmyEjDn/,Classic.com,ZFF68NHA5D0190334,458 Spider; 6k mi displayed; mileage blank (rounded Nk mi); price undisclosed on Classic.com card; off_market/pending/undisclosed historical card; asking_price blank (not shown on card)
2026-07-16,last_ask,Ferrari,F8,spider,2021,469900,,,"Norwood, Massachusetts, USA",2021 Ferrari F8 Spider,https://www.classic.com/veh/2021-ferrari-f8-spider-zff93lmaxm0266944-pgLNae4/,Classic.com,ZFF93LMAXM0266944,F8 Spider; 8k mi displayed; mileage blank (rounded Nk mi); Classic.com Last Asking (removed/sold without published sold price)
2026-07-16,last_ask,Lamborghini,Gallardo,coupe,2007,120990,,,"Palm Beach County, Florida, USA",2007 Lamborghini Gallardo Nera Edition,https://www.classic.com/veh/2007-lamborghini-gallardo-nera-edition-zhwgu12t67l-4VNoy54/,Classic.com,,Gallardo; 31k mi displayed; mileage blank (rounded Nk mi); Classic.com Last Asking (removed/sold without published sold price)
2026-07-16,off_market,Lamborghini,Murcielago,coupe,2002,360000,,,"Little Ferry, New Jersey, USA",2002 Lamborghini Murciélago,https://www.classic.com/veh/2002-lamborghini-murcielago-za9bc10u42la12218-n3yAPRp/,Classic.com,,Murcielago; 9k mi TMU displayed; mileage blank (rounded Nk mi); off_market/pending/undisclosed historical card
2026-07-16,last_ask,Lamborghini,Revuelto,coupe,2024,659900,,165,"Miami-Dade County, Florida, USA",2024 Lamborghini Revuelto,https://www.classic.com/veh/2024-lamborghini-revuelto-zhwuc1zm3rla00116-4o62Mlp/,Classic.com,ZHWUC1ZM3RLA00116,Revuelto; exact miles displayed: 165 mi; Classic.com Last Asking (removed/sold without published sold price)
2026-07-16,off_market,Ferrari,SF90,spider,2025,,,,"Englewood, Colorado, USA",2025 Ferrari SF90 Spider,https://www.classic.com/veh/2025-ferrari-sf90-spider-zff96nma9s0312554-WRLmXA4/,Classic.com,ZFF96NMA9S0312554,SF90 Spider; 2k mi displayed; mileage blank (rounded Nk mi); price undisclosed on Classic.com card; off_market/pending/undisclosed historical card
2026-07-15,last_ask,Ferrari,458,coupe,2014,224900,,,"Shaler Township, Pennsylvania, USA",2014 Ferrari 458 Italia,https://www.classic.com/veh/2014-ferrari-458-italia-zff67nfa7e0198586-pg9x0on/,Classic.com,ZFF67NFA7E0198586,458 Italia/coupe; 23k mi displayed; mileage blank (rounded Nk mi); Classic.com Last Asking (removed/sold without published sold price)
2026-07-15,last_ask,McLaren,600LT,coupe,2019,221999,,,"Broward County, Florida, USA",2019 McLaren 600LT,https://www.classic.com/veh/2019-mclaren-600lt-coupe-sbm13raa6kw008344-Wv1do7n/,Classic.com,SBM13RAA6KW008344,9k mi displayed; mileage blank (rounded Nk mi); Classic.com Last Asking (removed/sold without published sold price)
2026-07-15,sold,Ferrari,F8,spider,2022,,642500,330,"Doylestown, Pennsylvania, USA",2022 Ferrari F8 Spider,https://www.classic.com/veh/2022-ferrari-f8-spider-zff93lma1n0276540-nBrm3Nn/,Classic.com,ZFF93LMA1N0276540,F8 Spider; exact miles displayed: 330 mi; auction sold
2026-07-15,last_ask,Ferrari,F8,coupe,2021,454970,,,"Village of Spring Valley, New York, USA",2021 Ferrari F8 Tributo,https://www.classic.com/veh/2021-ferrari-f8-tributo-zff92lla3m0267020-nlLEgJn/,Classic.com,ZFF92LLA3M0267020,F8 Tributo/coupe; 4k mi displayed; mileage blank (rounded Nk mi); Classic.com Last Asking (removed/sold without published sold price)
2026-07-15,off_market,Lamborghini,Revuelto,coupe,2026,,,45,"West Palm Beach, Florida, USA",2026 Lamborghini Revuelto,https://www.classic.com/veh/2026-lamborghini-revuelto-zhwuc1zm4tla04828-pzO2Gx4/,Classic.com,ZHWUC1ZM4TLA04828,Revuelto; exact miles displayed: 45 mi; price undisclosed on Classic.com card; off_market/pending/undisclosed historical card
2026-07-15,last_ask,Lamborghini,Revuelto,coupe,2024,749996,,,"Charlotte, North Carolina, USA",2024 Lamborghini Revuelto,https://www.classic.com/veh/2024-lamborghini-revuelto-zhwuc1zm2rla00270-nwXbrvW/,Classic.com,ZHWUC1ZM2RLA00270,Revuelto; 2k mi displayed; mileage blank (rounded Nk mi); Classic.com Last Asking (removed/sold without published sold price)
2026-07-15,last_ask,Ferrari,SF90,spider,2025,599990,,610,"Newport Beach, California, USA",2025 Ferrari SF90 Spider,https://www.classic.com/veh/2025-ferrari-sf90-spider-zff96nma3s0314803-pzzeQxp/,Classic.com,ZFF96NMA3S0314803,SF90 Spider; exact miles displayed: 610 mi; Classic.com Last Asking (removed/sold without published sold price)
2026-07-15,off_market,Ferrari,SF90,coupe,2023,,,468,"Miami, Florida, USA",2023 Ferrari SF90 Stradale Assetto Fiorano,https://www.classic.com/veh/2023-ferrari-sf90-stradale-assetto-fiorano-zff95nl-pJRKr7p/,Classic.com,,Assetto Fiorano; exact miles displayed: 468 mi; off_market/pending/undisclosed historical card
2026-07-14,last_ask,Ferrari,296,coupe,2024,315725,,,"Village of Spring Valley, New York, USA",2024 Ferrari 296 GTB,https://www.classic.com/veh/2024-ferrari-296-gtb-zff99sla9r0310210-WbK2XXp/,Classic.com,ZFF99SLA9R0310210,296 GTB; 4k mi displayed; mileage blank (rounded Nk mi); Classic.com Last Asking (removed/sold without published sold price)
2026-07-14,sold,Ferrari,458,spider,2012,,310000,,"Los Angeles, California, USA",2012 Ferrari 458 Spider,https://www.classic.com/veh/2012-ferrari-458-spider-zff68nha0c0188733-WkBN6On/,Classic.com,ZFF68NHA0C0188733,458 Spider; 33k mi displayed; mileage blank (rounded Nk mi); auction sold
2026-07-14,last_ask,Ferrari,488,coupe,2018,309900,,,"Cleveland, Ohio, USA",2018 Ferrari 488 GTB,https://www.classic.com/veh/2018-ferrari-488-gtb-zff79ala1j0235296-p0Ldzmp/,Classic.com,ZFF79ALA1J0235296,13k mi displayed; mileage blank (rounded Nk mi); Classic.com Last Asking (removed/sold without published sold price)
2026-07-14,last_ask,McLaren,Artura,coupe,2023,189900,,,"Boynton Beach, Florida, USA",2023 McLaren Artura,https://www.classic.com/veh/2023-mclaren-artura-vision-sbm16aea2pw001465-4y8PRdp/,Classic.com,SBM16AEA2PW001465,Artura; 3k mi displayed; mileage blank (rounded Nk mi); Classic.com Last Asking (removed/sold without published sold price)
2026-07-14,last_ask,Ferrari,F8,spider,2023,709900,,,"Newport Beach, California, USA",2023 Ferrari F8 Spider,https://www.classic.com/veh/2023-ferrari-f8-spider-zff93lmaxp0290987-pP3VqBW/,Classic.com,ZFF93LMAXP0290987,F8 Spider; 3k mi displayed; mileage blank (rounded Nk mi); Classic.com Last Asking (removed/sold without published sold price)
2026-07-14,last_ask,Lamborghini,Gallardo,coupe,2013,131966,,,"Boynton Beach, Florida, USA",2013 Lamborghini Gallardo LP550-2,https://www.classic.com/veh/2013-lamborghini-gallardo-lp550-2-zhwgu5bzxdla1367-WbLBxo4/,Classic.com,,Gallardo; 26k mi displayed; mileage blank (rounded Nk mi); Classic.com Last Asking (removed/sold without published sold price)
2026-07-14,last_ask,Lamborghini,Gallardo,coupe,2012,129995,,,"Boynton Beach, Florida, USA",2012 Lamborghini Gallardo LP550-2 Bicolore,https://www.classic.com/veh/2012-lamborghini-gallardo-lp550-2-bicolore-zhwgu5b-WkB05zn/,Classic.com,,Gallardo; 40k mi displayed; mileage blank (rounded Nk mi); Classic.com Last Asking (removed/sold without published sold price)
2026-07-14,last_ask,Lamborghini,Gallardo,spider,2008,159995,,,"City of Glen Cove, New York, USA",2008 Lamborghini Gallardo Spyder,https://www.classic.com/veh/2008-lamborghini-gallardo-spyder-zhwgu22t18la06559-pGVy58W/,Classic.com,ZHWGU22T18LA06559,Gallardo Spyder; 11k mi displayed; mileage blank (rounded Nk mi); Classic.com Last Asking (removed/sold without published sold price)
2026-07-13,last_ask,Ferrari,296,coupe,2025,333485,,,"Palm Harbor, Florida, USA",2025 Ferrari 296 GTB,https://www.classic.com/veh/2025-ferrari-296-gtb-zff99slaxs0316751-nQdRoO4/,Classic.com,ZFF99SLAXS0316751,296 GTB; 1k mi displayed; mileage blank (rounded Nk mi); Classic.com Last Asking (removed/sold without published sold price)
2026-07-13,last_ask,Ferrari,458,spider,2015,649998,,,"Fort Lauderdale, Florida, USA",2015 Ferrari 458 Spider,https://www.classic.com/veh/2015-ferrari-458-spider-zff68nha1f0211652-nwOq0Yn/,Classic.com,ZFF68NHA1F0211652,458 Spider; 8k mi displayed; mileage blank (rounded Nk mi); Classic.com Last Asking (removed/sold without published sold price)
2026-07-13,off_market,Ferrari,F8,coupe,2021,,,,"West Palm Beach, Florida, USA",2021 Ferrari F8 Tributo,https://www.classic.com/veh/2021-ferrari-f8-tributo-zff92lla9m0259908-4oM901W/,Classic.com,ZFF92LLA9M0259908,F8 Tributo/coupe; 3k mi displayed; mileage blank (rounded Nk mi); price undisclosed on Classic.com card; off_market/pending/undisclosed historical card; asking_price blank (not shown on card)
2026-07-13,last_ask,Lamborghini,Huracan_STO,coupe,2023,424995,,,"Akron, Ohio, USA",2023 Lamborghini Huracan STO,https://www.classic.com/veh/2023-lamborghini-huracan-sto-zhwua6zx9pla21630-n1o19wp/,Classic.com,ZHWUA6ZX9PLA21630,Huracán STO; 16k mi displayed; mileage blank (rounded Nk mi); Classic.com Last Asking (removed/sold without published sold price)
2026-07-12,last_ask,Ferrari,458,spider,2013,439890,,,"Saint Louis County, Missouri, USA",2013 Ferrari 458 Spider,https://www.classic.com/veh/2013-ferrari-458-spider-zff68nha3d0195581-4AvadBn/,Classic.com,ZFF68NHA3D0195581,458 Spider; 14k mi displayed; mileage blank (rounded Nk mi); Classic.com Last Asking (removed/sold without published sold price)
2026-07-12,last_ask,Ferrari,488,coupe,2017,249991,,,"Houston, Texas, USA",2017 Ferrari 488 GTB,https://www.classic.com/veh/2017-ferrari-488-gtb-zff79ala7h0225303-WkX9jJp/,Classic.com,ZFF79ALA7H0225303,8k mi displayed; mileage blank (rounded Nk mi); Classic.com Last Asking (removed/sold without published sold price)
2026-07-12,last_ask,Ferrari,F8,coupe,2020,385000,,,"Scottsdale, Arizona, USA",2020 Ferrari F8 Tributo,https://www.classic.com/veh/2020-ferrari-f8-tributo-zff92lla8l0254634-n2odE1W/,Classic.com,ZFF92LLA8L0254634,F8 Tributo/coupe; 14k mi displayed; mileage blank (rounded Nk mi); Classic.com Last Asking (removed/sold without published sold price)
2026-07-12,off_market,Ford,GT,coupe,2006,,,,"Scottsdale, Arizona, USA",2006 Ford GT,https://www.classic.com/veh/2006-ford-gt-1fafp90s76y401539-4o7wGq4/,Classic.com,1FAFP90S76Y401539,Ford GT Gen1; 6k mi displayed; mileage blank (rounded Nk mi); price undisclosed on Classic.com card; off_market/pending/undisclosed historical card; asking_price blank (not shown on card)
2026-07-12,last_ask,Lamborghini,Gallardo,coupe,2011,269997,,,"Addison, Texas, USA",2011 Lamborghini Gallardo LP570-4 Superleggera,https://www.classic.com/veh/2011-lamborghini-gallardo-lp570-4-superleggera-zhw-nl35yJ4/,Classic.com,,Gallardo; 13k mi displayed; mileage blank (rounded Nk mi); Classic.com Last Asking (removed/sold without published sold price)
2026-07-12,last_ask,Lamborghini,Revuelto,coupe,2024,652900,,,"Newtown Township, Pennsylvania, USA",2024 Lamborghini Revuelto,https://www.classic.com/veh/2024-lamborghini-revuelto-zhwuc1zm1rla00907-WY2Yg7p/,Classic.com,ZHWUC1ZM1RLA00907,Revuelto; 5k mi displayed; mileage blank (rounded Nk mi); Classic.com Last Asking (removed/sold without published sold price)
2026-07-11,last_ask,Ferrari,296,spider,2024,369900,,,"Torrance, California, USA",2024 Ferrari 296 GTS,https://www.classic.com/veh/2024-ferrari-296-gts-zff01sma5r0310476-nOJJeb4/,Classic.com,ZFF01SMA5R0310476,296 GTS; 1k mi displayed; mileage blank (rounded Nk mi); Classic.com Last Asking (removed/sold without published sold price)
2026-07-11,last_ask,Ferrari,296,coupe,2023,315000,,877,"Scottsdale, Arizona, USA",Pre-Owned 2023 Ferrari 296 GTB Base,https://www.classic.com/veh/2023-ferrari-296-gtb-zff99sla4p0297007-pdKxowW/,Classic.com,ZFF99SLA4P0297007,296 GTB; exact miles displayed: 877 mi; Classic.com Last Asking (removed/sold without published sold price)
2026-07-11,last_ask,Ferrari,296,coupe,2025,379990,,790,"Scottsdale, Arizona, USA",2025 Ferrari 296 GTB,https://www.classic.com/veh/2025-ferrari-296-gtb-zff99sla1s0315276-pgJ51vW/,Classic.com,ZFF99SLA1S0315276,296 GTB; exact miles displayed: 790 mi; Classic.com Last Asking (removed/sold without published sold price)
2026-07-11,last_ask,Ferrari,296,spider,2024,414900,,,"Fort Lauderdale, Florida, USA",2024 Ferrari 296 GTS,https://www.classic.com/veh/2024-ferrari-296-gts-zff01sma6r0310180-n3xzyEW/,Classic.com,ZFF01SMA6R0310180,296 GTS; 1k mi displayed; mileage blank (rounded Nk mi); Classic.com Last Asking (removed/sold without published sold price)
2026-07-11,last_ask,Ferrari,296,spider,2024,389900,,176,"Costa Mesa, California, USA",2024 Ferrari 296 GTS,https://www.classic.com/veh/2024-ferrari-296-gts-zff01sma2r0307874-4DVbJYW/,Classic.com,ZFF01SMA2R0307874,296 GTS; exact miles displayed: 176 mi; Classic.com Last Asking (removed/sold without published sold price)
2026-07-11,last_ask,Ferrari,458,coupe,2011,329900,,,"Houston, Texas, USA",2011 Ferrari 458 Italia,https://www.classic.com/veh/2011-ferrari-458-italia-zff67nfa0b0180572-nQmY0on/,Classic.com,ZFF67NFA0B0180572,458 Italia/coupe; 20k mi displayed; mileage blank (rounded Nk mi); Classic.com Last Asking (removed/sold without published sold price)
2026-07-11,last_ask,Ferrari,458,coupe,2012,209900,,,"Costa Mesa, California, USA",2012 Ferrari 458 Italia,https://www.classic.com/veh/2012-ferrari-458-italia-zff67nfa6c0186765-WkBDx2n/,Classic.com,ZFF67NFA6C0186765,458 Italia/coupe; 35k mi displayed; mileage blank (rounded Nk mi); Classic.com Last Asking (removed/sold without published sold price)
2026-07-11,last_ask,Ferrari,488,coupe,2017,279900,,,"Norwood, Massachusetts, USA",2017 Ferrari 488 GTB Coupe,https://www.classic.com/veh/2017-ferrari-488-gtb-coupe-zff79ala1h0224468-pE16vzp/,Classic.com,ZFF79ALA1H0224468,20k mi displayed; mileage blank (rounded Nk mi); Classic.com Last Asking (removed/sold without published sold price)
2026-07-11,last_ask,Ferrari,488,spider,2018,479765,,,"Carrollton, Texas, USA",2018 Ferrari 488 Spider,https://www.classic.com/veh/2018-ferrari-488-spider-zff80ama1j0233724-WqOB9X4/,Classic.com,ZFF80AMA1J0233724,9k mi displayed; mileage blank (rounded Nk mi); Classic.com Last Asking (removed/sold without published sold price)
2026-07-11,last_ask,McLaren,765LT,coupe,2021,557995,,,"Newtown Township, Pennsylvania, USA",2021 McLaren 765LT Coupe,https://www.classic.com/veh/2021-mclaren-765lt-sbm14rca4mw765563-Wj1MVjn/,Classic.com,SBM14RCA4MW765563,11k mi displayed; mileage blank (rounded Nk mi); Classic.com Last Asking (removed/sold without published sold price)
2026-07-11,last_ask,McLaren,Artura,coupe,2023,183826,,,"Newtown Township, Pennsylvania, USA",2023 McLaren Artura Coupe,https://www.classic.com/veh/2023-mclaren-artura-coupe-sbm16aea5pw001945-nwMmBlp/,Classic.com,SBM16AEA5PW001945,Artura; 8k mi displayed; mileage blank (rounded Nk mi); Classic.com Last Asking (removed/sold without published sold price)
2026-07-11,last_ask,McLaren,Artura,coupe,2023,179214,,,"Newtown Township, Pennsylvania, USA",2023 McLaren Artura Coupe TechLux,https://www.classic.com/veh/2023-mclaren-artura-techlux-coupe-sbm16aea5pw00179-pJQ11aW/,Classic.com,,Artura; 3k mi displayed; mileage blank (rounded Nk mi); Classic.com Last Asking (removed/sold without published sold price)
2026-07-11,last_ask,McLaren,Artura,spider,2026,345655,,21,"Newtown Township, Pennsylvania, USA",2026 McLaren Artura Spider,https://www.classic.com/veh/2026-mclaren-artura-spider-sbm16bea6tw004238-4D3a0op/,Classic.com,SBM16BEA6TW004238,Artura Spider; exact miles displayed: 21 mi; Classic.com Last Asking (removed/sold without published sold price)
2026-07-11,last_ask,McLaren,Artura,coupe,2023,184995,,,"Newtown Township, Pennsylvania, USA",2023 McLaren Artura Coupe,https://www.classic.com/veh/2023-mclaren-artura-sbm16aea2pw001501-4y0vKop/,Classic.com,SBM16AEA2PW001501,Artura; 5k mi displayed; mileage blank (rounded Nk mi); Classic.com Last Asking (removed/sold without published sold price)
2026-07-11,last_ask,McLaren,Artura,coupe,2023,179996,,884,"Charlotte, North Carolina, USA",2023 McLaren Artura,https://www.classic.com/veh/2023-mclaren-artura-sbm16aea0pw001254-WRdZ634/,Classic.com,SBM16AEA0PW001254,Artura; exact miles displayed: 884 mi; Classic.com Last Asking (removed/sold without published sold price)
2026-07-11,last_ask,Ford,GT,coupe,2005,549980,,,"Jonesboro, Arkansas, USA",2005 Ford GT,https://www.classic.com/veh/2005-ford-gt-1fafp90sx5y401016-nQBYLoW/,Classic.com,1FAFP90SX5Y401016,Ford GT Gen1; 8k mi displayed; mileage blank (rounded Nk mi); Classic.com Last Asking (removed/sold without published sold price)
2026-07-11,last_ask,Lamborghini,Gallardo,coupe,2008,280500,,,"Newtown Township, Pennsylvania, USA",2008 Lamborghini Gallardo Superleggera Coupe,https://www.classic.com/veh/2008-lamborghini-gallardo-superleggera-zhwgu43t98l-4AaLEv4/,Classic.com,,Gallardo; 26k mi displayed; mileage blank (rounded Nk mi); Classic.com Last Asking (removed/sold without published sold price)
2026-07-11,last_ask,Lamborghini,Huracan_Performante,coupe,2018,365000,,,"Boca Raton, Florida, USA",2018 Lamborghini Huracan LP640-4 Performante,https://www.classic.com/veh/2018-lamborghini-huracan-lp640-4-performante-zhwus-Wq5XA3W/,Classic.com,,Huracán Performante; 13k mi displayed; mileage blank (rounded Nk mi); Classic.com Last Asking (removed/sold without published sold price)
2026-07-11,last_ask,Lamborghini,Huracan_Performante,coupe,2018,384900,,,"Broward County, Florida, USA",2018 Lamborghini Huracan Performante Coupe,https://www.classic.com/veh/2018-lamborghini-huracan-performante-coupe-zhwud4z-WYDyPln/,Classic.com,,Huracán Performante; 14k mi displayed; mileage blank (rounded Nk mi); Classic.com Last Asking (removed/sold without published sold price)
2026-07-11,last_ask,Lamborghini,Huracan_Performante,spider,2019,374500,,,"Boynton Beach, Florida, USA",2019 Lamborghini Huracan LP640-4 Performante Spyder,https://www.classic.com/veh/2019-lamborghini-huracan-lp640-4-performante-spyde-Wq56alW/,Classic.com,,Huracán Performante Spyder; 7k mi displayed; mileage blank (rounded Nk mi); Classic.com Last Asking (removed/sold without published sold price)
2026-07-11,last_ask,Lamborghini,Huracan_STO,coupe,2021,445000,,,"Boynton Beach, Florida, USA",2021 Lamborghini Huracan STO,https://www.classic.com/veh/2021-lamborghini-huracan-sto-zhwua6zx5mla17635-pG7aEvp/,Classic.com,ZHWUA6ZX5MLA17635,Huracán STO; 3k mi displayed; mileage blank (rounded Nk mi); Classic.com Last Asking (removed/sold without published sold price)
2026-07-11,last_ask,Lamborghini,Revuelto,coupe,2025,697999,,,"Costa Mesa, California, USA",2025 Lamborghini Revuelto,https://www.classic.com/veh/2025-lamborghini-revuelto-zhwuc1zmxsla02029-nKxd6xW/,Classic.com,ZHWUC1ZMXSLA02029,Revuelto; 1k mi displayed; mileage blank (rounded Nk mi); Classic.com Last Asking (removed/sold without published sold price)
2026-07-11,last_ask,Ferrari,SF90,coupe,2021,435900,,,"Bellevue, Washington, USA",2021 Ferrari SF90 Stradale,https://www.classic.com/veh/2021-ferrari-sf90-stradale-zff95nla6m0268472-pgJGPVW/,Classic.com,ZFF95NLA6M0268472,SF90 Stradale; 6k mi displayed; mileage blank (rounded Nk mi); Classic.com Last Asking (removed/sold without published sold price)
2026-07-11,last_ask,Ferrari,SF90,spider,2022,539990,,,"Newport Beach, California, USA",2022 Ferrari SF90 Spider,https://www.classic.com/veh/2022-ferrari-sf90-spider-zff96nma2n0269857-WRLDyG4/,Classic.com,ZFF96NMA2N0269857,SF90 Spider; 2k mi displayed; mileage blank (rounded Nk mi); Classic.com Last Asking (removed/sold without published sold price)
2026-07-11,last_ask,Ferrari,SF90,spider,2023,595170,,520,"Buffalo, New York, USA",2023 Ferrari SF90 Spider,https://www.classic.com/veh/2023-ferrari-sf90-spider-zff96nma5p0296599-W9BxLXp/,Classic.com,ZFF96NMA5P0296599,SF90 Spider; exact miles displayed: 520 mi; Classic.com Last Asking (removed/sold without published sold price)
2026-07-11,last_ask,Ferrari,SF90,coupe,2022,443970,,,"Village of Spring Valley, New York, USA",2022 Ferrari SF90 Stradale,https://www.classic.com/veh/2022-ferrari-sf90-stradale-zff95nla8n0277319-47YNojW/,Classic.com,ZFF95NLA8N0277319,SF90 Stradale; 3k mi displayed; mileage blank (rounded Nk mi); Classic.com Last Asking (removed/sold without published sold price)
2026-07-10,last_ask,Ferrari,296,coupe,2025,340950,,162,"Miami-Dade County, Florida, USA",2025 Ferrari 296 GTB,https://www.classic.com/veh/2025-ferrari-296-gtb-zff99sla2s0318607-pJGgKa4/,Classic.com,ZFF99SLA2S0318607,296 GTB; exact miles displayed: 162 mi; Classic.com Last Asking (removed/sold without published sold price)
2026-07-10,last_ask,Ferrari,458,spider,2013,269800,,,"Lisle, Illinois, USA",2013 Ferrari 458 Spider,https://www.classic.com/veh/2013-ferrari-458-spider-zff68nha9d0190370-pERmEJ4/,Classic.com,ZFF68NHA9D0190370,458 Spider; unparsed mileage text 'TMU'; left blank; Classic.com Last Asking (removed/sold without published sold price)
2026-07-10,last_ask,Lamborghini,Aventador_SV,coupe,2016,1001900,,,"Hollywood, Florida, USA",2016 Lamborghini Aventador LP750-4 SV,https://www.classic.com/veh/2016-lamborghini-aventador-lp750-4-sv-zhwuf3zd7gla-pPdY7Bp/,Classic.com,,Aventador LP750-4 SV; 2k mi displayed; mileage blank (rounded Nk mi); Classic.com Last Asking (removed/sold without published sold price)
2026-07-10,off_market,Lamborghini,Aventador_SVJ,coupe,2021,,,,"Charlotte, North Carolina, USA",2021 Lamborghini Aventador LP770-4 SVJ,https://www.classic.com/veh/2021-lamborghini-aventador-lp770-4-svj-zhwun6zd3ml-pe6K5l4/,Classic.com,,Aventador LP770-4 SVJ; 5k mi displayed; mileage blank (rounded Nk mi); price undisclosed on Classic.com card; off_market/pending/undisclosed historical card
2026-07-10,last_ask,Ferrari,F8,spider,2023,,,,"New Canaan, Connecticut, USA",2023 Ferrari F8 Spider,https://www.classic.com/veh/2023-ferrari-f8-spider-w1nyc7hj2rx511495-pg6VMeW/,Classic.com,,F8 Spider; 1k mi displayed; mileage blank (rounded Nk mi); Classic.com Last Asking (removed/sold without published sold price); asking_price blank (not shown on card)
2026-07-10,off_market,Ford,GT,coupe,2005,,,,"West Chicago, Illinois, USA",2005 Ford GT,https://www.classic.com/veh/2005-ford-gt-1fafp90s45y401254-nOb95E4/,Classic.com,1FAFP90S45Y401254,Ford GT Gen1; 9k mi displayed; mileage blank (rounded Nk mi); price undisclosed on Classic.com card; off_market/pending/undisclosed historical card; asking_price blank (not shown on card)
2026-07-10,off_market,Lamborghini,Huracan_STO,coupe,2022,,,,"West Chicago, Illinois, USA",2022 Lamborghini Huracan STO,https://www.classic.com/veh/2022-lamborghini-huracan-sto-zhwua6zx1nla18072-WqOwqJ4/,Classic.com,ZHWUA6ZX1NLA18072,Huracán STO; 7k mi displayed; mileage blank (rounded Nk mi); price undisclosed on Classic.com card; off_market/pending/undisclosed historical card; asking_price blank (not shown on card)
2026-07-10,last_ask,Lamborghini,Revuelto,coupe,2025,729888,,225,"Round Rock, Texas, USA",2025 Lamborghini Revuelto,https://www.classic.com/veh/2025-lamborghini-revuelto-zhwuc1zm3sla03667-WNoPqBp/,Classic.com,ZHWUC1ZM3SLA03667,Revuelto; exact miles displayed: 225 mi; Classic.com Last Asking (removed/sold without published sold price)
2026-07-10,last_ask,Ferrari,SF90,spider,2022,609900,,,"Scottsdale, Arizona, USA",2022 Ferrari SF90 Spider Tailor Made,https://www.classic.com/veh/2022-ferrari-sf90-spider-tailor-made-zff96nma0n028-n83Yob4/,Classic.com,,SF90 Spider; 1k mi displayed; mileage blank (rounded Nk mi); Classic.com Last Asking (removed/sold without published sold price)
2026-07-10,last_ask,Ferrari,SF90,spider,2024,589900,,475,"Palm Beach County, Florida, USA",2024 Ferrari SF90 Spider,https://www.classic.com/veh/2024-ferrari-sf90-spider-zff96nma9r0303282-45aJ5z4/,Classic.com,ZFF96NMA9R0303282,SF90 Spider; exact miles displayed: 475 mi; Classic.com Last Asking (removed/sold without published sold price)
2026-07-10,last_ask,Ferrari,SF90,spider,2022,477996,,,"Charlotte, North Carolina, USA",2022 Ferrari SF90 Spider Assetto Fiorano,https://www.classic.com/veh/2022-ferrari-sf90-spider-assetto-fiorano-zff96nma5-WbVxGoW/,Classic.com,,Assetto Fiorano; 3k mi displayed; mileage blank (rounded Nk mi); Classic.com Last Asking (removed/sold without published sold price)
2026-07-09,last_ask,Ferrari,296,spider,2025,389990,,181,"Beverly Hills, California, USA",2025 Ferrari 296 GTS,https://www.classic.com/veh/2025-ferrari-296-gts-zff01sma7s0315183-4VmJ8dp/,Classic.com,ZFF01SMA7S0315183,296 GTS; exact miles displayed: 181 mi; Classic.com Last Asking (removed/sold without published sold price)
2026-07-09,last_ask,Ferrari,296,spider,2023,359900,,,"Costa Mesa, California, USA",2023 Ferrari 296 GTS,https://www.classic.com/veh/2023-ferrari-296-gts-zff01sma6p0297699-4o6awPp/,Classic.com,ZFF01SMA6P0297699,296 GTS; 1k mi displayed; mileage blank (rounded Nk mi); Classic.com Last Asking (removed/sold without published sold price)
2026-07-09,last_ask,Ferrari,296,spider,2024,413022,,,"Naples, Florida, USA",2024 Ferrari 296 GTS,https://www.classic.com/veh/2024-ferrari-296-gts-zff01sma6r0310065-nBxxXmp/,Classic.com,ZFF01SMA6R0310065,296 GTS; 1k mi displayed; mileage blank (rounded Nk mi); Classic.com Last Asking (removed/sold without published sold price)
2026-07-09,last_ask,Ferrari,488,coupe,2016,271900,,,"Hollywood, Florida, USA",2016 Ferrari 488 GTB,https://www.classic.com/veh/2016-ferrari-488-gtb-zff79ala3g0214992-nQRv9oW/,Classic.com,ZFF79ALA3G0214992,23k mi displayed; mileage blank (rounded Nk mi); Classic.com Last Asking (removed/sold without published sold price)
2026-07-09,last_ask,Ferrari,488,spider,2017,298900,,,"Beverly Hills, California, USA",2017 Ferrari 488 Spider,https://www.classic.com/veh/2017-ferrari-488-spider-zff80ama9h0226952-4o6qvJp/,Classic.com,ZFF80AMA9H0226952,38k mi displayed; mileage blank (rounded Nk mi); Classic.com Last Asking (removed/sold without published sold price)
2026-07-09,off_market,McLaren,Artura,spider,2025,225000,,,"Newport Beach, California, USA",2025 McLaren Artura Spider,https://www.classic.com/veh/2025-mclaren-artura-spider-sbm16bea6sw003198-W9BPkPp/,Classic.com,SBM16BEA6SW003198,Artura Spider; 3k mi displayed; mileage blank (rounded Nk mi); off_market/pending/undisclosed historical card
2026-07-09,last_ask,McLaren,Artura,coupe,2025,249996,,,"Charlotte, North Carolina, USA",2025 McLaren Artura,https://www.classic.com/veh/2025-mclaren-artura-sbm16bea2sw003294-4y0xKKp/,Classic.com,SBM16BEA2SW003294,Artura; 2k mi displayed; mileage blank (rounded Nk mi); Classic.com Last Asking (removed/sold without published sold price)
2026-07-09,off_market,Lamborghini,Aventador_SV,coupe,2017,,,,"West Chicago, Illinois, USA",2017 Lamborghini Aventador LP750-4 SV,https://www.classic.com/veh/2017-lamborghini-aventador-lp750-4-sv-zhwut3zdxhla-nlOOag4/,Classic.com,,Aventador LP750-4 SV; 8k mi displayed; mileage blank (rounded Nk mi); price undisclosed on Classic.com card; off_market/pending/undisclosed historical card
2026-07-09,last_ask,Ferrari,F8,spider,2022,599995,,,"Wilsonville, Oregon, USA",2022 Ferrari F8 Spider,https://www.classic.com/veh/2022-ferrari-f8-spider-zff93lma7n0279054-pJQbAKW/,Classic.com,ZFF93LMA7N0279054,F8 Spider; 5k mi displayed; mileage blank (rounded Nk mi); Classic.com Last Asking (removed/sold without published sold price)
2026-07-09,off_market,Lamborghini,Revuelto,coupe,2025,,,787,"Rock Hill, South Carolina, USA",2025 Lamborghini Revuelto,https://www.classic.com/veh/2025-lamborghini-revuelto-zhwuc1zm4sla02706-nQBy8wW/,Classic.com,ZHWUC1ZM4SLA02706,Revuelto; exact miles displayed: 787 mi; price undisclosed on Classic.com card; off_market/pending/undisclosed historical card
2026-07-09,last_ask,Lamborghini,Revuelto,coupe,2026,739950,,,"Miami-Dade County, Florida, USA",2026 Lamborghini Revuelto,https://www.classic.com/veh/2026-lamborghini-revuelto-zhwuc1zm4tla03954-4AvO5En/,Classic.com,ZHWUC1ZM4TLA03954,Revuelto; 1k mi displayed; mileage blank (rounded Nk mi); Classic.com Last Asking (removed/sold without published sold price)
2026-07-09,last_ask,Ferrari,SF90,spider,2025,749999,,733,"San Diego, California, USA",2025 Ferrari SF90 Spider,https://www.classic.com/veh/2025-ferrari-sf90-spider-zff96nma9s0314790-n1eo1bn/,Classic.com,ZFF96NMA9S0314790,SF90 Spider; exact miles displayed: 733 mi; Classic.com Last Asking (removed/sold without published sold price)
2026-07-09,last_ask,Ferrari,SF90,coupe,2022,487272,,,"Naples, Florida, USA",2022 Ferrari SF90 Stradale,https://www.classic.com/veh/2022-ferrari-sf90-stradale-zff95nla0n0276651-pJGo6O4/,Classic.com,ZFF95NLA0N0276651,SF90 Stradale; 2k mi displayed; mileage blank (rounded Nk mi); Classic.com Last Asking (removed/sold without published sold price)
2026-07-09,last_ask,Ferrari,SF90,coupe,2021,431685,,852,"Naples, Florida, USA",2021 Ferrari SF90 Stradale,https://www.classic.com/veh/2021-ferrari-sf90-stradale-zff95nla9m0267686-p0bg7Pn/,Classic.com,ZFF95NLA9M0267686,SF90 Stradale; exact miles displayed: 852 mi; Classic.com Last Asking (removed/sold without published sold price)
2026-07-08,last_ask,Ferrari,296,coupe,2022,299900,,,"Houston, Texas, USA",2022 Ferrari 296 GTB Assetto Fiorano,https://www.classic.com/veh/2022-ferrari-296-gtb-assetto-fiorano-zff99slaxn028-4Aa5qb4/,Classic.com,,296 GTB; 1k mi displayed; mileage blank (rounded Nk mi); Classic.com Last Asking (removed/sold without published sold price)
2026-07-08,last_ask,Ferrari,458,coupe,2015,1199999,,,"Costa Mesa, California, USA",2015 Ferrari 458 Speciale,https://www.classic.com/veh/2015-ferrari-458-speciale-zff75vfa7f0204298-4VAYyyp/,Classic.com,ZFF75VFA7F0204298,458 Speciale; 6k mi displayed; mileage blank (rounded Nk mi); Classic.com Last Asking (removed/sold without published sold price)
2026-07-08,last_ask,Ferrari,458,coupe,2015,1299999,,,"Costa Mesa, California, USA",2015 Ferrari 458 Italia Speciale *CARBON DOOR PANELS * FRONT PPF*,https://www.classic.com/veh/2015-ferrari-458-italia-speciale-carbon-door-panel-pzO9yM4/,Classic.com,,458 Speciale; 7k mi displayed; mileage blank (rounded Nk mi); Classic.com Last Asking (removed/sold without published sold price)
2026-07-08,last_ask,Ferrari,488,spider,2019,394725,,,"Village of Spring Valley, New York, USA",2019 Ferrari 488 Spider,https://www.classic.com/veh/2019-ferrari-488-spider-zff80amaxk0245663-nO8Py5W/,Classic.com,ZFF80AMAXK0245663,5k mi displayed; mileage blank (rounded Nk mi); Classic.com Last Asking (removed/sold without published sold price)
2026-07-08,last_ask,Ferrari,488,spider,2017,349000,,,"Costa Mesa, California, USA",2017 Ferrari 488 Spider,https://www.classic.com/veh/2017-ferrari-488-spider-zff80ama1h0228369-nBxdNKp/,Classic.com,ZFF80AMA1H0228369,13k mi displayed; mileage blank (rounded Nk mi); Classic.com Last Asking (removed/sold without published sold price)
2026-07-08,last_ask,McLaren,600LT,spider,2020,234900,,,"Houston, Texas, USA",2020 McLaren 600LT Spider,https://www.classic.com/veh/2020-mclaren-600lt-spider-sbm13saa1lw008602-Wvqyrvn/,Classic.com,SBM13SAA1LW008602,19k mi displayed; mileage blank (rounded Nk mi); Classic.com Last Asking (removed/sold without published sold price)
2026-07-08,last_ask,Ferrari,F8,coupe,2021,419985,,,"Palm Harbor, Florida, USA",2021 Ferrari F8 Tributo,https://www.classic.com/veh/2021-ferrari-f8-tributo-zff92lla5m0263003-pJQ2Y7W/,Classic.com,ZFF92LLA5M0263003,F8 Tributo/coupe; 8k mi displayed; mileage blank (rounded Nk mi); Classic.com Last Asking (removed/sold without published sold price)
2026-07-08,sold,Lamborghini,Gallardo,coupe,2006,,130111,,"Costa Mesa, California, USA",2006 Lamborghini Gallardo,https://www.classic.com/veh/2006-lamborghini-gallardo-zhwgu12t46la03453-WqOrJB4/,Classic.com,ZHWGU12T46LA03453,Gallardo; 21k mi displayed; mileage blank (rounded Nk mi); auction sold
2026-07-08,last_ask,Lamborghini,Gallardo,coupe,2013,109999,,,"Modesto, California, USA",2013 Lamborghini Gallardo LP550-2,https://www.classic.com/veh/2013-lamborghini-gallardo-lp550-2-zhwgu6bz0dla1255-pGP9bx4/,Classic.com,,Gallardo; 68k mi displayed; mileage blank (rounded Nk mi); Classic.com Last Asking (removed/sold without published sold price)
2026-07-08,last_ask,Lamborghini,Gallardo,spider,2012,304947,,,"Edmond, Oklahoma, USA",2012 Lamborghini Gallardo LP570-4 Spyder Performante,https://www.classic.com/veh/2012-lamborghini-gallardo-lp570-4-spyder-performan-4Mzqbln/,Classic.com,,Gallardo Spyder; 5k mi displayed; mileage blank (rounded Nk mi); Classic.com Last Asking (removed/sold without published sold price)
2026-07-08,last_ask,Lamborghini,Huracan_STO,coupe,2022,569990,,,"Miami-Dade County, Florida, USA",2022 Lamborghini Huracan STO,https://www.classic.com/veh/2022-lamborghini-huracan-sto-zhwua6zx7nla20070-nlxE0Xn/,Classic.com,ZHWUA6ZX7NLA20070,Huracán STO; 4k mi displayed; mileage blank (rounded Nk mi); Classic.com Last Asking (removed/sold without published sold price)
2026-07-08,last_ask,Lamborghini,Revuelto,coupe,2024,679900,,,"Charlotte, North Carolina, USA",2024 Lamborghini Revuelto,https://www.classic.com/veh/2024-lamborghini-revuelto-zhwuc1zm0rla01045-nBvAQQn/,Classic.com,ZHWUC1ZM0RLA01045,Revuelto; 1k mi displayed; mileage blank (rounded Nk mi); Classic.com Last Asking (removed/sold without published sold price)
2026-07-08,last_ask,Ferrari,SF90,coupe,2023,459990,,,"Newport Beach, California, USA",2023 Ferrari SF90 Stradale,https://www.classic.com/veh/2023-ferrari-sf90-stradale-zff95nlaxp0288714-4yBeedn/,Classic.com,ZFF95NLAXP0288714,SF90 Stradale; 1k mi displayed; mileage blank (rounded Nk mi); Classic.com Last Asking (removed/sold without published sold price)
2026-07-08,last_ask,Ferrari,SF90,spider,2023,571685,,,"Naples, Florida, USA",2023 Ferrari SF90 Spider,https://www.classic.com/veh/2023-ferrari-sf90-spider-zff96nmaxp0294797-pJ8B7an/,Classic.com,ZFF96NMAXP0294797,SF90 Spider; 1k mi displayed; mileage blank (rounded Nk mi); Classic.com Last Asking (removed/sold without published sold price)
2026-07-08,last_ask,Ferrari,SF90,spider,2025,759991,,,"Houston, Texas, USA",2025 Ferrari SF90 Spider,https://www.classic.com/veh/2025-ferrari-sf90-spider-zff96nma1s0316971-nKx5ZXW/,Classic.com,ZFF96NMA1S0316971,SF90 Spider; 5k mi displayed; mileage blank (rounded Nk mi); Classic.com Last Asking (removed/sold without published sold price)
2026-07-07,last_ask,Ferrari,296,coupe,2024,319900,,901,"Torrance, California, USA",2024 Ferrari 296 GTB,https://www.classic.com/veh/2024-ferrari-296-gtb-zff99sla7r0312196-Wqyo6XW/,Classic.com,ZFF99SLA7R0312196,296 GTB; exact miles displayed: 901 mi; Classic.com Last Asking (removed/sold without published sold price)
2026-07-07,last_ask,Ferrari,458,spider,2015,399888,,,"Scottsdale, Arizona, USA",2015 Ferrari 458 Spider,https://www.classic.com/veh/2015-ferrari-458-spider-zff68nha9f0206683-pErQlD4/,Classic.com,ZFF68NHA9F0206683,458 Spider; 14k mi displayed; mileage blank (rounded Nk mi); Classic.com Last Asking (removed/sold without published sold price)
2026-07-07,last_ask,Ferrari,458,coupe,2014,431900,,,"Broward County, Florida, USA",2014 Ferrari 458 Italia,https://www.classic.com/veh/2014-ferrari-458-italia-rosso-scuderia-paint-nero-nlK6gd4/,Classic.com,,458 Italia/coupe; 3k mi displayed; mileage blank (rounded Nk mi); Classic.com Last Asking (removed/sold without published sold price)
2026-07-07,sold,Ferrari,488,spider,2018,,475000,,"Malibu, California, USA",2018 Ferrari 488 Spider,https://www.classic.com/veh/2018-ferrari-488-spider-zff80amaxj0232605-nmv782W/,Classic.com,ZFF80AMAXJ0232605,8k mi displayed; mileage blank (rounded Nk mi); auction sold
2026-07-07,off_market,Ferrari,F8,spider,2021,,,,"West Chicago, Illinois, USA",2021 Ferrari F8 Spider,https://www.classic.com/veh/2021-ferrari-f8-spider-zff93lma0m0261641-4y8VEdp/,Classic.com,ZFF93LMA0M0261641,F8 Spider; 10k mi displayed; mileage blank (rounded Nk mi); price undisclosed on Classic.com card; off_market/pending/undisclosed historical card; asking_price blank (not shown on card)
2026-07-07,last_ask,Ferrari,F8,coupe,2020,429996,,,"Charlotte, North Carolina, USA",2020 Ferrari F8 Tributo,https://www.classic.com/veh/2020-ferrari-f8-tributo-zff92lla8l0254195-nKxgvQW/,Classic.com,ZFF92LLA8L0254195,F8 Tributo/coupe; 10k mi displayed; mileage blank (rounded Nk mi); Classic.com Last Asking (removed/sold without published sold price)
2026-07-07,last_ask,Lamborghini,Gallardo,spider,2007,125950,,,"Beverly Hills, California, USA",2007 Lamborghini Gallardo Spyder,https://www.classic.com/veh/2007-lamborghini-gallardo-spyder-zhwgu22t67la05440-pGwdPPp/,Classic.com,ZHWGU22T67LA05440,Gallardo Spyder; 10k mi displayed; mileage blank (rounded Nk mi); Classic.com Last Asking (removed/sold without published sold price)
2026-07-07,off_market,Ferrari,SF90,spider,2025,,,949,"West Chicago, Illinois, USA",2025 Ferrari SF90 Spider,https://www.classic.com/veh/2025-ferrari-sf90-spider-zff96nma3s0312565-WxRGJB4/,Classic.com,ZFF96NMA3S0312565,SF90 Spider; exact miles displayed: 949 mi; price undisclosed on Classic.com card; off_market/pending/undisclosed historical card
2026-07-06,off_market,Ferrari,458,coupe,2012,,,,"Murrieta, CA, USA",2012 Ferrari 458 Italia,https://www.classic.com/veh/2012-ferrari-458-italia-zff67nfa9c0183021-WNV2OAW/,Classic.com,ZFF67NFA9C0183021,458 Italia/coupe; 23k mi displayed; mileage blank (rounded Nk mi); price undisclosed on Classic.com card; off_market/pending/undisclosed historical card; asking_price blank (not shown on card)
2026-07-06,last_ask,Ferrari,488,spider,2019,289994,,,"Saint Petersburg, Florida, USA",2019 Ferrari 488 Spider,https://www.classic.com/veh/2019-ferrari-488-spider-zff80ama3k0245486-4oMJmOW/,Classic.com,ZFF80AMA3K0245486,6k mi displayed; mileage blank (rounded Nk mi); Classic.com Last Asking (removed/sold without published sold price)
2026-07-06,last_ask,Ferrari,488,spider,2018,429900,,,"Norwood, Massachusetts, USA",2018 Ferrari 488 Spider Convertible,https://www.classic.com/veh/2018-ferrari-488-spider-convertible-zff80ama9j0234-pdQVkR4/,Classic.com,,2k mi displayed; mileage blank (rounded Nk mi); Classic.com Last Asking (removed/sold without published sold price)
2026-07-06,last_ask,Ferrari,F8,coupe,2021,449999,,,"Costa Mesa, California, USA",2021 Ferrari F8 Tributo,https://www.classic.com/veh/2021-ferrari-f8-tributo-zff92lla7m0259423-nBvMj9n/,Classic.com,ZFF92LLA7M0259423,F8 Tributo/coupe; 4k mi displayed; mileage blank (rounded Nk mi); Classic.com Last Asking (removed/sold without published sold price)
2026-07-05,last_ask,Ferrari,296,coupe,2022,279990,,,"Town of Cortlandt, New York, USA",2022 Ferrari 296 GTB,https://www.classic.com/veh/2022-ferrari-296-gtb-zff99sla4n0281497-nOERa2p/,Classic.com,ZFF99SLA4N0281497,296 GTB; 6k mi displayed; mileage blank (rounded Nk mi); Classic.com Last Asking (removed/sold without published sold price)
2026-07-05,last_ask,Ferrari,458,coupe,2015,1499890,,,"Saint Louis County, Missouri, USA",2015 Ferrari 458 Speciale,https://www.classic.com/veh/2015-ferrari-458-speciale-zff75vfa5f0207202-WNvlbPW/,Classic.com,ZFF75VFA5F0207202,458 Speciale; 1k mi displayed; mileage blank (rounded Nk mi); Classic.com Last Asking (removed/sold without published sold price)
2026-07-05,last_ask,McLaren,600LT,coupe,2019,249999,,,"New York, New York, USA",2019 McLaren 600LT,https://www.classic.com/veh/2019-mclaren-600lt-sbm13raa0kw008470-4MkDX2W/,Classic.com,SBM13RAA0KW008470,7k mi displayed; mileage blank (rounded Nk mi); Classic.com Last Asking (removed/sold without published sold price)
2026-07-05,last_ask,Lamborghini,Gallardo,coupe,2008,159995,,,"Houston, Texas, USA",2008 Lamborghini Gallardo,https://www.classic.com/veh/2008-lamborghini-gallardo-zhwgu43t18la06359-4DBvy8W/,Classic.com,ZHWGU43T18LA06359,Gallardo; 42k mi displayed; mileage blank (rounded Nk mi); Classic.com Last Asking (removed/sold without published sold price)
2026-07-05,last_ask,Ferrari,SF90,coupe,2023,439989,,,"Scottsdale, Arizona, USA",2023 Ferrari SF90 Stradale,https://www.classic.com/veh/2023-ferrari-sf90-stradale-zff95nla0p0294022-47JLVXp/,Classic.com,ZFF95NLA0P0294022,SF90 Stradale; 2k mi displayed; mileage blank (rounded Nk mi); Classic.com Last Asking (removed/sold without published sold price)
2026-07-05,last_ask,Ferrari,SF90,spider,2023,649900,,419,"Fort Lauderdale, Florida, USA",2023 Ferrari SF90 Spider,https://www.classic.com/veh/2023-ferrari-sf90-spider-zff96nma3p0297377-nl1eDdW/,Classic.com,ZFF96NMA3P0297377,SF90 Spider; exact miles displayed: 419 mi; Classic.com Last Asking (removed/sold without published sold price)
2026-07-05,last_ask,Ferrari,SF90,spider,2024,584999,,,"Costa Mesa, California, USA",2024 Ferrari SF90 Spider,https://www.classic.com/veh/2024-ferrari-sf90-spider-zff96nma1r0311649-WLONAEn/,Classic.com,ZFF96NMA1R0311649,SF90 Spider; 1k mi displayed; mileage blank (rounded Nk mi); Classic.com Last Asking (removed/sold without published sold price)
2026-07-04,last_ask,Ferrari,296,coupe,2024,309000,,,"Boynton Beach, Florida, USA",2024 Ferrari 296 GTB,https://www.classic.com/veh/2024-ferrari-296-gtb-zff99sla6r0309483-45a2JA4/,Classic.com,ZFF99SLA6R0309483,296 GTB; 1k mi displayed; mileage blank (rounded Nk mi); Classic.com Last Asking (removed/sold without published sold price)
2026-07-04,last_ask,Ferrari,296,coupe,2024,299100,,,"Fishers, Indiana, USA",2024 Ferrari 296 GTB,https://www.classic.com/veh/2024-ferrari-296-gtb-zff99sla0r0305848-4Av6ZMn/,Classic.com,ZFF99SLA0R0305848,296 GTB; 2k mi displayed; mileage blank (rounded Nk mi); Classic.com Last Asking (removed/sold without published sold price)
2026-07-04,last_ask,Ferrari,458,coupe,2015,389890,,,"Saint Louis County, Missouri, USA",2015 Ferrari 458 Italia,https://www.classic.com/veh/2015-ferrari-458-italia-zff67nfa2f0210032-pg9xQOn/,Classic.com,ZFF67NFA2F0210032,458 Italia/coupe; 11k mi displayed; mileage blank (rounded Nk mi); Classic.com Last Asking (removed/sold without published sold price)
2026-07-04,last_ask,Ferrari,488,coupe,2019,289997,,,"Miami, Florida, USA",2019 Ferrari 488 GTB,https://www.classic.com/veh/2019-ferrari-488-gtb-zff79ala6k0246408-pE1QeEp/,Classic.com,ZFF79ALA6K0246408,12k mi displayed; mileage blank (rounded Nk mi); Classic.com Last Asking (removed/sold without published sold price)
2026-07-04,last_ask,Ferrari,488,spider,2017,339995,,,"Downingtown, Pennsylvania, USA",2017 Ferrari 488 Spider,https://www.classic.com/veh/2017-ferrari-488-spider-zff80ama2h0221964-p6l9y3n/,Classic.com,ZFF80AMA2H0221964,18k mi displayed; mileage blank (rounded Nk mi); Classic.com Last Asking (removed/sold without published sold price)
2026-07-04,last_ask,Ferrari,F8,spider,2022,699999,,503,"Troy, Michigan, USA",2022 Ferrari F8 Spider,https://www.classic.com/veh/2022-ferrari-f8-spider-zff93lma8n0273814-WYDgMln/,Classic.com,ZFF93LMA8N0273814,F8 Spider; exact miles displayed: 503 mi; Classic.com Last Asking (removed/sold without published sold price)
2026-07-04,last_ask,Lamborghini,Revuelto,coupe,2025,659999,,,"Costa Mesa, California, USA",2025 Lamborghini Revuelto,https://www.classic.com/veh/2025-lamborghini-revuelto-zhwuc1zm9sla02085-p0KNGwW/,Classic.com,ZHWUC1ZM9SLA02085,Revuelto; 5k mi displayed; mileage blank (rounded Nk mi); Classic.com Last Asking (removed/sold without published sold price)
2026-07-03,last_ask,Ferrari,296,coupe,2023,331685,,999,"Naples, Florida, USA",2023 Ferrari 296 GTB,https://www.classic.com/veh/2023-ferrari-296-gtb-zff99sla6p0292567-4M6D9an/,Classic.com,ZFF99SLA6P0292567,296 GTB; exact miles displayed: 999 mi; Classic.com Last Asking (removed/sold without published sold price)
2026-07-03,last_ask,Ferrari,458,coupe,2011,451689,,,"West Palm Beach, Florida, USA",2011 Ferrari 458 Italia,https://www.classic.com/veh/2011-ferrari-458-italia-zff67nfa0b0180412-pJ8oddn/,Classic.com,ZFF67NFA0B0180412,458 Italia/coupe; 4k mi displayed; mileage blank (rounded Nk mi); Classic.com Last Asking (removed/sold without published sold price)
2026-07-03,last_ask,Ferrari,488,spider,2018,466089,,,"West Palm Beach, Florida, USA",2018 Ferrari 488 Spider,https://www.classic.com/veh/2018-ferrari-488-spider-zff80ama5j0235024-4ZmgPKp/,Classic.com,ZFF80AMA5J0235024,2k mi displayed; mileage blank (rounded Nk mi); Classic.com Last Asking (removed/sold without published sold price)
2026-07-03,last_ask,Ferrari,488,coupe,2018,339063,,,"Village of Spring Valley, New York, USA",2018 Ferrari 488 GTB,https://www.classic.com/veh/2018-ferrari-488-gtb-zff79alaxj0234471-WYDL8dn/,Classic.com,ZFF79ALAXJ0234471,4k mi displayed; mileage blank (rounded Nk mi); Classic.com Last Asking (removed/sold without published sold price)
2026-07-03,last_ask,Lamborghini,Gallardo,spider,2008,139988,,,"Mercer County, New Jersey, USA",2008 Lamborghini Gallardo Spyder,https://www.classic.com/veh/2008-lamborghini-gallardo-spyder-zhwgu22t88la07174-4VvroD4/,Classic.com,ZHWGU22T88LA07174,Gallardo Spyder; 13k mi displayed; mileage blank (rounded Nk mi); Classic.com Last Asking (removed/sold without published sold price)
2026-07-03,last_ask,Ferrari,SF90,spider,2024,659900,,79,"Fort Lauderdale, Florida, USA",2024 Ferrari SF90 Spider Assetto Fiorano,https://www.classic.com/veh/2024-ferrari-sf90-spider-assetto-fiorano-zff96nma3-4amPVO4/,Classic.com,,Assetto Fiorano; exact miles displayed: 79 mi; Classic.com Last Asking (removed/sold without published sold price)
2026-07-03,last_ask,Ferrari,SF90,coupe,2022,425000,,,"Torrance, California, USA",2022 Ferrari SF90 Stradale,https://www.classic.com/veh/2022-ferrari-sf90-stradale-zff95nla7n0280129-nXgv1Z4/,Classic.com,ZFF95NLA7N0280129,SF90 Stradale; 1k mi displayed; mileage blank (rounded Nk mi); Classic.com Last Asking (removed/sold without published sold price)
2026-07-03,last_ask,Ferrari,SF90,coupe,2022,441685,,,"Naples, Florida, USA",2022 Ferrari SF90 Stradale,https://www.classic.com/veh/2022-ferrari-sf90-stradale-zff95nla9n0270251-WjZrbJW/,Classic.com,ZFF95NLA9N0270251,SF90 Stradale; 8k mi displayed; mileage blank (rounded Nk mi); Classic.com Last Asking (removed/sold without published sold price)
2026-07-02,last_ask,Ferrari,296,coupe,2022,296900,,,"Charlotte, North Carolina, USA",2022 Ferrari 296 GTB Assetto Fiorano,https://www.classic.com/veh/2022-ferrari-296-gtb-assetto-fiorano-zff99sla6n028-nOjAOg4/,Classic.com,,296 GTB; 7k mi displayed; mileage blank (rounded Nk mi); Classic.com Last Asking (removed/sold without published sold price)
2026-07-02,last_ask,Ferrari,296,spider,2024,409000,,740,"Torrance, California, USA",2024 Ferrari 296 GTS,https://www.classic.com/veh/2024-ferrari-296-gts-zff01sma6r0308977-nwXY8vW/,Classic.com,ZFF01SMA6R0308977,296 GTS; exact miles displayed: 740 mi; Classic.com Last Asking (removed/sold without published sold price)
2026-07-02,last_ask,Ferrari,296,coupe,2023,289296,,,"Wilsonville, Oregon, USA",2023 Ferrari 296 GTB,https://www.classic.com/veh/2023-ferrari-296-gtb-zff99sla8p0294417-WYGGgv4/,Classic.com,ZFF99SLA8P0294417,296 GTB; 12k mi displayed; mileage blank (rounded Nk mi); Classic.com Last Asking (removed/sold without published sold price)
2026-07-02,last_ask,Ferrari,458,coupe,2012,368725,,,"Village of Spring Valley, New York, USA",2012 Ferrari 458 Italia,https://www.classic.com/veh/2012-ferrari-458-italia-zff67nfa6c0188032-nwON8ln/,Classic.com,ZFF67NFA6C0188032,458 Italia/coupe; 25k mi displayed; mileage blank (rounded Nk mi); Classic.com Last Asking (removed/sold without published sold price)
2026-07-02,last_ask,Ferrari,488,spider,2016,329990,,,"Carrollton, Texas, USA",2016 Ferrari 488 Spider,https://www.classic.com/veh/2016-ferrari-488-spider-zff80amaxg0219071-pdVLJwn/,Classic.com,ZFF80AMAXG0219071,16k mi displayed; mileage blank (rounded Nk mi); Classic.com Last Asking (removed/sold without published sold price)
2026-07-02,last_ask,Ferrari,488,coupe,2017,309063,,,"Village of Spring Valley, New York, USA",2017 Ferrari 488 GTB,https://www.classic.com/veh/2017-ferrari-488-gtb-zff79ala3h0223483-WY2PXAp/,Classic.com,ZFF79ALA3H0223483,15k mi displayed; mileage blank (rounded Nk mi); Classic.com Last Asking (removed/sold without published sold price)
2026-07-02,last_ask,McLaren,600LT,spider,2020,219000,,,"Canton, Ohio, USA",2020 McLaren 600LT Spider,https://www.classic.com/veh/2020-mclaren-600lt-spider-sbm13saa4lw008416-p0OK3rW/,Classic.com,SBM13SAA4LW008416,25k mi displayed; mileage blank (rounded Nk mi); Classic.com Last Asking (removed/sold without published sold price)
2026-07-02,last_ask,Ferrari,F8,coupe,2021,399995,,,"Zionsville, Indiana, USA",2021 Ferrari F8 Tributo,https://www.classic.com/veh/2021-ferrari-f8-tributo-zff92lla8m0259432-4Z2OZK4/,Classic.com,ZFF92LLA8M0259432,F8 Tributo/coupe; 8k mi displayed; mileage blank (rounded Nk mi); Classic.com Last Asking (removed/sold without published sold price)
2026-07-02,last_ask,Ferrari,F8,spider,2022,509990,,,"Newport Beach, California, USA",2022 Ferrari F8 Spider,https://www.classic.com/veh/2022-ferrari-f8-spider-zff93lma3n0274532-WLVm8N4/,Classic.com,ZFF93LMA3N0274532,F8 Spider; 9k mi displayed; mileage blank (rounded Nk mi); Classic.com Last Asking (removed/sold without published sold price)
2026-07-02,last_ask,Ford,GT,coupe,2006,729840,,,"Carrollton, Texas, USA",2006 Ford GT,https://www.classic.com/veh/2006-ford-gt-1fafp90s26y401366-p6zXqLp/,Classic.com,1FAFP90S26Y401366,Ford GT Gen1; 5k mi displayed; mileage blank (rounded Nk mi); Classic.com Last Asking (removed/sold without published sold price)
2026-07-02,last_ask,Lamborghini,Gallardo,spider,2007,119900,,,"Orange County, California, USA",2007 Lamborghini Gallardo Spyder,https://www.classic.com/veh/2007-lamborghini-gallardo-spyder-conv-zhwgu22t27la-pJGP1G4/,Classic.com,,Gallardo Spyder; 10k mi displayed; mileage blank (rounded Nk mi); Classic.com Last Asking (removed/sold without published sold price)
2026-07-02,last_ask,Lamborghini,Huracan_Performante,coupe,2018,406212,,,"West Chicago, Illinois, USA",2018 Lamborghini Huracan LP640-4 Performante,https://www.classic.com/veh/2018-lamborghini-huracan-lp640-4-performante-zhwud-4oGJyJ4/,Classic.com,,Huracán Performante; 11k mi displayed; mileage blank (rounded Nk mi); Classic.com Last Asking (removed/sold without published sold price)
2026-07-02,last_ask,Lamborghini,Revuelto,coupe,2024,651589,,,"West Palm Beach, Florida, USA",2024 Lamborghini Revuelto,https://www.classic.com/veh/2024-lamborghini-revuelto-zhwuc1zm1rla00387-pGXgY24/,Classic.com,ZHWUC1ZM1RLA00387,Revuelto; 2k mi displayed; mileage blank (rounded Nk mi); Classic.com Last Asking (removed/sold without published sold price)
2026-07-02,last_ask,Ferrari,SF90,coupe,2023,445990,,,"Newport Beach, California, USA",2023 Ferrari SF90 Stradale,https://www.classic.com/veh/2023-ferrari-sf90-stradale-zff95nla0p0295851-4y571g4/,Classic.com,ZFF95NLA0P0295851,SF90 Stradale; 1k mi displayed; mileage blank (rounded Nk mi); Classic.com Last Asking (removed/sold without published sold price)
2026-07-01,sold,Ferrari,296,coupe,2024,,331500,476,"Town of North Salem, New York, USA",2024 Ferrari 296 GTB,https://www.classic.com/veh/2024-ferrari-296-gtb-zff99sla3r0311031-WbKPkXp/,Classic.com,ZFF99SLA3R0311031,296 GTB; exact miles displayed: 476 mi; auction sold
2026-07-01,last_ask,Ferrari,296,spider,2025,404999,,618,"San Diego, California, USA",2025 Ferrari 296 GTS,https://www.classic.com/veh/2025-ferrari-296-gts-zff01sma3s0324463-nQdgRq4/,Classic.com,ZFF01SMA3S0324463,296 GTS; exact miles displayed: 618 mi; Classic.com Last Asking (removed/sold without published sold price)
2026-07-01,last_ask,Ferrari,296,coupe,2025,349000,,,"Newport Beach, California, USA",2025 Ferrari 296 GTB,https://www.classic.com/veh/2025-ferrari-296-gtb-zff99sla1s0315326-WY2VOdp/,Classic.com,ZFF99SLA1S0315326,296 GTB; 1k mi displayed; mileage blank (rounded Nk mi); Classic.com Last Asking (removed/sold without published sold price)
2026-07-01,last_ask,Ferrari,296,coupe,2025,341900,,134,"Scottsdale, Arizona, USA",2025 Ferrari 296 GTB,https://www.classic.com/veh/2025-ferrari-296-gtb-zff99sla5s0321193-n1yYBGn/,Classic.com,ZFF99SLA5S0321193,296 GTB; exact miles displayed: 134 mi; Classic.com Last Asking (removed/sold without published sold price)
2026-07-01,last_ask,Ferrari,296,coupe,2024,339995,,,"Newtown Township, Pennsylvania, USA",2024 Ferrari 296 GTB Coupe,https://www.classic.com/veh/2024-ferrari-296-gtb-assetto-fiorano-zff99sla9r030-nlK5MJ4/,Classic.com,,296 GTB; 2k mi displayed; mileage blank (rounded Nk mi); Classic.com Last Asking (removed/sold without published sold price)
2026-07-01,last_ask,Ferrari,296,coupe,2024,299900,,,"Scottsdale, Arizona, USA",2024 Ferrari 296 GTB,https://www.classic.com/veh/2024-ferrari-296-gtb-zff99sla8r0301305-nlKbDQ4/,Classic.com,ZFF99SLA8R0301305,296 GTB; 6k mi displayed; mileage blank (rounded Nk mi); Classic.com Last Asking (removed/sold without published sold price)
2026-07-01,last_ask,Ferrari,488,coupe,2018,283000,,,"Newport Beach, California, USA",2018 Ferrari 488 GTB,https://www.classic.com/veh/2018-ferrari-488-gtb-zff79ala0j0232258-pP37gNW/,Classic.com,ZFF79ALA0J0232258,14k mi displayed; mileage blank (rounded Nk mi); Classic.com Last Asking (removed/sold without published sold price)
2026-07-01,last_ask,McLaren,Artura,spider,2026,333505,,21,"Newtown Township, Pennsylvania, USA",2026 McLaren Artura Spider,https://www.classic.com/veh/2026-mclaren-artura-spider-sbm16bea5tw004487-4AaQ0q4/,Classic.com,SBM16BEA5TW004487,Artura Spider; exact miles displayed: 21 mi; Classic.com Last Asking (removed/sold without published sold price)
2026-07-01,last_ask,McLaren,Artura,coupe,2025,326013,,21,"Newtown Township, Pennsylvania, USA",2025 McLaren Artura,https://www.classic.com/veh/2025-mclaren-artura-sbm16bea9sw003647-nKxZlRW/,Classic.com,SBM16BEA9SW003647,Artura; exact miles displayed: 21 mi; Classic.com Last Asking (removed/sold without published sold price)
2026-07-01,sold,Ferrari,F8,coupe,2021,,405000,920,"Winter Park, Florida, USA",2021 Ferrari F8 Tributo,https://www.classic.com/veh/2021-ferrari-f8-tributo-zff92lla9m0263313-p0r2dyn/,Classic.com,ZFF92LLA9M0263313,F8 Tributo/coupe; exact miles displayed: 920 mi; auction sold
2026-07-01,off_market,Ferrari,F8,coupe,2020,,,,"West Chicago, Illinois, USA",2020 Ferrari F8 Tributo,https://www.classic.com/veh/2020-ferrari-f8-tributo-zff92lla1l0258766-WbKR0Xp/,Classic.com,ZFF92LLA1L0258766,F8 Tributo/coupe; 13k mi displayed; mileage blank (rounded Nk mi); price undisclosed on Classic.com card; off_market/pending/undisclosed historical card; asking_price blank (not shown on card)
2026-07-01,off_market,Ford,GT,coupe,2006,,,,"Emeryville, California, USA",2006 Ford GT,https://www.classic.com/veh/2006-ford-gt-1fafp90s86y400965-nQBjGrW/,Classic.com,1FAFP90S86Y400965,Ford GT Gen1; 3k mi displayed; mileage blank (rounded Nk mi); price undisclosed on Classic.com card; off_market/pending/undisclosed historical card; asking_price blank (not shown on card)
2026-07-01,last_ask,Lamborghini,Murcielago,coupe,2005,800212,,,"Naperville, IL, USA",2005 Lamborghini Murcielago Manual,https://www.classic.com/veh/2005-lamborghini-murcielago-manual-zhwbu16m05la013-pGVZ7AW/,Classic.com,,Murcielago; 14k mi displayed; mileage blank (rounded Nk mi); Classic.com Last Asking (removed/sold without published sold price)
2026-07-01,last_ask,Lamborghini,Revuelto,coupe,2024,639999,,,"New York, New York, USA",2024 Lamborghini Revuelto,https://www.classic.com/veh/2024-lamborghini-revuelto-zhwuc1zm3rla01444-pgJZQvW/,Classic.com,ZHWUC1ZM3RLA01444,Revuelto; 6k mi displayed; mileage blank (rounded Nk mi); Classic.com Last Asking (removed/sold without published sold price)
2026-07-01,last_ask,Lamborghini,Revuelto,coupe,2024,655900,,,"Newtown Township, Pennsylvania, USA",2024 Lamborghini Revuelto Coupe,https://www.classic.com/veh/2024-lamborghini-revuelto-zhwuc1zm5rla00263-WRdDPr4/,Classic.com,ZHWUC1ZM5RLA00263,Revuelto; 2k mi displayed; mileage blank (rounded Nk mi); Classic.com Last Asking (removed/sold without published sold price)
2026-07-01,last_ask,Ferrari,SF90,coupe,2022,434063,,760,"Village of Spring Valley, New York, USA",2022 Ferrari SF90 Stradale,https://www.classic.com/veh/2022-ferrari-sf90-stradale-zff95nla3n0276286-nQdxYe4/,Classic.com,ZFF95NLA3N0276286,SF90 Stradale; exact miles displayed: 760 mi; Classic.com Last Asking (removed/sold without published sold price)
2026-07-01,last_ask,Ferrari,SF90,coupe,2022,444485,,667,"Palm Harbor, Florida, USA",2022 Ferrari SF90 Stradale,https://www.classic.com/veh/2022-ferrari-sf90-stradale-zff95nla8n0272637-4amGRM4/,Classic.com,ZFF95NLA8N0272637,SF90 Stradale; exact miles displayed: 667 mi; Classic.com Last Asking (removed/sold without published sold price)
2026-06-30,last_ask,Ferrari,296,coupe,2023,279900,,,"Roswell, Georgia, USA",2023 Ferrari 296 GTB Coupe,https://www.classic.com/veh/2023-ferrari-296-gtb-zff99sla7p0290844-pGXLDb4/,Classic.com,ZFF99SLA7P0290844,296 GTB; 1k mi displayed; mileage blank (rounded Nk mi); Classic.com Last Asking (removed/sold without published sold price)
2026-06-30,last_ask,Ferrari,458,coupe,2011,299995,,,"Tampa, Florida, USA",2011 Ferrari 458 Italia,https://www.classic.com/veh/2011-ferrari-458-italia-zff67nfa6b0177-4rO3rMn/,Classic.com,,458 Italia/coupe; 27k mi displayed; mileage blank (rounded Nk mi); Classic.com Last Asking (removed/sold without published sold price)
2026-06-30,last_ask,McLaren,600LT,coupe,2019,264995,,,"Tampa, Florida, USA",2019 McLaren 600LT Coupe,https://www.classic.com/veh/2019-mclaren-600lt-coupe-sbm13raa5kw006777-nK6NKQ4/,Classic.com,SBM13RAA5KW006777,4k mi displayed; mileage blank (rounded Nk mi); Classic.com Last Asking (removed/sold without published sold price)
2026-06-30,last_ask,McLaren,765LT,spider,2022,639990,,,"Portland, Oregon, USA",2022 McLaren 765LT Spider,https://www.classic.com/veh/2022-mclaren-765lt-spider-sbm14sca9nw765731-pJRDPgp/,Classic.com,SBM14SCA9NW765731,10k mi displayed; mileage blank (rounded Nk mi); Classic.com Last Asking (removed/sold without published sold price)
2026-06-30,off_market,Ferrari,F8,spider,2023,,,955,"Fort Lauderdale, Florida, USA",2023 Ferrari F8 Spider,https://www.classic.com/veh/2023-ferrari-f8-spider-zff93lma0p0290531-4Dywd2n/,Classic.com,ZFF93LMA0P0290531,F8 Spider; exact miles displayed: 955 mi; price undisclosed on Classic.com card; off_market/pending/undisclosed historical card; asking_price blank (not shown on card)
2026-06-30,last_ask,Ferrari,F8,spider,2022,899999,,,"Costa Mesa, California, USA",2022 Ferrari F8 Spider Novitec N-Largo,https://www.classic.com/veh/2022-ferrari-f8-spider-novitec-n-largo-zff93lma5n0-WLZPvE4/,Classic.com,,F8 Spider; 1k mi displayed; mileage blank (rounded Nk mi); Classic.com Last Asking (removed/sold without published sold price)
2026-06-30,last_ask,Lamborghini,Huracan_STO,coupe,2022,448999,,,"Costa Mesa, California, USA",2022 Lamborghini Huracan STO,https://www.classic.com/veh/2022-lamborghini-huracan-sto-zhwua6zx1nla18234-4rGK55n/,Classic.com,ZHWUA6ZX1NLA18234,Huracán STO; 5k mi displayed; mileage blank (rounded Nk mi); Classic.com Last Asking (removed/sold without published sold price)
2026-06-30,off_market,Lamborghini,Revuelto,coupe,2026,,,43,"West Palm Beach, Florida, USA",2026 Lamborghini Revuelto,https://www.classic.com/veh/2026-lamborghini-revuelto-zhwuc1zm1tla04298-p0KDqPW/,Classic.com,ZHWUC1ZM1TLA04298,Revuelto; exact miles displayed: 43 mi; price undisclosed on Classic.com card; off_market/pending/undisclosed historical card
2026-06-29,last_ask,Ferrari,296,coupe,2024,349888,,430,"Edison, New Jersey, USA",2024 Ferrari 296 GTB Assetto Fiorano,https://www.classic.com/veh/2024-ferrari-296-gtb-assetto-fiorano-zff99slaxr030-nQdO3g4/,Classic.com,,296 GTB; exact miles displayed: 430 mi; Classic.com Last Asking (removed/sold without published sold price)
2026-06-29,last_ask,Ferrari,488,coupe,2018,374900,,479,"Fort Lauderdale, Florida, USA",2018 Ferrari 488 GTB,https://www.classic.com/veh/2018-ferrari-488-gtb-zff79alaxj0228847-WR3zMGp/,Classic.com,ZFF79ALAXJ0228847,exact miles displayed: 479 mi; Classic.com Last Asking (removed/sold without published sold price)
2026-06-29,last_ask,Ferrari,488,spider,2017,469900,,,"Norwood, Massachusetts, USA",2017 Ferrari 488 Spider Convertible,https://www.classic.com/veh/2017-ferrari-488-spider-convertible-zff80ama8h0226-4DBQZjW/,Classic.com,,4k mi displayed; mileage blank (rounded Nk mi); Classic.com Last Asking (removed/sold without published sold price)
2026-06-29,last_ask,Ferrari,F8,coupe,2021,385000,,,"Fort Lauderdale, Florida, USA",2021 Ferrari F8 Tributo,https://www.classic.com/veh/2021-ferrari-f8-tributo-zff92lla2m0263136-p6v2ZVp/,Classic.com,ZFF92LLA2M0263136,F8 Tributo/coupe; 5k mi displayed; mileage blank (rounded Nk mi); Classic.com Last Asking (removed/sold without published sold price)
2026-06-29,last_ask,Ferrari,F8,spider,2022,475388,,,"Marysville, Ohio, USA",2022 Ferrari F8 Spider,https://www.classic.com/veh/2022-ferrari-f8-spider-zff93lma6n0273777-WLVDED4/,Classic.com,ZFF93LMA6N0273777,F8 Spider; 10k mi displayed; mileage blank (rounded Nk mi); Classic.com Last Asking (removed/sold without published sold price)
2026-06-29,last_ask,Ferrari,F8,spider,2022,649999,,,"Costa Mesa, California, USA",2022 Ferrari F8 Spider,https://www.classic.com/veh/2022-ferrari-f8-spider-zff93lma5n0279652-nQd7Mw4/,Classic.com,ZFF93LMA5N0279652,F8 Spider; 5k mi displayed; mileage blank (rounded Nk mi); Classic.com Last Asking (removed/sold without published sold price)
2026-06-29,last_ask,Ferrari,SF90,coupe,2021,414988,,,"Edison, New Jersey, USA",2021 Ferrari SF90 Stradale,https://www.classic.com/veh/2021-ferrari-sf90-stradale-zff95nlaxm0263968-4y8mxqp/,Classic.com,ZFF95NLAXM0263968,SF90 Stradale; 5k mi displayed; mileage blank (rounded Nk mi); Classic.com Last Asking (removed/sold without published sold price)
2026-06-29,last_ask,Ferrari,SF90,spider,2023,564890,,,"Saint Louis County, Missouri, USA",2023 Ferrari SF90 Spider,https://www.classic.com/veh/2023-ferrari-sf90-spider-zff96nma6p0289984-WLREaN4/,Classic.com,ZFF96NMA6P0289984,SF90 Spider; 1k mi displayed; mileage blank (rounded Nk mi); Classic.com Last Asking (removed/sold without published sold price)
2026-06-28,last_ask,Ferrari,296,spider,2023,369999,,,"New York, New York, USA",2023 Ferrari 296 GTS Assetto Fiorano,https://www.classic.com/veh/2023-ferrari-296-gts-assetto-fiorano-zff01sma3p029-4M0lbMp/,Classic.com,,296 GTS; 7k mi displayed; mileage blank (rounded Nk mi); Classic.com Last Asking (removed/sold without published sold price)
2026-06-28,last_ask,Ferrari,296,coupe,2024,319685,,,"Naples, Florida, USA",2024 Ferrari 296 GTB,https://www.classic.com/veh/2024-ferrari-296-gtb-zff99sla5r0301665-WRdXNw4/,Classic.com,ZFF99SLA5R0301665,296 GTB; 2k mi displayed; mileage blank (rounded Nk mi); Classic.com Last Asking (removed/sold without published sold price)
2026-06-28,last_ask,Ferrari,458,spider,2014,467685,,,"Naples, Florida, USA",2014 Ferrari 458 Spider,https://www.classic.com/veh/2014-ferrari-458-spider-zff68nha8e0202963-Wvxv854/,Classic.com,ZFF68NHA8E0202963,458 Spider; 6k mi displayed; mileage blank (rounded Nk mi); Classic.com Last Asking (removed/sold without published sold price)
2026-06-28,last_ask,Ferrari,488,spider,2018,379628,,,"Charlotte, North Carolina, USA",2018 Ferrari 488 Spider,https://www.classic.com/veh/2018-ferrari-488-spider-zff80ama6j0237378-WR8A1J4/,Classic.com,ZFF80AMA6J0237378,7k mi displayed; mileage blank (rounded Nk mi); Classic.com Last Asking (removed/sold without published sold price)
2026-06-28,last_ask,Ferrari,488,spider,2017,239000,,,"Scottsdale, Arizona, USA",2017 Ferrari 488 Spider,https://www.classic.com/veh/2017-ferrari-488-spider-zff80ama2h0221740-n36KxQ4/,Classic.com,ZFF80AMA2H0221740,86k mi displayed; mileage blank (rounded Nk mi); Classic.com Last Asking (removed/sold without published sold price)
2026-06-28,last_ask,Ferrari,F8,spider,2022,445900,,,"Roswell, Georgia, USA",2022 Ferrari F8 Spider Convertible,https://www.classic.com/veh/2022-ferrari-f8-spider-zff93lma1n0278384-Wj3D2dp/,Classic.com,ZFF93LMA1N0278384,F8 Spider; 2k mi displayed; mileage blank (rounded Nk mi); Classic.com Last Asking (removed/sold without published sold price)
2026-06-28,last_ask,Ferrari,F8,coupe,2021,429970,,,"Village of Spring Valley, New York, USA",2021 Ferrari F8 Tributo,https://www.classic.com/veh/2021-ferrari-f8-tributo-zff92lla2m0267607-WxyAMRp/,Classic.com,ZFF92LLA2M0267607,F8 Tributo/coupe; 3k mi displayed; mileage blank (rounded Nk mi); Classic.com Last Asking (removed/sold without published sold price)
2026-06-28,last_ask,Ferrari,F8,spider,2023,549970,,,"Village of Spring Valley, New York, USA",2023 Ferrari F8 Spider,https://www.classic.com/veh/2023-ferrari-f8-spider-zff93lma6p0292168-n25ly14/,Classic.com,ZFF93LMA6P0292168,F8 Spider; 4k mi displayed; mileage blank (rounded Nk mi); Classic.com Last Asking (removed/sold without published sold price)
2026-06-28,last_ask,Lamborghini,Gallardo,coupe,2013,139990,,,"Fort Collins, Colorado, USA",2013 Lamborghini Gallardo LP560-4 Coupe,https://www.classic.com/veh/2013-lamborghini-gallardo-lp560-4-coupe-zhwgu5au4d-Wj1k2qn/,Classic.com,,Gallardo; 32k mi displayed; mileage blank (rounded Nk mi); Classic.com Last Asking (removed/sold without published sold price)
2026-06-28,last_ask,Lamborghini,Huracan_STO,coupe,2022,429996,,,"Charlotte, North Carolina, USA",2022 Lamborghini Huracan STO,https://www.classic.com/veh/2022-lamborghini-huracan-sto-zhwua6zx1nla21134-WLO95Dn/,Classic.com,ZHWUA6ZX1NLA21134,Huracán STO; 10k mi displayed; mileage blank (rounded Nk mi); Classic.com Last Asking (removed/sold without published sold price)
2026-06-28,last_ask,Lamborghini,Revuelto,coupe,2024,679999,,,"New York, New York, USA",2024 Lamborghini Revuelto,https://www.classic.com/veh/2024-lamborghini-revuelto-zhwuc1zm2rla01029-p6vZVGp/,Classic.com,ZHWUC1ZM2RLA01029,Revuelto; 1k mi displayed; mileage blank (rounded Nk mi); Classic.com Last Asking (removed/sold without published sold price)
2026-06-28,last_ask,Lamborghini,Revuelto,coupe,2024,660286,,931,"Fort Lauderdale, Florida, USA",2024 Lamborghini Revuelto,https://www.classic.com/veh/2024-lamborghini-revuelto-zhwuc1zm7rla00572-WNG9Pdp/,Classic.com,ZHWUC1ZM7RLA00572,Revuelto; exact miles displayed: 931 mi; Classic.com Last Asking (removed/sold without published sold price)
2026-06-28,last_ask,Ferrari,SF90,spider,2023,599985,,627,"Palm Harbor, Florida, USA",2023 Ferrari SF90 Spider Assetto Fiorano,https://www.classic.com/veh/2023-ferrari-sf90-spider-assetto-fiorano-zff96nma9-4ag2VMW/,Classic.com,,Assetto Fiorano; exact miles displayed: 627 mi; Classic.com Last Asking (removed/sold without published sold price)
2026-06-27,last_ask,Ferrari,296,spider,2024,409900,,281,"Fort Lauderdale, Florida, USA",2024 Ferrari 296 GTS,https://www.classic.com/veh/2024-ferrari-296-gts-zff01sma2r0310175-nwGDJ3n/,Classic.com,ZFF01SMA2R0310175,296 GTS; exact miles displayed: 281 mi; Classic.com Last Asking (removed/sold without published sold price)
2026-06-27,last_ask,Ferrari,458,spider,2012,499890,,,"Saint Louis County, Missouri, USA",2012 Ferrari 458 Spider,https://www.classic.com/veh/2012-ferrari-458-spider-zff68nha7c0188745-M4DOAjp/,Classic.com,ZFF68NHA7C0188745,458 Spider; 1k mi displayed; mileage blank (rounded Nk mi); Classic.com Last Asking (removed/sold without published sold price)
2026-06-27,last_ask,McLaren,600LT,coupe,2019,239977,,,"San Juan, Texas, USA",2019 McLaren 600LT Coupe,https://www.classic.com/veh/2019-mclaren-600lt-coupe-sbm13raa4kw008567-n83dwL4/,Classic.com,SBM13RAA4KW008567,12k mi displayed; mileage blank (rounded Nk mi); Classic.com Last Asking (removed/sold without published sold price)
2026-06-27,last_ask,Lamborghini,Gallardo,spider,2007,99990,,,"Powell, Ohio, USA",2007 Lamborghini Gallardo Spyder,https://www.classic.com/veh/2007-lamborghini-gallardo-spyder-zhwgu22t07la04588-Wj3EMwp/,Classic.com,ZHWGU22T07LA04588,Gallardo Spyder; 31k mi displayed; mileage blank (rounded Nk mi); Classic.com Last Asking (removed/sold without published sold price)
2026-06-27,last_ask,Lamborghini,Gallardo,coupe,2012,159950,,,"Boynton Beach, Florida, USA",2012 Lamborghini Gallardo LP550-2,https://www.classic.com/veh/2012-lamborghini-gallardo-lp550-2-zhwgu6bz4cla1183-4yoNaLW/,Classic.com,,Gallardo; 40k mi displayed; mileage blank (rounded Nk mi); Classic.com Last Asking (removed/sold without published sold price)
2026-06-27,last_ask,Ferrari,SF90,coupe,2022,459970,,,"Village of Spring Valley, New York, USA",2022 Ferrari SF90 Stradale,https://www.classic.com/veh/2022-ferrari-sf90-stradale-zff95nlaxn0277533-nXNAKZp/,Classic.com,ZFF95NLAXN0277533,SF90 Stradale; 1k mi displayed; mileage blank (rounded Nk mi); Classic.com Last Asking (removed/sold without published sold price)
2026-06-26,last_ask,Ferrari,488,spider,2018,279900,,,"Palm Beach County, Florida, USA",2018 Ferrari 488 Spider,https://www.classic.com/veh/2018-ferrari-488-spider-base-zff80amaxj0235052-nOEvAgp/,Classic.com,ZFF80AMAXJ0235052,29k mi displayed; mileage blank (rounded Nk mi); Classic.com Last Asking (removed/sold without published sold price)
2026-06-26,last_ask,Ferrari,488,coupe,2017,279995,,,"Charlotte, North Carolina, USA",2017 Ferrari 488 GTB,https://www.classic.com/veh/2017-ferrari-488-gtb-zff79ala7h0222157-WR8gR04/,Classic.com,ZFF79ALA7H0222157,22k mi displayed; mileage blank (rounded Nk mi); Classic.com Last Asking (removed/sold without published sold price)
2026-06-26,off_market,Ferrari,488,spider,2018,,,,"Naples, Florida, USA",2018 Ferrari 488 Spider,https://www.classic.com/veh/2018-ferrari-488-spider-zff80ama6j0231337-nQYZVwn/,Classic.com,ZFF80AMA6J0231337,5k mi displayed; mileage blank (rounded Nk mi); price undisclosed on Classic.com card; off_market/pending/undisclosed historical card; asking_price blank (not shown on card)
2026-06-26,last_ask,McLaren,600LT,coupe,2019,219996,,,"Charlotte, North Carolina, USA",2019 McLaren 600LT Coupe,https://www.classic.com/veh/2019-mclaren-600lt-coupe-sbm13raa8kw006997-4aLQZxp/,Classic.com,SBM13RAA8KW006997,28k mi displayed; mileage blank (rounded Nk mi); Classic.com Last Asking (removed/sold without published sold price)
2026-06-26,last_ask,Ferrari,F8,coupe,2022,434800,,446,"Bellevue, Washington, USA",2022 Ferrari F8 Tributo,https://www.classic.com/veh/2022-ferrari-f8-tributo-zff92lla2n0278740-pdQLR74/,Classic.com,ZFF92LLA2N0278740,F8 Tributo/coupe; exact miles displayed: 446 mi; Classic.com Last Asking (removed/sold without published sold price)
2026-06-26,last_ask,Ferrari,F8,spider,2021,460111,,,"Charlotte, North Carolina, USA",2021 Ferrari F8 Spider,https://www.classic.com/veh/2021-ferrari-f8-spider-zff93lma6m0267475-4V23Ad4/,Classic.com,ZFF93LMA6M0267475,F8 Spider; 4k mi displayed; mileage blank (rounded Nk mi); Classic.com Last Asking (removed/sold without published sold price)
2026-06-26,last_ask,Ferrari,F8,coupe,2020,351732,,,"Charlotte, North Carolina, USA",2020 Ferrari F8 Tributo,https://www.classic.com/veh/2020-ferrari-f8-tributo-zff92lla0l0257639-WxZEmJ4/,Classic.com,ZFF92LLA0L0257639,F8 Tributo/coupe; 20k mi displayed; mileage blank (rounded Nk mi); Classic.com Last Asking (removed/sold without published sold price)
2026-06-26,last_ask,Ferrari,F8,coupe,2021,439999,,,"Costa Mesa, California, USA",2021 Ferrari F8 Tributo,https://www.classic.com/veh/2021-ferrari-f8-tributo-zff92lla7m0267425-WYDoadn/,Classic.com,ZFF92LLA7M0267425,F8 Tributo/coupe; 7k mi displayed; mileage blank (rounded Nk mi); Classic.com Last Asking (removed/sold without published sold price)
2026-06-26,last_ask,Ferrari,F8,spider,2021,489090,,,"Greensboro, North Carolina, USA",2021 Ferrari F8 Spider,https://www.classic.com/veh/2021-ferrari-f8-spider-zff93lma0m0268301-4DB3klW/,Classic.com,ZFF93LMA0M0268301,F8 Spider; 8k mi displayed; mileage blank (rounded Nk mi); Classic.com Last Asking (removed/sold without published sold price)
2026-06-26,last_ask,Ferrari,SF90,coupe,2023,459900,,877,"Scottsdale, Arizona, USA",2023 Ferrari SF90 Stradale,https://www.classic.com/veh/2023-ferrari-sf90-stradale-zff95nla5p0297062-nQZdqZW/,Classic.com,ZFF95NLA5P0297062,SF90 Stradale; exact miles displayed: 877 mi; Classic.com Last Asking (removed/sold without published sold price)
2026-06-25,last_ask,Ferrari,296,coupe,2023,299900,,,"Addison, Texas, USA",2023 Ferrari 296 GTB,https://www.classic.com/veh/2023-ferrari-296-gtb-zff99sla0p0296971-p0oKMyW/,Classic.com,ZFF99SLA0P0296971,296 GTB; 2k mi displayed; mileage blank (rounded Nk mi); Classic.com Last Asking (removed/sold without published sold price)
2026-06-25,last_ask,Ferrari,296,coupe,2022,299800,,,"Houston, Texas, USA",2022 Ferrari 296 GTB,https://www.classic.com/veh/2022-ferrari-296-gtb-zff99sla8n0288081-pJQwjgW/,Classic.com,ZFF99SLA8N0288081,296 GTB; 3k mi displayed; mileage blank (rounded Nk mi); Classic.com Last Asking (removed/sold without published sold price)
2026-06-25,last_ask,Ferrari,296,spider,2025,404500,,623,"Roswell, Georgia, USA",2025 Ferrari 296 GTS,https://www.classic.com/veh/2025-ferrari-296-gts-zff01sma1s0317799-pJ8LDKn/,Classic.com,ZFF01SMA1S0317799,296 GTS; exact miles displayed: 623 mi; Classic.com Last Asking (removed/sold without published sold price)
2026-06-25,last_ask,Ferrari,296,spider,2025,431999,,43,"Broward County, Florida, USA",2025 Ferrari 296 GTS,https://www.classic.com/veh/2025-ferrari-296-gts-zff01sma2s0317455-nO8Z02W/,Classic.com,ZFF01SMA2S0317455,296 GTS; exact miles displayed: 43 mi; Classic.com Last Asking (removed/sold without published sold price)
2026-06-25,last_ask,Ferrari,296,spider,2024,414990,,,"Roswell, Georgia, USA",2024 Ferrari 296 GTS,https://www.classic.com/veh/2024-ferrari-296-gts-zff01sma9r0312215-n2QYX64/,Classic.com,ZFF01SMA9R0312215,296 GTS; 3k mi displayed; mileage blank (rounded Nk mi); Classic.com Last Asking (removed/sold without published sold price)
2026-06-25,last_ask,Ferrari,458,coupe,2013,401689,,,"West Palm Beach, Florida, USA",2013 Ferrari 458 Italia,https://www.classic.com/veh/2013-ferrari-458-italia-zff67nfa4d0190735-WqabobW/,Classic.com,ZFF67NFA4D0190735,458 Italia/coupe; 11k mi displayed; mileage blank (rounded Nk mi); Classic.com Last Asking (removed/sold without published sold price)
2026-06-25,last_ask,Ferrari,488,spider,2019,371689,,,"West Palm Beach, Florida, USA",2019 Ferrari 488 Spider,https://www.classic.com/veh/2019-ferrari-488-spider-zff80ama5k0241259-pEjKOe4/,Classic.com,ZFF80AMA5K0241259,11k mi displayed; mileage blank (rounded Nk mi); Classic.com Last Asking (removed/sold without published sold price)
2026-06-25,last_ask,Ferrari,488,spider,2018,324900,,,"Addison, Texas, USA",2018 Ferrari 488 Spider,https://www.classic.com/veh/2018-ferrari-488-spider-zff80ama2j0230637-45ek7A4/,Classic.com,ZFF80AMA2J0230637,12k mi displayed; mileage blank (rounded Nk mi); Classic.com Last Asking (removed/sold without published sold price)
2026-06-25,last_ask,McLaren,600LT,coupe,2020,231800,,,"Westmont, Illinois, USA",2020 McLaren 600LT,https://www.classic.com/veh/2020-mclaren-600lt-sbm13saa3lw008231-nK6Ym74/,Classic.com,SBM13SAA3LW008231,11k mi displayed; mileage blank (rounded Nk mi); Classic.com Last Asking (removed/sold without published sold price)
2026-06-25,last_ask,McLaren,765LT,coupe,2021,675000,,,"Boca Raton, Florida, USA",2021 McLaren 765LT Base,https://www.classic.com/veh/2021-mclaren-765lt-base-sbm14rca0mw006327-n3el0lp/,Classic.com,SBM14RCA0MW006327,7k mi displayed; mileage blank (rounded Nk mi); Classic.com Last Asking (removed/sold without published sold price)
2026-06-25,last_ask,Lamborghini,Aventador_SV,coupe,2016,649900,,,"Costa Mesa, California, USA",2016 Lamborghini Aventador LP750-4 SV,https://www.classic.com/veh/2016-lamborghini-aventador-lp750-4-sv-zhwuf3zd7gla-n307jPW/,Classic.com,,Aventador LP750-4 SV; 25k mi displayed; mileage blank (rounded Nk mi); Classic.com Last Asking (removed/sold without published sold price)
2026-06-25,last_ask,Lamborghini,Aventador_SV,coupe,2016,599998,,,"Fort Lauderdale, Florida, USA",2016 Lamborghini Aventador LP750-4 SV,https://www.classic.com/veh/2016-lamborghini-aventador-lp750-4-sv-zhwuf3zd3gla-WYGBwv4/,Classic.com,,Aventador LP750-4 SV; 31k mi displayed; mileage blank (rounded Nk mi); Classic.com Last Asking (removed/sold without published sold price)
2026-06-25,last_ask,Ferrari,F8,spider,2021,476999,,,"Hollywood, Florida, USA",2021 Ferrari F8 Spider,https://www.classic.com/veh/2021-ferrari-f8-spider-zff93lma1m0261101-4amE9x4/,Classic.com,ZFF93LMA1M0261101,F8 Spider; 7k mi displayed; mileage blank (rounded Nk mi); Classic.com Last Asking (removed/sold without published sold price)
2026-06-25,last_ask,Ferrari,F8,spider,2022,612000,,,"Boca Raton, Florida, USA",2022 Ferrari F8 Spider,https://www.classic.com/veh/2022-ferrari-f8-spider-zff93lmaxn0284281-Wv1Q9Xn/,Classic.com,ZFF93LMAXN0284281,F8 Spider; 6k mi displayed; mileage blank (rounded Nk mi); Classic.com Last Asking (removed/sold without published sold price)
2026-06-25,last_ask,Ferrari,F8,spider,2021,369900,,,"Roswell, Georgia, USA",2021 Ferrari F8 Spider,https://www.classic.com/veh/2021-ferrari-f8-spider-zff93lma6m0261014-W9BLdXp/,Classic.com,ZFF93LMA6M0261014,F8 Spider; 24k mi displayed; mileage blank (rounded Nk mi); Classic.com Last Asking (removed/sold without published sold price)
2026-06-25,last_ask,Lamborghini,Huracan_Performante,coupe,2018,369981,,,"Franklin, Tennessee, USA",2018 Lamborghini Huracan LP640-4 Performante,https://www.classic.com/veh/2018-lamborghini-huracan-lp640-4-performante-zhwud-pg9eXon/,Classic.com,,Huracán Performante; 8k mi displayed; mileage blank (rounded Nk mi); Classic.com Last Asking (removed/sold without published sold price)
2026-06-25,last_ask,Lamborghini,Huracan_Performante,coupe,2018,389970,,,"Murrieta, California, USA",2018 Lamborghini Huracan LP640-4 Performante,https://www.classic.com/veh/2018-lamborghini-huracan-lp640-4-performante-zhwud-WbKQzwp/,Classic.com,,Huracán Performante; 3k mi displayed; mileage blank (rounded Nk mi); Classic.com Last Asking (removed/sold without published sold price)
2026-06-25,last_ask,Lamborghini,Huracan_STO,coupe,2022,409996,,,"Charlotte, North Carolina, USA",2022 Lamborghini Huracan STO,https://www.classic.com/veh/2022-lamborghini-huracan-sto-coupe-zhwua6zx5nla181-nwe1b2p/,Classic.com,,Huracán STO; 6k mi displayed; mileage blank (rounded Nk mi); Classic.com Last Asking (removed/sold without published sold price)
2026-06-25,sold,Ferrari,SF90,coupe,2023,,495000,781,"Englewood, Colorado, USA",2023 Ferrari SF90 Stradale,https://www.classic.com/veh/2023-ferrari-sf90-stradale-zff95nla0p0298989-WvGVYXp/,Classic.com,ZFF95NLA0P0298989,SF90 Stradale; exact miles displayed: 781 mi; auction sold
2026-06-25,last_ask,Ferrari,SF90,coupe,2022,469995,,863,"Tampa, Florida, USA",2022 Ferrari SF90 Stradale,https://www.classic.com/veh/2022-ferrari-sf90-stradale-zff95nla3n0277521-nXE91kW/,Classic.com,ZFF95NLA3N0277521,SF90 Stradale; exact miles displayed: 863 mi; Classic.com Last Asking (removed/sold without published sold price)
2026-06-24,last_ask,Ferrari,296,coupe,2025,319999,,,"DuPage County, Illinois, USA",2025 Ferrari 296 GTB,https://www.classic.com/veh/2025-ferrari-296-gtb-zff99sla9s0313985-n83qvR4/,Classic.com,ZFF99SLA9S0313985,296 GTB; 7k mi displayed; mileage blank (rounded Nk mi); Classic.com Last Asking (removed/sold without published sold price)
2026-06-24,last_ask,Ferrari,296,spider,2026,467685,,323,"Naples, Florida, USA",2026 Ferrari 296 GTS,https://www.classic.com/veh/2026-ferrari-296-gts-zff01sma5t0325650-n1y81Vn/,Classic.com,ZFF01SMA5T0325650,296 GTS; exact miles displayed: 323 mi; Classic.com Last Asking (removed/sold without published sold price)
2026-06-24,last_ask,Ferrari,296,spider,2026,399990,,170,"Newport Beach, California, USA",2026 Ferrari 296 GTS,https://www.classic.com/veh/2026-ferrari-296-gts-zff01sma8t0325674-nK6BNR4/,Classic.com,ZFF01SMA8T0325674,296 GTS; exact miles displayed: 170 mi; Classic.com Last Asking (removed/sold without published sold price)
2026-06-24,sold,Ferrari,458,coupe,2011,,293000,,"Pompano Beach, Florida, USA",2011 Ferrari 458 Italia,https://www.classic.com/veh/2011-ferrari-458-italia-zff67nfa1b0180581-nXArw7W/,Classic.com,ZFF67NFA1B0180581,458 Italia/coupe; 23k mi displayed; mileage blank (rounded Nk mi); auction sold
2026-06-24,last_ask,Ferrari,488,coupe,2019,248999,,,"Scottsdale, Arizona, USA",2019 Ferrari 488 GTB,https://www.classic.com/veh/2019-ferrari-488-gtb-zff79ala3k0239626-4D3Vgxp/,Classic.com,ZFF79ALA3K0239626,29k mi displayed; mileage blank (rounded Nk mi); Classic.com Last Asking (removed/sold without published sold price)
2026-06-24,last_ask,McLaren,765LT,coupe,2021,519000,,,"Costa Mesa, California, USA",2021 McLaren 765LT,https://www.classic.com/veh/2021-mclaren-765lt-sbm14rca2mw765710-4rO5mln/,Classic.com,SBM14RCA2MW765710,12k mi displayed; mileage blank (rounded Nk mi); Classic.com Last Asking (removed/sold without published sold price)
2026-06-24,last_ask,McLaren,Artura,coupe,2025,259995,,,"Newtown Township, Pennsylvania, USA",2025 McLaren Artura,https://www.classic.com/veh/2025-mclaren-artura-sbm16beaxsw003270-4D3aE8p/,Classic.com,SBM16BEAXSW003270,Artura; 1k mi displayed; mileage blank (rounded Nk mi); Classic.com Last Asking (removed/sold without published sold price)
2026-06-24,last_ask,McLaren,Artura,spider,2025,264995,,747,"Newtown Township, Pennsylvania, USA",2025 McLaren Artura Spider,https://www.classic.com/veh/2025-mclaren-artura-performance-spider-sbm16bea2sw-WRdavJ4/,Classic.com,,Artura Spider; exact miles displayed: 747 mi; Classic.com Last Asking (removed/sold without published sold price)
2026-06-24,last_ask,McLaren,Artura,coupe,2023,179900,,,"Newtown Township, Pennsylvania, USA",2023 McLaren Artura Coupe,https://www.classic.com/veh/2023-mclaren-artura-sbm16aea0pw001755-WR1bGen/,Classic.com,SBM16AEA0PW001755,Artura; 3k mi displayed; mileage blank (rounded Nk mi); Classic.com Last Asking (removed/sold without published sold price)
2026-06-24,last_ask,McLaren,Artura,coupe,2023,199990,,,"Newtown Township, Pennsylvania, USA",2023 McLaren Artura,https://www.classic.com/veh/2023-mclaren-artura-sbm16aea2pw000400-4rvlzE4/,Classic.com,SBM16AEA2PW000400,Artura; 1k mi displayed; mileage blank (rounded Nk mi); Classic.com Last Asking (removed/sold without published sold price)
2026-06-24,off_market,Lamborghini,Aventador_SV,coupe,2016,,,,"West Chicago, Illinois, USA",2016 Lamborghini Aventador LP750-4 SV,https://www.classic.com/veh/2016-lamborghini-aventador-lp750-4-sv-zhwuf3zd1gla-nOwDVon/,Classic.com,,Aventador LP750-4 SV; 8k mi displayed; mileage blank (rounded Nk mi); price undisclosed on Classic.com card; off_market/pending/undisclosed historical card
2026-06-24,last_ask,Ferrari,F8,spider,2023,579990,,,"Carrollton, Texas, USA",2023 Ferrari F8 Spider,https://www.classic.com/veh/2023-ferrari-f8-spider-zff93lma0p0296815-4yoE1yW/,Classic.com,ZFF93LMA0P0296815,F8 Spider; 2k mi displayed; mileage blank (rounded Nk mi); Classic.com Last Asking (removed/sold without published sold price)
2026-06-24,sold,Ford,GT,coupe,2006,,793500,,"Diboll, Texas, USA",2006 Ford GT Heritage Edition,https://www.classic.com/veh/2006-ford-gt-heritage-edition-1fafp90sx6y402006-n308dBW/,Classic.com,1FAFP90SX6Y402006,Ford GT Gen1; 4k mi displayed; mileage blank (rounded Nk mi); auction sold
2026-06-24,last_ask,Lamborghini,Gallardo,spider,2008,126900,,,"Cleveland, Ohio, USA",2008 Lamborghini Gallardo Spyder,https://www.classic.com/veh/2008-lamborghini-gallardo-spyder-zhwgu22t38la06028-WLBXll4/,Classic.com,ZHWGU22T38LA06028,Gallardo Spyder; 9k mi displayed; mileage blank (rounded Nk mi); Classic.com Last Asking (removed/sold without published sold price)
2026-06-24,last_ask,Lamborghini,Huracan_STO,coupe,2023,439999,,,"Scottsdale, Arizona, USA",2023 Lamborghini Huracan STO,https://www.classic.com/veh/2023-lamborghini-huracan-sto-zhwua6zx1pla25185-p0roVon/,Classic.com,ZHWUA6ZX1PLA25185,Huracán STO; 11k mi displayed; mileage blank (rounded Nk mi); Classic.com Last Asking (removed/sold without published sold price)
2026-06-24,last_ask,Ferrari,SF90,spider,2023,609063,,,"Village of Spring Valley, New York, USA",2023 Ferrari SF90 Spider,https://www.classic.com/veh/2023-ferrari-sf90-spider-zff96nma4p0295847-WvvzN5W/,Classic.com,ZFF96NMA4P0295847,SF90 Spider; 1k mi displayed; mileage blank (rounded Nk mi); Classic.com Last Asking (removed/sold without published sold price)
2026-06-24,last_ask,Ferrari,SF90,spider,2023,619999,,176,"DuPage County, Illinois, USA",2023 Ferrari SF90 Spider,https://www.classic.com/veh/2023-ferrari-sf90-spider-zff96nma7p0297642-4a9vbd4/,Classic.com,ZFF96NMA7P0297642,SF90 Spider; exact miles displayed: 176 mi; Classic.com Last Asking (removed/sold without published sold price)
2026-06-23,sold,Ferrari,296,coupe,2022,,275000,,"Las Vegas, Nevada, USA",2022 Ferrari 296 GTB,https://www.classic.com/veh/2022-ferrari-296-gtb-zff99sla0n0287636-n1edXGn/,Classic.com,ZFF99SLA0N0287636,296 GTB; 6k mi displayed; mileage blank (rounded Nk mi); auction sold
2026-06-23,last_ask,Ferrari,296,spider,2024,374900,,,"Addison, Texas, USA",2024 Ferrari 296 GTS,https://www.classic.com/veh/2024-ferrari-296-gts-zff01sma2r0309785-n37klRn/,Classic.com,ZFF01SMA2R0309785,296 GTS; 3k mi displayed; mileage blank (rounded Nk mi); Classic.com Last Asking (removed/sold without published sold price)
2026-06-23,last_ask,Ferrari,296,coupe,2024,319999,,,"Costa Mesa, California, USA",2024 Ferrari 296 GTB,https://www.classic.com/veh/2024-ferrari-296-gtb-zff99sla4r0307652-W9Bolkp/,Classic.com,ZFF99SLA4R0307652,296 GTB; 5k mi displayed; mileage blank (rounded Nk mi); Classic.com Last Asking (removed/sold without published sold price)
2026-06-23,last_ask,Ferrari,488,spider,2017,399995,,,"Zionsville, Indiana, USA",2017 Ferrari 488 Spider,https://www.classic.com/veh/2017-ferrari-488-spider-zff80ama6h0228609-4rv0Q94/,Classic.com,ZFF80AMA6H0228609,4k mi displayed; mileage blank (rounded Nk mi); Classic.com Last Asking (removed/sold without published sold price)
2026-06-23,last_ask,McLaren,600LT,spider,2020,249995,,,"Newtown Township, Pennsylvania, USA",2020 McLaren 600LT Spider,https://www.classic.com/veh/2020-mclaren-600lt-spider-sbm13saaxlw007805-n1yjQxn/,Classic.com,SBM13SAAXLW007805,15k mi displayed; mileage blank (rounded Nk mi); Classic.com Last Asking (removed/sold without published sold price)
2026-06-23,last_ask,Ferrari,F8,spider,2022,449999,,,"New York, New York, USA",2022 Ferrari F8 Spider,https://www.classic.com/veh/2022-ferrari-f8-spider-zff93lma7n0280866-nXgy6b4/,Classic.com,ZFF93LMA7N0280866,F8 Spider; 4k mi displayed; mileage blank (rounded Nk mi); Classic.com Last Asking (removed/sold without published sold price)
2026-06-23,last_ask,Lamborghini,Huracan_Performante,coupe,2018,379999,,,"Costa Mesa, California, USA",2018 Lamborghini Huracan LP640-4 Performante,https://www.classic.com/veh/2018-lamborghini-huracan-lp640-4-performante-zhwud-Wv1Kvrn/,Classic.com,,Huracán Performante; 6k mi displayed; mileage blank (rounded Nk mi); Classic.com Last Asking (removed/sold without published sold price)
2026-06-23,last_ask,Ferrari,SF90,spider,2022,519990,,,"Carrollton, Texas, USA",2022 Ferrari SF90 Spider,https://www.classic.com/veh/2022-ferrari-sf90-spider-zff96nma3n0269768-4VAYj2p/,Classic.com,ZFF96NMA3N0269768,SF90 Spider; 9k mi displayed; mileage blank (rounded Nk mi); Classic.com Last Asking (removed/sold without published sold price)
2026-06-22,sold,Ferrari,458,spider,2014,,342000,,"Bradenton, Florida, USA",2014 Ferrari 458 Spider,https://www.classic.com/veh/2014-ferrari-458-spider-zff68nha7e0202436-Wj3R67p/,Classic.com,ZFF68NHA7E0202436,458 Spider; 28k mi displayed; mileage blank (rounded Nk mi); auction sold
2026-06-22,off_market,Ferrari,488,coupe,2019,,,,"West Chicago, Illinois, USA",2019 Ferrari 488 GTB,https://www.classic.com/veh/2019-ferrari-488-gtb-zff79ala2k0245448-n2bkjBn/,Classic.com,ZFF79ALA2K0245448,11k mi displayed; mileage blank (rounded Nk mi); price undisclosed on Classic.com card; off_market/pending/undisclosed historical card; asking_price blank (not shown on card)
2026-06-22,last_ask,McLaren,765LT,coupe,2021,569999,,,"Costa Mesa, California, USA",2021 McLaren 765LT Coupe,https://www.classic.com/veh/2021-mclaren-765lt-coupe-sbm14rca3mw765084-nKyoRxp/,Classic.com,SBM14RCA3MW765084,4k mi displayed; mileage blank (rounded Nk mi); Classic.com Last Asking (removed/sold without published sold price)
2026-06-22,sold,Lamborghini,Murcielago,coupe,2008,,501000,,"Scottsdale, Arizona, USA",2008 Lamborghini Murciélago LP640-4,https://www.classic.com/veh/2008-lamborghini-murcielago-lp640-4-zhwbu37sx8la02-p6lMxVn/,Classic.com,,Murcielago; 19k mi displayed; mileage blank (rounded Nk mi); auction sold
2026-06-22,last_ask,Lamborghini,Revuelto,coupe,2024,669998,,,"Fort Lauderdale, Florida, USA",2024 Lamborghini Revuelto,https://www.classic.com/veh/2024-lamborghini-revuelto-zhwuc1zm9rla01464-4oGqdO4/,Classic.com,ZHWUC1ZM9RLA01464,Revuelto; 4k mi displayed; mileage blank (rounded Nk mi); Classic.com Last Asking (removed/sold without published sold price)
2026-06-21,off_market,Ferrari,296,spider,2025,,,583,"Naples, Florida, USA",2025 Ferrari 296 GTS Tailor Made,https://www.classic.com/veh/2025-ferrari-296-gts-tailor-made-zff01sma2s0320517-WRdOlG4/,Classic.com,ZFF01SMA2S0320517,296 GTS; exact miles displayed: 583 mi; price undisclosed on Classic.com card; off_market/pending/undisclosed historical card
2026-06-21,last_ask,Ferrari,458,coupe,2011,354725,,,"Village of Spring Valley, New York, USA",2011 Ferrari 458 Italia,https://www.classic.com/veh/2011-ferrari-458-italia-zff67nfa0b0177154-W9QmyGW/,Classic.com,ZFF67NFA0B0177154,458 Italia/coupe; 14k mi displayed; mileage blank (rounded Nk mi); Classic.com Last Asking (removed/sold without published sold price)
2026-06-21,last_ask,Ferrari,488,coupe,2018,319900,,,"Norwood, Massachusetts, USA",2018 Ferrari 488 GTB Coupe,https://www.classic.com/veh/2018-ferrari-488-gtb-coupe-zff79alaxj0231425-p0rKdxn/,Classic.com,ZFF79ALAXJ0231425,7k mi displayed; mileage blank (rounded Nk mi); Classic.com Last Asking (removed/sold without published sold price)
2026-06-21,last_ask,Lamborghini,Aventador_SV,coupe,2016,739900,,,"Miami-Dade County, Florida, USA",2016 Lamborghini Aventador LP750-4 SV,https://www.classic.com/veh/2016-lamborghini-aventador-lp750-4-sv-zhwuf3zd9gla-pzPGb3n/,Classic.com,,Aventador LP750-4 SV; 10k mi displayed; mileage blank (rounded Nk mi); Classic.com Last Asking (removed/sold without published sold price)
2026-06-21,last_ask,Ferrari,F8,spider,2023,499900,,,"Norwood, Massachusetts, USA",2023 Ferrari F8 Spider,https://www.classic.com/veh/2023-ferrari-f8-spider-zff93lma8p0292379-p0eGO34/,Classic.com,ZFF93LMA8P0292379,F8 Spider; 4k mi displayed; mileage blank (rounded Nk mi); Classic.com Last Asking (removed/sold without published sold price)
2026-06-21,last_ask,Ferrari,F8,spider,2022,529845,,,"Carrollton, Texas, USA",2022 Ferrari F8 Spider,https://www.classic.com/veh/2022-ferrari-f8-spider-zff93lma4n0273728-4ZGEa0n/,Classic.com,ZFF93LMA4N0273728,F8 Spider; 4k mi displayed; mileage blank (rounded Nk mi); Classic.com Last Asking (removed/sold without published sold price)
2026-06-21,last_ask,Ford,GT,coupe,2005,609999,,,"Costa Mesa, California, USA",2005 Ford GT,https://www.classic.com/veh/2005-ford-gt-1fafp90s15y400868-Wq8J5Jn/,Classic.com,1FAFP90S15Y400868,Ford GT Gen1; 4k mi displayed; mileage blank (rounded Nk mi); Classic.com Last Asking (removed/sold without published sold price)
2026-06-21,last_ask,Lamborghini,Huracan_STO,coupe,2022,375950,,,"Las Vegas, Nevada, USA",2022 Lamborghini Huracan STO,https://www.classic.com/veh/2022-lamborghini-huracan-sto-zhwua6zx5nla19418-nlKyzQ4/,Classic.com,ZHWUA6ZX5NLA19418,Huracán STO; 21k mi displayed; mileage blank (rounded Nk mi); Classic.com Last Asking (removed/sold without published sold price)
2026-06-21,last_ask,Lamborghini,Revuelto,coupe,2025,801935,,65,"Chicago, Illinois, USA",2025 Lamborghini Revuelto Coupe,https://www.classic.com/veh/2025-lamborghini-revuelto-coupe-zhwuc1zm1sla02873-4AvoLzn/,Classic.com,ZHWUC1ZM1SLA02873,Revuelto; exact miles displayed: 65 mi; Classic.com Last Asking (removed/sold without published sold price)
2026-06-20,last_ask,Ferrari,296,coupe,2022,289995,,,"Charlotte, North Carolina, USA",2022 Ferrari 296 GTB,https://www.classic.com/veh/2022-ferrari-296-gtb-zff99sla7n0285771-4a97264/,Classic.com,ZFF99SLA7N0285771,296 GTB; 4k mi displayed; mileage blank (rounded Nk mi); Classic.com Last Asking (removed/sold without published sold price)
2026-06-20,last_ask,Ferrari,296,coupe,2022,319990,,,"Vero Beach, Florida, USA",2022 Ferrari 296 GTB Assetto Fiorano,https://www.classic.com/veh/2022-ferrari-296-gtb-assetto-fiorano-zff99sla0n028-WkwejOW/,Classic.com,,296 GTB; 5k mi displayed; mileage blank (rounded Nk mi); Classic.com Last Asking (removed/sold without published sold price)
2026-06-20,last_ask,Ferrari,296,coupe,2025,355000,,878,"Fort Lauderdale, Florida, USA",2025 Ferrari 296 GTB,https://www.classic.com/veh/2025-ferrari-296-gtb-zff99sla6s0315595-WbQqBwn/,Classic.com,ZFF99SLA6S0315595,296 GTB; exact miles displayed: 878 mi; Classic.com Last Asking (removed/sold without published sold price)
2026-06-20,last_ask,Ferrari,488,coupe,2019,299999,,,"DuPage County, Illinois, USA",2019 Ferrari 488 GTB,https://www.classic.com/veh/2019-ferrari-488-gtb-zff79ala7k0246272-WNoqE6p/,Classic.com,ZFF79ALA7K0246272,6k mi displayed; mileage blank (rounded Nk mi); Classic.com Last Asking (removed/sold without published sold price)
2026-06-20,last_ask,Ferrari,488,spider,2017,279950,,,"Roswell, Georgia, USA",2017 Ferrari 488 Spider Convertible,https://www.classic.com/veh/2017-ferrari-488-spider-zff80ama9h0227373-4rvVRY4/,Classic.com,ZFF80AMA9H0227373,19k mi displayed; mileage blank (rounded Nk mi); Classic.com Last Asking (removed/sold without published sold price)
2026-06-20,last_ask,Ferrari,488,spider,2019,440777,,,"Carrollton, Texas, USA",2019 Ferrari 488 Spider,https://www.classic.com/veh/2019-ferrari-488-spider-zff80amaxk0237983-n30R5EW/,Classic.com,ZFF80AMAXK0237983,5k mi displayed; mileage blank (rounded Nk mi); Classic.com Last Asking (removed/sold without published sold price)
2026-06-20,last_ask,McLaren,600LT,spider,2020,250000,,,"Boca Raton, Florida, USA",2020 McLaren 600LT Spider,https://www.classic.com/veh/2020-mclaren-600lt-spider-sbm13saa4lw008271-nBvK59n/,Classic.com,SBM13SAA4LW008271,15k mi displayed; mileage blank (rounded Nk mi); Classic.com Last Asking (removed/sold without published sold price)
2026-06-20,last_ask,McLaren,765LT,spider,2022,660212,,,"West Chicago, Illinois, USA",2022 McLaren 765LT Spider,https://www.classic.com/veh/2022-mclaren-765lt-spider-sbm14sca1nw765710-nQGw0wp/,Classic.com,SBM14SCA1NW765710,7k mi displayed; mileage blank (rounded Nk mi); Classic.com Last Asking (removed/sold without published sold price)
2026-06-20,last_ask,Ferrari,F8,coupe,2022,389000,,,"Thousand Oaks, California, USA",2022 Ferrari F8 Tributo,https://www.classic.com/veh/2022-ferrari-f8-tributo-zff92lla8n0279309-WYDAO1n/,Classic.com,ZFF92LLA8N0279309,F8 Tributo/coupe; 5k mi displayed; mileage blank (rounded Nk mi); Classic.com Last Asking (removed/sold without published sold price)
2026-06-20,last_ask,Ferrari,F8,coupe,2020,339790,,,"Tampa, Florida, USA",2020 Ferrari F8 Tributo,https://www.classic.com/veh/2020-ferrari-f8-tributo-zff92lla8l0256979-4DG03op/,Classic.com,ZFF92LLA8L0256979,F8 Tributo/coupe; 12k mi displayed; mileage blank (rounded Nk mi); Classic.com Last Asking (removed/sold without published sold price)
2026-06-20,sold,Lamborghini,Gallardo,spider,2008,,261000,,"Amity Township, Pennsylvania, USA",2008 Lamborghini Gallardo Spyder,https://www.classic.com/veh/2008-lamborghini-gallardo-spyder-zhwgu22n38la06709-nwOErVn/,Classic.com,ZHWGU22N38LA06709,Gallardo Spyder; 9k mi displayed; mileage blank (rounded Nk mi); auction sold
2026-06-20,last_ask,Lamborghini,Huracan_STO,coupe,2023,449998,,,"Fort Lauderdale, Florida, USA",2023 Lamborghini Huracan STO,https://www.classic.com/veh/2023-lamborghini-huracan-sto-zhwua6zx4pla22250-WY252Rp/,Classic.com,ZHWUA6ZX4PLA22250,Huracán STO; 8k mi displayed; mileage blank (rounded Nk mi); Classic.com Last Asking (removed/sold without published sold price)
2026-06-20,last_ask,Lamborghini,Revuelto,coupe,2025,899998,,,"Fort Lauderdale, Florida, USA",2025 Lamborghini Revuelto,https://www.classic.com/veh/2025-lamborghini-revuelto-zhwuc1zm5sla03069-WqaDjJW/,Classic.com,ZHWUC1ZM5SLA03069,Revuelto; 1k mi displayed; mileage blank (rounded Nk mi); Classic.com Last Asking (removed/sold without published sold price)
2026-06-20,last_ask,Lamborghini,Revuelto,coupe,2024,699900,,621,"Pompano Beach, Florida, USA",2024 Lamborghini Revuelto,https://www.classic.com/veh/2024-lamborghini-revuelto-zhwuc1zmxrla01313-n305kMW/,Classic.com,ZHWUC1ZMXRLA01313,Revuelto; exact miles displayed: 621 mi; Classic.com Last Asking (removed/sold without published sold price)
2026-06-20,last_ask,Ferrari,SF90,coupe,2022,469880,,,"Las Vegas, Nevada, USA",2022 Ferrari SF90 Stradale,https://www.classic.com/veh/2022-ferrari-sf90-stradale-zff95nla4n0272621-n8m7BRW/,Classic.com,ZFF95NLA4N0272621,SF90 Stradale; 2k mi displayed; mileage blank (rounded Nk mi); Classic.com Last Asking (removed/sold without published sold price)
2026-06-20,last_ask,Ferrari,SF90,coupe,2021,399998,,,"Fort Lauderdale, Florida, USA",2021 Ferrari SF90 Stradale,https://www.classic.com/veh/2021-ferrari-sf90-stradale-zff95nla9m0265131-p6mgOLW/,Classic.com,ZFF95NLA9M0265131,SF90 Stradale; 11k mi displayed; mileage blank (rounded Nk mi); Classic.com Last Asking (removed/sold without published sold price)
2026-06-19,last_ask,Ferrari,296,coupe,2024,334900,,330,"Roswell, Georgia, USA",2024 Ferrari 296 GTB,https://www.classic.com/veh/2024-ferrari-296-gtb-zff99sla7r0311422-nBvLDQn/,Classic.com,ZFF99SLA7R0311422,296 GTB; exact miles displayed: 330 mi; Classic.com Last Asking (removed/sold without published sold price)
2026-06-19,last_ask,Ferrari,458,spider,2012,429999,,,"New York, New York, USA",2012 Ferrari 458 Spider,https://www.classic.com/veh/2012-ferrari-458-spider-zff68nha0c0187923-n1yK12n/,Classic.com,ZFF68NHA0C0187923,458 Spider; 6k mi displayed; mileage blank (rounded Nk mi); Classic.com Last Asking (removed/sold without published sold price)
2026-06-19,last_ask,Ferrari,488,spider,2018,336689,,,"West Palm Beach, Florida, USA",2018 Ferrari 488 Spider,https://www.classic.com/veh/2018-ferrari-488-spider-zff80ama7j0233064-4oG1Nv4/,Classic.com,ZFF80AMA7J0233064,15k mi displayed; mileage blank (rounded Nk mi); Classic.com Last Asking (removed/sold without published sold price)
2026-06-19,last_ask,Ferrari,488,coupe,2017,320689,,,"West Palm Beach, Florida, USA",2017 Ferrari 488 GTB,https://www.classic.com/veh/2017-ferrari-488-gtb-zff79ala2h0222924-WNEqkYn/,Classic.com,ZFF79ALA2H0222924,6k mi displayed; mileage blank (rounded Nk mi); Classic.com Last Asking (removed/sold without published sold price)
2026-06-19,last_ask,Ferrari,488,spider,2018,351689,,,"West Palm Beach, Florida, USA",2018 Ferrari 488 Spider,https://www.classic.com/veh/2018-ferrari-488-spider-zff80ama6j0237218-WkmEM24/,Classic.com,ZFF80AMA6J0237218,15k mi displayed; mileage blank (rounded Nk mi); Classic.com Last Asking (removed/sold without published sold price)
2026-06-19,last_ask,Ferrari,488,spider,2019,274237,,,"Merrillville, Indiana, USA",2019 Ferrari 488 Spider Base,https://www.classic.com/veh/2019-ferrari-488-spider-zff80ama7k0237956-p6mP8VW/,Classic.com,ZFF80AMA7K0237956,22k mi displayed; mileage blank (rounded Nk mi); Classic.com Last Asking (removed/sold without published sold price)
2026-06-19,last_ask,McLaren,600LT,coupe,2019,229995,,,"Akron, Ohio, USA",2019 McLaren 600LT,https://www.classic.com/veh/2019-mclaren-600lt-sbm13raa2kw006896-pEqbmzp/,Classic.com,SBM13RAA2KW006896,11k mi displayed; mileage blank (rounded Nk mi); Classic.com Last Asking (removed/sold without published sold price)
2026-06-19,last_ask,Ferrari,F8,spider,2021,490499,,,"Englewood, Colorado, USA",2021 Ferrari F8 Spider,https://www.classic.com/veh/2021-ferrari-f8-spider-zff93lma2m0260247-4rO6D9n/,Classic.com,ZFF93LMA2M0260247,F8 Spider; 2k mi displayed; mileage blank (rounded Nk mi); Classic.com Last Asking (removed/sold without published sold price)
2026-06-19,last_ask,Lamborghini,Gallardo,coupe,2008,129900,,,"Grand Rapids, Michigan, USA",2008 Lamborghini Gallardo,https://www.classic.com/veh/2008-lamborghini-gallardo-zhwgu22t08la06682-4Z2dqa4/,Classic.com,ZHWGU22T08LA06682,Gallardo; 9k mi displayed; mileage blank (rounded Nk mi); Classic.com Last Asking (removed/sold without published sold price)
2026-06-19,last_ask,Lamborghini,Huracan_STO,coupe,2022,431950,,,"Miami-Dade County, Florida, USA",2022 Lamborghini Huracan STO,https://www.classic.com/veh/2022-lamborghini-huracan-sto-zhwua6zx6nla19976-4Z28La4/,Classic.com,ZHWUA6ZX6NLA19976,Huracán STO; 6k mi displayed; mileage blank (rounded Nk mi); Classic.com Last Asking (removed/sold without published sold price)
2026-06-19,last_ask,Lamborghini,Revuelto,coupe,2025,724991,,,"San Rafael, California, USA",2025 Lamborghini Revuelto Coupe,https://www.classic.com/veh/2025-lamborghini-revuelto-coupe-zhwuc1zm1sla03277-pea5z7p/,Classic.com,ZHWUC1ZM1SLA03277,Revuelto; 1k mi displayed; mileage blank (rounded Nk mi); Classic.com Last Asking (removed/sold without published sold price)
2026-06-19,last_ask,Ferrari,SF90,coupe,2021,449999,,,"San Diego, California, USA",2021 Ferrari SF90 Stradale,https://www.classic.com/veh/2021-ferrari-sf90-stradale-zff95nla4m0266297-pGRNDbW/,Classic.com,ZFF95NLA4M0266297,SF90 Stradale; 2k mi displayed; mileage blank (rounded Nk mi); Classic.com Last Asking (removed/sold without published sold price)
2026-06-19,last_ask,Ferrari,SF90,spider,2025,604999,,365,"Costa Mesa, California, USA",2025 Ferrari SF90 Spider,https://www.classic.com/veh/2025-ferrari-sf90-spider-zff96nma0s0316895-WNGOoAp/,Classic.com,ZFF96NMA0S0316895,SF90 Spider; exact miles displayed: 365 mi; Classic.com Last Asking (removed/sold without published sold price)
2026-06-19,last_ask,Ferrari,SF90,spider,2024,599890,,717,,2024 Ferrari SF90 Spider,https://www.classic.com/veh/2024-ferrari-sf90-spider-zff96nma6r0308813-4D32RYp/,Classic.com,ZFF96NMA6R0308813,SF90 Spider; exact miles displayed: 717 mi; Classic.com Last Asking (removed/sold without published sold price)
2026-06-18,last_ask,Ferrari,296,spider,2024,368799,,,"Scottsdale, Arizona, USA",2024 Ferrari 296 GTS,https://www.classic.com/veh/2024-ferrari-296-gts-zff01sma6r0311507-WbLy1a4/,Classic.com,ZFF01SMA6R0311507,296 GTS; 4k mi displayed; mileage blank (rounded Nk mi); Classic.com Last Asking (removed/sold without published sold price)
2026-06-18,last_ask,Ferrari,296,coupe,2024,311685,,,"Naples, Florida, USA",2024 Ferrari 296 GTB,https://www.classic.com/veh/2024-ferrari-296-gtb-zff99sla8r0308786-4Zl8QLW/,Classic.com,ZFF99SLA8R0308786,296 GTB; 3k mi displayed; mileage blank (rounded Nk mi); Classic.com Last Asking (removed/sold without published sold price)
2026-06-18,sold,Ferrari,488,coupe,2016,,162300,,"Gilbertsville, Pennsylvania, USA",2016 Ferrari 488 GTB,https://www.classic.com/veh/2016-ferrari-488-gtb-zff79ala0g0217395-nXeKx5W/,Classic.com,ZFF79ALA0G0217395,8k mi displayed; mileage blank (rounded Nk mi); auction sold
2026-06-18,last_ask,Ferrari,488,spider,2018,379900,,,"Houston, Texas, USA",2018 Ferrari 488 Spider,https://www.classic.com/veh/2018-ferrari-488-spider-zff80ama7j0236644-nBJZeKn/,Classic.com,ZFF80AMA7J0236644,3k mi displayed; mileage blank (rounded Nk mi); Classic.com Last Asking (removed/sold without published sold price)
2026-06-18,last_ask,McLaren,600LT,coupe,2019,229995,,,"Fort Wayne, Indiana, USA",2019 McLaren 600LT Coupe,https://www.classic.com/veh/2019-mclaren-600lt-coupe-sbm13raa6kw008134-p0oPGrW/,Classic.com,SBM13RAA6KW008134,7k mi displayed; mileage blank (rounded Nk mi); Classic.com Last Asking (removed/sold without published sold price)
2026-06-18,last_ask,McLaren,600LT,coupe,2019,244900,,,"Cleveland, Ohio, USA",2019 McLaren 600LT Coupe,https://www.classic.com/veh/2019-mclaren-600lt-coupe-sbm13raa7kw008353-nQGKYep/,Classic.com,SBM13RAA7KW008353,8k mi displayed; mileage blank (rounded Nk mi); Classic.com Last Asking (removed/sold without published sold price)
2026-06-18,last_ask,McLaren,Artura,coupe,2023,179000,,,"Boynton Beach, Florida, USA",2023 McLaren Artura,https://www.classic.com/veh/2023-mclaren-artura-sbm16aea4pw001810-4D3N2op/,Classic.com,SBM16AEA4PW001810,Artura; 1k mi displayed; mileage blank (rounded Nk mi); Classic.com Last Asking (removed/sold without published sold price)
2026-06-18,last_ask,Lamborghini,Aventador_SVJ,coupe,2020,999000,,,"Costa Mesa, California, USA",2020 Lamborghini Aventador LP770-4 SVJ,https://www.classic.com/veh/2020-lamborghini-aventador-lp770-4-svj-zhwum6zd0ll-4DBOrxW/,Classic.com,,Aventador LP770-4 SVJ; 14k mi displayed; mileage blank (rounded Nk mi); Classic.com Last Asking (removed/sold without published sold price)
2026-06-18,off_market,Lamborghini,Gallardo,coupe,2007,80700,,,"Pompano Beach, Florida, USA",2007 Lamborghini Gallardo Base Model Nera Edition,https://www.classic.com/veh/2007-lamborghini-gallardo-base-model-nera-edition-pe9wVMp/,Classic.com,,Gallardo; 27k mi displayed; mileage blank (rounded Nk mi); off_market/pending/undisclosed historical card
2026-06-18,last_ask,Lamborghini,Gallardo,coupe,2013,119900,,,"Boynton Beach, Florida, USA",2013 Lamborghini Gallardo LP550-2,https://www.classic.com/veh/2013-lamborghini-gallardo-lp550-2-zhwgu6bz4dla1274-WxojkRn/,Classic.com,,Gallardo; 29k mi displayed; mileage blank (rounded Nk mi); Classic.com Last Asking (removed/sold without published sold price)
2026-06-18,last_ask,Lamborghini,Huracan_STO,coupe,2023,439996,,,"Charlotte, North Carolina, USA",2023 Lamborghini Huracan STO,https://www.classic.com/veh/2023-lamborghini-huracan-sto-zhwua6zx9pla22454-nXDyPMn/,Classic.com,ZHWUA6ZX9PLA22454,Huracán STO; 10k mi displayed; mileage blank (rounded Nk mi); Classic.com Last Asking (removed/sold without published sold price)
2026-06-18,last_ask,Ferrari,SF90,coupe,2022,419985,,,"Palm Harbor, Florida, USA",2022 Ferrari SF90 Stradale,https://www.classic.com/veh/2022-ferrari-sf90-stradale-zff95nla8n0277370-n377wMn/,Classic.com,ZFF95NLA8N0277370,SF90 Stradale; 1k mi displayed; mileage blank (rounded Nk mi); Classic.com Last Asking (removed/sold without published sold price)
2026-06-18,last_ask,Ferrari,SF90,coupe,2021,455950,,,"Newport Beach, California, USA",2021 Ferrari SF90 Stradale Assetto Fiorano,https://www.classic.com/veh/2021-ferrari-sf90-stradale-assetto-fiorano-zff95nl-45lxyep/,Classic.com,,Assetto Fiorano; 4k mi displayed; mileage blank (rounded Nk mi); Classic.com Last Asking (removed/sold without published sold price)
2026-06-17,off_market,Ferrari,296,coupe,2022,,,,"San Diego, California, USA",2022 Ferrari 296 GTB,https://www.classic.com/veh/2022-ferrari-296-gtb-zff99sla9n0286758-nXN72bp/,Classic.com,ZFF99SLA9N0286758,296 GTB; 2k mi displayed; mileage blank (rounded Nk mi); price undisclosed on Classic.com card; off_market/pending/undisclosed historical card
2026-06-17,last_ask,Ferrari,296,spider,2023,369000,,,"Thousand Oaks, California, USA",2023 Ferrari 296 GTS Assetto Fiorano,https://www.classic.com/veh/2023-ferrari-296-gts-assetto-fiorano-zff01sma2p029-nXEzV5W/,Classic.com,,296 GTS; 1k mi displayed; mileage blank (rounded Nk mi); Classic.com Last Asking (removed/sold without published sold price)
2026-06-17,last_ask,Ferrari,296,spider,2024,389900,,,"Norwood, Massachusetts, USA",2024 Ferrari 296 GTS,https://www.classic.com/veh/2024-ferrari-296-gts-zff01sma3r0301131-WxoROQn/,Classic.com,ZFF01SMA3R0301131,296 GTS; 3k mi displayed; mileage blank (rounded Nk mi); Classic.com Last Asking (removed/sold without published sold price)
2026-06-17,last_ask,Ferrari,296,spider,2024,389000,,,"Beverly Hills, California, USA",2024 Ferrari 296 GTS,https://www.classic.com/veh/2024-ferrari-296-gts-zff01sma7r0303853-nwGZDKn/,Classic.com,ZFF01SMA7R0303853,296 GTS; 1k mi displayed; mileage blank (rounded Nk mi); Classic.com Last Asking (removed/sold without published sold price)
2026-06-17,last_ask,Ferrari,458,coupe,2011,279995,,,"Fort Lauderdale, Florida, USA",2011 Ferrari 458 Italia,https://www.classic.com/veh/2011-ferrari-458-italia-zff67nfa0b0182628-nw7rlvn/,Classic.com,ZFF67NFA0B0182628,458 Italia/coupe; 29k mi displayed; mileage blank (rounded Nk mi); Classic.com Last Asking (removed/sold without published sold price)
2026-06-17,last_ask,Ferrari,458,coupe,2015,749575,,,"Scottsdale, Arizona, USA",2015 Ferrari 458 Speciale,https://www.classic.com/veh/2015-ferrari-458-speciale-zff75vfaxf0209396-W9ml8eW/,Classic.com,ZFF75VFAXF0209396,458 Speciale; 47k mi displayed; mileage blank (rounded Nk mi); Classic.com Last Asking (removed/sold without published sold price)
2026-06-17,last_ask,Ferrari,458,coupe,2011,339900,,,"Addison, Texas, USA",2011 Ferrari 458 Italia,https://www.classic.com/veh/2011-ferrari-458-italia-zff67nfa2b0181531-W9awkPW/,Classic.com,ZFF67NFA2B0181531,458 Italia/coupe; 7k mi displayed; mileage blank (rounded Nk mi); Classic.com Last Asking (removed/sold without published sold price)
2026-06-17,last_ask,Ferrari,488,spider,2019,359900,,,"Norwood, Massachusetts, USA",2019 Ferrari 488 Spider,https://www.classic.com/veh/2019-ferrari-488-spider-zff80amaxk0238177-pJx3gLn/,Classic.com,ZFF80AMAXK0238177,7k mi displayed; mileage blank (rounded Nk mi); Classic.com Last Asking (removed/sold without published sold price)
2026-06-17,last_ask,Ferrari,488,coupe,2019,264900,,,"Loveland, Colorado, USA",2019 Ferrari 488 GTB,https://www.classic.com/veh/2019-ferrari-488-gtb-zff79ala3k0237942-WNvvwEW/,Classic.com,ZFF79ALA3K0237942,15k mi displayed; mileage blank (rounded Nk mi); Classic.com Last Asking (removed/sold without published sold price)
2026-06-17,off_market,McLaren,600LT,spider,2020,,,,"Willoughby, Ohio, USA",2020 McLaren 600LT Spider,https://www.classic.com/veh/2020-mclaren-600lt-spider-sbm13saa6lw008188-nQBxbgW/,Classic.com,SBM13SAA6LW008188,"10k mi displayed; mileage blank (rounded Nk mi); auction Not Sold; highest bid $211,000 (not entered as sold/ask)"
2026-06-17,last_ask,McLaren,Artura,coupe,2023,185800,,0,"Cary, Illinois, USA",2023 McLaren Artura Performance,https://www.classic.com/veh/2023-mclaren-artura-performance-sbm16aea8pw000160-WbQ1Omn/,Classic.com,SBM16AEA8PW000160,Artura; exact miles displayed: 0 mi TMU; Classic.com Last Asking (removed/sold without published sold price)
2026-06-17,last_ask,Ford,GT,coupe,2005,679999,,,"Green Brook Township, New Jersey, USA",2005 Ford GT,https://www.classic.com/veh/2005-ford-gt-1fafp90s55y400646-pd3yZoW/,Classic.com,1FAFP90S55Y400646,Ford GT Gen1; 5k mi displayed; mileage blank (rounded Nk mi); Classic.com Last Asking (removed/sold without published sold price)
2026-06-17,off_market,Ford,GT,coupe,2006,,,,"Murrieta, California, USA",2006 Ford GT,https://www.classic.com/veh/2006-ford-gt-1fafp90s16y400113-4ayOgL4/,Classic.com,1FAFP90S16Y400113,Ford GT Gen1; 5k mi displayed; mileage blank (rounded Nk mi); price undisclosed on Classic.com card; off_market/pending/undisclosed historical card; asking_price blank (not shown on card)
2026-06-17,last_ask,Lamborghini,Gallardo,coupe,2006,106144,,,"Houston, Texas, USA",2006 Lamborghini Gallardo SE,https://www.classic.com/veh/2006-lamborghini-gallardo-se-zhwgu12t96la03061-4amOqx4/,Classic.com,ZHWGU12T96LA03061,Gallardo; 19k mi displayed; mileage blank (rounded Nk mi); Classic.com Last Asking (removed/sold without published sold price)
2026-06-17,last_ask,Lamborghini,Gallardo,coupe,2008,129900,,,"Honolulu, Hawaii, USA",2008 Lamborghini Gallardo Coupe,https://www.classic.com/veh/2008-lamborghini-gallardo-coupe-zhwgu12t68la05918-p6vOKjp/,Classic.com,ZHWGU12T68LA05918,Gallardo; 15k mi displayed; mileage blank (rounded Nk mi); Classic.com Last Asking (removed/sold without published sold price)
2026-06-17,last_ask,Lamborghini,Huracan_Performante,coupe,2018,379999,,,"Costa Mesa, California, USA",2018 Lamborghini Huracan LP640-4 Performante,https://www.classic.com/veh/2018-lamborghini-huracan-lp640-4-performante-zhwud-pzlVzjn/,Classic.com,,Huracán Performante; 6k mi displayed; mileage blank (rounded Nk mi); Classic.com Last Asking (removed/sold without published sold price)
2026-06-17,last_ask,Lamborghini,Huracan_STO,coupe,2023,389900,,,"Newtown Township, Pennsylvania, USA",2023 Lamborghini Huracan STO,https://www.classic.com/veh/2023-lamborghini-huracan-sto-zhwua6zx0pla22827-WNoJmYp/,Classic.com,ZHWUA6ZX0PLA22827,Huracán STO; 20k mi displayed; mileage blank (rounded Nk mi); Classic.com Last Asking (removed/sold without published sold price)
2026-06-17,sold,Lamborghini,Revuelto,coupe,2025,,678000,794,"Pompano Beach, Florida, USA",2025 Lamborghini Revuelto,https://www.classic.com/veh/2025-lamborghini-revuelto-zhwuc1zmxsla01897-nK6jGv4/,Classic.com,ZHWUC1ZMXSLA01897,Revuelto; exact miles displayed: 794 mi; auction sold
2026-06-17,last_ask,Ferrari,SF90,spider,2022,539990,,,"Carrollton, Texas, USA",2022 Ferrari SF90 Spider,https://www.classic.com/veh/2022-ferrari-sf90-spider-zff96nma5n0269867-4DBxdwW/,Classic.com,ZFF96NMA5N0269867,SF90 Spider; 4k mi displayed; mileage blank (rounded Nk mi); Classic.com Last Asking (removed/sold without published sold price)
2026-06-16,last_ask,McLaren,600LT,coupe,2019,193999,,,"New York, New York, USA",2019 McLaren 600LT Coupe,https://www.classic.com/veh/2019-mclaren-600lt-coupe-sbm13raa2kw006977-WRE9Qon/,Classic.com,SBM13RAA2KW006977,23k mi displayed; mileage blank (rounded Nk mi); Classic.com Last Asking (removed/sold without published sold price)
2026-06-16,off_market,McLaren,Artura,coupe,2023,157000,,,"Lisle, Illinois, USA",2023 McLaren Artura,https://www.classic.com/veh/2023-mclaren-artura-techlux-sbm16aea2pw001840-n37eVAn/,Classic.com,SBM16AEA2PW001840,Artura; 6k mi displayed; mileage blank (rounded Nk mi); off_market/pending/undisclosed historical card
2026-06-16,last_ask,Ferrari,F8,coupe,2021,,,,"Springfield, Missouri, USA",2021 Ferrari F8 Tributo,https://www.classic.com/veh/2021-ferrari-f8-tributo-zff92lla9m0268186-pP37yEW/,Classic.com,ZFF92LLA9M0268186,F8 Tributo/coupe; 3k mi displayed; mileage blank (rounded Nk mi); Classic.com Last Asking (removed/sold without published sold price); asking_price blank (not shown on card)
2026-06-16,last_ask,Lamborghini,Huracan_Performante,coupe,2018,369999,,,"Scottsdale, Arizona, USA",2018 Lamborghini Huracan LP640-4 Performante,https://www.classic.com/veh/2018-lamborghini-huracan-lp640-4-performante-zhwus-peaeYMp/,Classic.com,,Huracán Performante; 12k mi displayed; mileage blank (rounded Nk mi); Classic.com Last Asking (removed/sold without published sold price)
2026-06-16,last_ask,Lamborghini,Huracan_STO,coupe,2022,437899,,631,"Scottsdale, Arizona, USA",2022 Lamborghini Huracan STO,https://www.classic.com/veh/2022-lamborghini-huracan-sto-zhwua6zx0nla19665-Wv1QGmn/,Classic.com,ZHWUA6ZX0NLA19665,Huracán STO; exact miles displayed: 631 mi; Classic.com Last Asking (removed/sold without published sold price)
2026-06-16,last_ask,Lamborghini,Huracan_STO,coupe,2022,418899,,,"Scottsdale, Arizona, USA",2022 Lamborghini Huracan STO,https://www.classic.com/veh/2022-lamborghini-huracan-sto-zhwua6zx9nla21060-4VAzKVp/,Classic.com,ZHWUA6ZX9NLA21060,Huracán STO; 6k mi displayed; mileage blank (rounded Nk mi); Classic.com Last Asking (removed/sold without published sold price)
2026-06-15,off_market,Ferrari,F8,spider,2022,,,,"West Chicago, Illinois, USA",2022 Ferrari F8 Spider,https://www.classic.com/veh/2022-ferrari-f8-spider-zff93lma9n0278276-p6oyk84/,Classic.com,ZFF93LMA9N0278276,F8 Spider; 12k mi displayed; mileage blank (rounded Nk mi); price undisclosed on Classic.com card; off_market/pending/undisclosed historical card; asking_price blank (not shown on card)
2026-06-15,last_ask,Lamborghini,Huracan_STO,coupe,2023,449999,,,"Costa Mesa, California, USA",2023 Lamborghini Huracan STO,https://www.classic.com/veh/2023-lamborghini-huracan-sto-zhwua6zx2pla21579-p6m7XLW/,Classic.com,ZHWUA6ZX2PLA21579,Huracán STO; 1k mi displayed; mileage blank (rounded Nk mi); Classic.com Last Asking (removed/sold without published sold price)
2026-06-14,last_ask,Ferrari,F8,spider,2021,486589,,,"West Palm Beach, Florida, USA",2021 Ferrari F8 Spider,https://www.classic.com/veh/2021-ferrari-f8-spider-zff93lmaxm0264062-pGXKdP4/,Classic.com,ZFF93LMAXM0264062,F8 Spider; 4k mi displayed; mileage blank (rounded Nk mi); Classic.com Last Asking (removed/sold without published sold price)
2026-06-14,last_ask,Ferrari,F8,spider,2022,484800,,,"Edison, New Jersey, USA",2022 Ferrari F8 Spider,https://www.classic.com/veh/2022-ferrari-f8-spider-zff93lma1n0273797-n8m0y1W/,Classic.com,ZFF93LMA1N0273797,F8 Spider; 3k mi displayed; mileage blank (rounded Nk mi); Classic.com Last Asking (removed/sold without published sold price)
2026-06-14,last_ask,Ferrari,F8,spider,2023,589970,,865,"Village of Spring Valley, New York, USA",2023 Ferrari F8 Spider,https://www.classic.com/veh/2023-ferrari-f8-spider-zff93lmaxp0296109-Wj15aqn/,Classic.com,ZFF93LMAXP0296109,F8 Spider; exact miles displayed: 865 mi; Classic.com Last Asking (removed/sold without published sold price)
2026-06-14,last_ask,Ferrari,F8,coupe,2020,400689,,,"West Palm Beach, Florida, USA",2020 Ferrari F8 Tributo,https://www.classic.com/veh/2020-ferrari-f8-tributo-zff92lla5l0253473-WkBPbOn/,Classic.com,ZFF92LLA5L0253473,F8 Tributo/coupe; 9k mi displayed; mileage blank (rounded Nk mi); Classic.com Last Asking (removed/sold without published sold price)
2026-06-13,last_ask,Ferrari,458,coupe,2015,1349900,,,"Beverly Hills, California, USA",2015 Ferrari 458 Speciale,https://www.classic.com/veh/2015-ferrari-458-speciale-zff75vfa6f0206320-nX0RR7n/,Classic.com,ZFF75VFA6F0206320,458 Speciale; 1k mi displayed; mileage blank (rounded Nk mi); Classic.com Last Asking (removed/sold without published sold price)
2026-06-13,last_ask,Ferrari,458,coupe,2013,419999,,,"New York, New York, USA",2013 Ferrari 458 Italia,https://www.classic.com/veh/2013-ferrari-458-italia-zff67nfa4d0190573-nmXl1K4/,Classic.com,ZFF67NFA4D0190573,458 Italia/coupe; 8k mi displayed; mileage blank (rounded Nk mi); Classic.com Last Asking (removed/sold without published sold price)
2026-06-13,last_ask,Ferrari,488,spider,2017,303996,,,"Las Vegas, Nevada, USA",2017 Ferrari 488 Spider,https://www.classic.com/veh/2017-ferrari-488-spider-zff80ama3h0220614-WLOkVDn/,Classic.com,ZFF80AMA3H0220614,10k mi displayed; mileage blank (rounded Nk mi); Classic.com Last Asking (removed/sold without published sold price)
2026-06-13,last_ask,Ferrari,488,coupe,2018,279999,,,"Costa Mesa, California, USA",2018 Ferrari 488 GTB,https://www.classic.com/veh/2018-ferrari-488-gtb-zff79alaxj0232221-4AvB8En/,Classic.com,ZFF79ALAXJ0232221,10k mi displayed; mileage blank (rounded Nk mi); Classic.com Last Asking (removed/sold without published sold price)
2026-06-13,last_ask,Ferrari,488,spider,2017,296995,,,"Delray Beach, Florida, USA",2017 Ferrari 488 Spider,https://www.classic.com/veh/2017-ferrari-488-spider-zff80ama6h0220235-nOEJx5p/,Classic.com,ZFF80AMA6H0220235,12k mi displayed; mileage blank (rounded Nk mi); Classic.com Last Asking (removed/sold without published sold price)
2026-06-13,last_ask,McLaren,765LT,coupe,2021,509999,,,"New York, New York, USA",2021 McLaren 765LT,https://www.classic.com/veh/2021-mclaren-765lt-sbm14rca3mw765568-pEqXVep/,Classic.com,SBM14RCA3MW765568,5k mi displayed; mileage blank (rounded Nk mi); Classic.com Last Asking (removed/sold without published sold price)
2026-06-13,last_ask,Lamborghini,Huracan_Performante,coupe,2018,388950,,,"Miami-Dade County, Florida, USA",2018 Lamborghini Huracan LP640-4 Performante,https://www.classic.com/veh/2018-lamborghini-huracan-lp640-4-performante-zhwud-4ZGjyqn/,Classic.com,,Huracán Performante; 4k mi displayed; mileage blank (rounded Nk mi); Classic.com Last Asking (removed/sold without published sold price)
2026-06-13,last_ask,Lamborghini,Huracan_STO,coupe,2021,425990,,,"New Albany, Indiana, USA",2021 Lamborghini Huracan STO,https://www.classic.com/veh/2021-lamborghini-huracan-sto-zhwua6zx0mla17140-47kmMM4/,Classic.com,ZHWUA6ZX0MLA17140,Huracán STO; 10k mi displayed; mileage blank (rounded Nk mi); Classic.com Last Asking (removed/sold without published sold price)
2026-06-12,last_ask,Ferrari,458,spider,2015,399000,,,"Thousand Oaks, California, USA",2015 Ferrari 458 Spider,https://www.classic.com/veh/2015-ferrari-458-spider-zff68nha7f0211302-nmXBwG4/,Classic.com,ZFF68NHA7F0211302,458 Spider; 5k mi displayed; mileage blank (rounded Nk mi); Classic.com Last Asking (removed/sold without published sold price)
2026-06-12,last_ask,Ferrari,458,spider,2013,419995,,,"Tampa, Florida, USA",2013 Ferrari 458 Spider,https://www.classic.com/veh/2013-ferrari-458-spider-zff68nha4d0192222-p6l3AGn/,Classic.com,ZFF68NHA4D0192222,458 Spider; 17k mi displayed; mileage blank (rounded Nk mi); Classic.com Last Asking (removed/sold without published sold price)
2026-06-12,last_ask,Ferrari,488,coupe,2016,199900,,,"Houston, Texas, USA",2016 Ferrari 488 GTB,https://www.classic.com/veh/2016-ferrari-488-gtb-zff79ala6g0214808-WY2MBLp/,Classic.com,ZFF79ALA6G0214808,36k mi displayed; mileage blank (rounded Nk mi); Classic.com Last Asking (removed/sold without published sold price)
2026-06-12,last_ask,Ferrari,488,spider,2017,309000,,,"Los Angeles, California, USA",2017 Ferrari 488 Spider,https://www.classic.com/veh/2017-ferrari-488-spider-zff80ama3h0225988-n36gaP4/,Classic.com,ZFF80AMA3H0225988,11k mi displayed; mileage blank (rounded Nk mi); Classic.com Last Asking (removed/sold without published sold price)
2026-06-12,last_ask,Ferrari,488,coupe,2016,249995,,,"Tampa, Florida, USA",2016 Ferrari 488 GTB,https://www.classic.com/veh/2016-ferrari-488-gtb-zff79ala7g0214588-n30aOAW/,Classic.com,ZFF79ALA7G0214588,15k mi displayed; mileage blank (rounded Nk mi); Classic.com Last Asking (removed/sold without published sold price)
2026-06-11,sold,Ferrari,458,coupe,2015,,1129000,,"Annapolis, Maryland, USA",2015 Ferrari 458 Speciale,https://www.classic.com/veh/2015-ferrari-458-speciale-zff75vfa8f0205055-nBJw77n/,Classic.com,ZFF75VFA8F0205055,458 Speciale; 4k mi displayed; mileage blank (rounded Nk mi); auction sold
2026-06-11,off_market,Ferrari,488,spider,2017,,,,"Lisle, Illinois, USA",2017 Ferrari 488 Spider,https://www.classic.com/veh/2017-ferrari-488-spider-zff80ama9h0222710-WkJDXJn/,Classic.com,ZFF80AMA9H0222710,"32k mi displayed; mileage blank (rounded Nk mi); auction Not Sold; highest bid $237,000 (not entered as sold/ask)"
2026-06-11,last_ask,Ferrari,488,spider,2019,399888,,,"Redondo Beach, California, USA",2019 Ferrari 488 Spider,https://www.classic.com/veh/2019-ferrari-488-spider-zff80amaxk0243640-p6vRq7p/,Classic.com,ZFF80AMAXK0243640,1k mi displayed; mileage blank (rounded Nk mi); Classic.com Last Asking (removed/sold without published sold price)
2026-06-11,last_ask,Ferrari,488,coupe,2016,269995,,,"Tampa, Florida, USA",2016 Ferrari 488 GTB,https://www.classic.com/veh/2016-ferrari-488-gtb-zff79ala3g0219061-4yRQaXn/,Classic.com,ZFF79ALA3G0219061,5k mi displayed; mileage blank (rounded Nk mi); Classic.com Last Asking (removed/sold without published sold price)
2026-06-11,last_ask,McLaren,600LT,coupe,2019,217878,,,"San Clemente, California, USA",2019 McLaren 600LT Coupe,https://www.classic.com/veh/2019-mclaren-600lt-coupe-sbm13raa6kw006528-47YlvLW/,Classic.com,SBM13RAA6KW006528,15k mi displayed; mileage blank (rounded Nk mi); Classic.com Last Asking (removed/sold without published sold price)
2026-06-11,last_ask,Lamborghini,Huracan_STO,coupe,2022,427999,,,"Scottsdale, Arizona, USA",2022 Lamborghini Huracan STO,https://www.classic.com/veh/2022-lamborghini-huracan-sto-zhwua6zx0nla19925-nKj0qR4/,Classic.com,ZHWUA6ZX0NLA19925,Huracán STO; 5k mi displayed; mileage blank (rounded Nk mi); Classic.com Last Asking (removed/sold without published sold price)
2026-06-10,last_ask,Ferrari,458,spider,2013,279991,,,"Scottsdale, Arizona, USA",2013 Ferrari 458 Spider,https://www.classic.com/veh/2013-ferrari-458-spider-zff68nha9d0194838-pPdrmEp/,Classic.com,ZFF68NHA9D0194838,458 Spider; 46k mi displayed; mileage blank (rounded Nk mi); Classic.com Last Asking (removed/sold without published sold price)
2026-06-10,last_ask,Ferrari,488,coupe,2018,279900,,,"Cleveland, Ohio, USA",2018 Ferrari 488 GTB,https://www.classic.com/veh/2018-ferrari-488-gtb-zff79ala1j0231300-4Aa61v4/,Classic.com,ZFF79ALA1J0231300,8k mi displayed; mileage blank (rounded Nk mi); Classic.com Last Asking (removed/sold without published sold price)
2026-06-10,last_ask,Ferrari,F8,spider,2022,479999,,,"Costa Mesa, California, USA",2022 Ferrari F8 Spider,https://www.classic.com/veh/2022-ferrari-f8-spider-zff93lma6n0271172-nX0mBVn/,Classic.com,ZFF93LMA6N0271172,F8 Spider; 3k mi displayed; mileage blank (rounded Nk mi); Classic.com Last Asking (removed/sold without published sold price)
2026-06-10,last_ask,Lamborghini,Huracan_STO,coupe,2021,419900,,,"Addison, Texas, USA",2021 Lamborghini Huracan STO,https://www.classic.com/veh/2021-lamborghini-huracan-sto-zhwua6zx8mla17385-4y0Jgdp/,Classic.com,ZHWUA6ZX8MLA17385,Huracán STO; 12k mi displayed; mileage blank (rounded Nk mi); Classic.com Last Asking (removed/sold without published sold price)
2026-09-10,sold,Lamborghini,Gallardo,coupe,2008,,,,"Cobham, GBR",2008 Lamborghini Gallardo Superleggera,https://www.classic.com/veh/2008-lamborghini-gallardo-superleggera-zhwge43tx8l-4a5mGM4/,Classic.com,,Gallardo; 18k km (11k mi) TMU displayed; mileage blank (rounded Nk mi from km conversion); sold_price blank (not shown on card); auction sold; non_US_Canada_location
2026-09-09,off_market,Ferrari,SF90,spider,2024,,,,JPN,2024 Ferrari SF90 Spider Assetto Fiorano,https://www.classic.com/veh/2024-ferrari-sf90-spider-assetto-fiorano-zff96nmj0-pG1Pqbn/,Classic.com,,Assetto Fiorano; unparsed mileage text '763 km (474 mi)'; left blank; off_market/pending/undisclosed historical card; non_US_Canada_location
2026-09-08,last_ask,Lamborghini,Aventador_SVJ,coupe,2020,,,,NLD,2020 Lamborghini Aventador LP770-4 SVJ,https://www.classic.com/veh/2020-lamborghini-aventador-lp770-4-svj-zhwen6zd2ll-p6mo5gW/,Classic.com,,Aventador LP770-4 SVJ; unparsed mileage text '468 km (291 mi)'; left blank; Classic.com Last Asking (removed/sold without published sold price); non_US_Canada_location
2026-09-08,last_ask,Lamborghini,Murcielago,coupe,2002,,,,NLD,2002 Lamborghini Murciélago,https://www.classic.com/veh/2002-lamborghini-murcielago-za9bc10e02la12042-p6mgKLW/,Classic.com,,Murcielago; 60k km (37k mi) displayed; mileage blank (rounded Nk mi from km conversion); Classic.com Last Asking (removed/sold without published sold price); non_US_Canada_location
2026-09-08,last_ask,Lamborghini,Murcielago,spider,2007,,,,NLD,2007 Lamborghini Murciélago LP640-4 Roadster,https://www.classic.com/veh/2007-lamborghini-murcielago-lp640-4-roadster-zhwbe-n1yv9bn/,Classic.com,,Murcielago Roadster; unparsed mileage text '70 km (43 mi)'; left blank; Classic.com Last Asking (removed/sold without published sold price); non_US_Canada_location
2026-09-03,last_ask,Ferrari,296,coupe,2023,350000,,,"San Juan, Puerto Rico, PRI",2023 Ferrari 296 GTB,https://www.classic.com/veh/2023-ferrari-296-gtb-zff99sla2p0290914-n1e5dgn/,Classic.com,ZFF99SLA2P0290914,296 GTB; 1k mi displayed; mileage blank (rounded Nk mi); Classic.com Last Asking (removed/sold without published sold price); non_US_Canada_location
2026-09-03,off_market,Ferrari,F8,coupe,2022,,,,"Cagliari, ITA",2022 Ferrari F8 Tributo,https://www.classic.com/veh/2022-ferrari-f8-tributo-zff92lmb000274367-n2Vx8Pn/,Classic.com,ZFF92LMB000274367,F8 Tributo/coupe; 61k km (38k mi) displayed; mileage blank (rounded Nk mi from km conversion); auction Not Sold; high bid not shown; non_US_Canada_location
2026-08-29,last_ask,Ferrari,296,coupe,2024,411337,,82,"San Juan, Puerto Rico, PRI",2024 Ferrari 296 GTB,https://www.classic.com/veh/2024-ferrari-296-gtb-zff99slaxr0304206-4AvjO9n/,Classic.com,ZFF99SLAXR0304206,296 GTB; exact miles displayed: 82 mi; Classic.com Last Asking (removed/sold without published sold price); non_US_Canada_location
2026-08-24,off_market,Lamborghini,Gallardo,spider,2010,115000,,,"Chatham, CAN",2010 Lamborghini Gallardo LP560-4 Spyder,https://www.classic.com/veh/2010-lamborghini-gallardo-lp560-4-spyder-zhwgu6au0-Wvmaern/,Classic.com,,Gallardo Spyder; 25k mi TMU displayed; mileage blank (rounded Nk mi); off_market/pending/undisclosed historical card; non_US_Canada_location
2026-08-14,off_market,Lamborghini,Murcielago,coupe,2002,,,,"Rotterdam, NLD",2002 Lamborghini Murciélago,https://www.classic.com/veh/2002-lamborghini-murcielago-za9bc10e02la12235-4awN9LW/,Classic.com,,Murcielago; 39k km (24k mi) displayed; mileage blank (rounded Nk mi from km conversion); off_market/pending/undisclosed historical card; non_US_Canada_location
2026-08-12,off_market,Ferrari,SF90,spider,2025,,,,JPN,2025 Ferrari SF90 Spider,https://www.classic.com/veh/2025-ferrari-sf90-spider-zff96nmj000314892-nwkx2Xn/,Classic.com,ZFF96NMJ000314892,SF90 Spider; unparsed mileage text '92 km (57 mi)'; left blank; off_market/pending/undisclosed historical card; non_US_Canada_location
2026-08-12,last_ask,Ferrari,SF90,coupe,2021,470000,,,"San Juan, Puerto Rico, PRI",2021 Ferrari SF90 Stradale,https://www.classic.com/veh/2021-ferrari-sf90-stradale-zff95nla5m0265904-nBJqm9n/,Classic.com,ZFF95NLA5M0265904,SF90 Stradale; 1k mi displayed; mileage blank (rounded Nk mi); Classic.com Last Asking (removed/sold without published sold price); non_US_Canada_location
2026-08-11,sold,Ferrari,458,spider,2012,,,,"Hamburg, DEU",2012 Ferrari 458 Spider,https://www.classic.com/veh/2012-ferrari-458-spider-zff68nhb00189139-peLXGlW/,Classic.com,,458 Spider; 33k km (21k mi) TMU displayed; mileage blank (rounded Nk mi from km conversion); sold_price blank (not shown on card); auction sold; non_US_Canada_location
2026-08-11,sold,Lamborghini,Gallardo,spider,2007,,,,"Reims, FRA",2007 Lamborghini Gallardo Spyder,https://www.classic.com/veh/2007-lamborghini-gallardo-spyder-zhwge7aj1ela13730-nwkyaXn/,Classic.com,ZHWGE7AJ1ELA13730,Gallardo Spyder; 40k km (24k mi) displayed; mileage blank (rounded Nk mi from km conversion); sold_price blank (not shown on card); auction sold; non_US_Canada_location
2026-08-10,sold,Ferrari,458,coupe,2010,,,,"Milton Keynes, GBR",2010 Ferrari 458 Italia,https://www.classic.com/veh/2010-ferrari-458-italia-zff67nhc000174353-pJqZ1GW/,Classic.com,ZFF67NHC000174353,458 Italia/coupe; 32k mi displayed; mileage blank (rounded Nk mi); sold_price blank (not shown on card); auction sold; non_US_Canada_location
2026-08-07,off_market,McLaren,675LT,coupe,2015,,,,"Sydney, AUS",2015 McLaren 675LT Base,https://www.classic.com/veh/2015-mclaren-675lt-base-sbm11rad8gw675116-pGAgqxn/,Classic.com,SBM11RAD8GW675116,27k km (17k mi) TMU displayed; mileage blank (rounded Nk mi from km conversion); auction Not Sold; high bid not shown; non_US_Canada_location
2026-08-05,sold,Lamborghini,Huracan_Performante,coupe,2018,,,,"Bochum, DEU",2018 Lamborghini Huracan LP640-4 Performante,https://www.classic.com/veh/2018-lamborghini-huracan-lp640-4-performante-zhwed-pE7V3wn/,Classic.com,,Huracán Performante; 11k km (6k mi) displayed; mileage blank (rounded Nk mi from km conversion); sold_price blank (not shown on card); auction sold; non_US_Canada_location
2026-08-04,last_ask,Ferrari,296,coupe,2024,443128,,150,"San Juan, Puerto Rico, PRI",2024 Ferrari 296 GTB,https://www.classic.com/veh/2024-ferrari-296-gtb-zff99sla6r0312206-nOJagD4/,Classic.com,ZFF99SLA6R0312206,296 GTB; exact miles displayed: 150 mi; Classic.com Last Asking (removed/sold without published sold price); non_US_Canada_location
2026-08-04,sold,Lamborghini,Gallardo,spider,2013,,,,"Bergneustadt, DEU",2013 Lamborghini Gallardo LP560-4 Spyder Final Edition,https://www.classic.com/veh/2013-lamborghini-gallardo-lp560-4-spyder-final-edi-4awlRXW/,Classic.com,,Gallardo Spyder; 43k km (27k mi) displayed; mileage blank (rounded Nk mi from km conversion); sold_price blank (not shown on card); auction sold; non_US_Canada_location
2026-07-31,off_market,Lamborghini,Murcielago,coupe,2005,,,,"Province of Padua, ITA",2005 Lamborghini Murciélago,https://www.classic.com/veh/2005-lamborghini-murcielago-zhwbe16s04la01230-pgwqKLp/,Classic.com,ZHWBE16S04LA01230,Murcielago; 41k km (25k mi) displayed; mileage blank (rounded Nk mi from km conversion); off_market/pending/undisclosed historical card; non_US_Canada_location
2026-07-30,sold,Ferrari,488,coupe,2017,,102500,,ARE,2017 Ferrari 488 GTB,https://www.classic.com/veh/2017-ferrari-488-gtb-zff79amt2h0221644-4awBwMW/,Classic.com,ZFF79AMT2H0221644,72k km (45k mi) displayed; mileage blank (rounded Nk mi from km conversion); auction sold; non_US_Canada_location
2026-07-30,sold,Ferrari,488,coupe,2017,,,,"Paris, FRA",2017 Ferrari 488 GTB,https://www.classic.com/veh/2017-ferrari-488-gtb-zff79amb000231048-WYwyDk4/,Classic.com,ZFF79AMB000231048,52k km (32k mi) displayed; mileage blank (rounded Nk mi from km conversion); sold_price blank (not shown on card); auction sold; non_US_Canada_location
2026-07-27,last_ask,McLaren,600LT,coupe,2019,,,,"Sherwood Park, CAN",2019 McLaren 600LT Coupe,https://www.classic.com/veh/2019-mclaren-600lt-coupe-sbm13raaxkw006810-4ZmavAp/,Classic.com,SBM13RAAXKW006810,10k km (6k mi) displayed; mileage blank (rounded Nk mi from km conversion); Classic.com Last Asking (removed/sold without published sold price); asking_price blank (not shown on card); non_US_Canada_location
2026-07-25,last_ask,Ford,GT,coupe,2006,676793,,,"Kelowna, CAN",2006 Ford GT,https://www.classic.com/veh/2006-ford-gt-1fafp90s46y401952-pEAgEPp/,Classic.com,1FAFP90S46Y401952,Ford GT Gen1; unparsed mileage text '192 km (119 mi)'; left blank; Classic.com Last Asking (removed/sold without published sold price); non_US_Canada_location
2026-07-23,off_market,Ferrari,SF90,spider,2021,,,,"Bergamo, ITA",2021 Ferrari SF90 Spider Assetto Fiorano,https://www.classic.com/veh/2021-ferrari-sf90-spider-assetto-fiorano-zff96nmb0-47rPexp/,Classic.com,,Assetto Fiorano; 6k km (3k mi) displayed; mileage blank (rounded Nk mi from km conversion); off_market/pending/undisclosed historical card; non_US_Canada_location
2026-07-22,sold,Ferrari,488,spider,2017,,,,"Rome, ITA",2017 Ferrari 488 Spider,https://www.classic.com/veh/2017-ferrari-488-spider-zff80amb000228540-4DBm3xW/,Classic.com,ZFF80AMB000228540,35k km (22k mi) TMU displayed; mileage blank (rounded Nk mi from km conversion); sold_price blank (not shown on card); auction sold; non_US_Canada_location
2026-07-22,last_ask,Lamborghini,Gallardo,spider,2009,,,,"Aalter, BEL",2009 Lamborghini Gallardo LP560-4 Spyder,https://www.classic.com/veh/2009-lamborghini-gallardo-lp560-4-spyder-zhwge22t5-p0K3AmW/,Classic.com,,Gallardo Spyder; 38k mi displayed; mileage blank (rounded Nk mi); Classic.com Last Asking (removed/sold without published sold price); non_US_Canada_location
2026-07-22,off_market,Lamborghini,Gallardo,coupe,2010,,,,"Pavia, ITA",2010 Lamborghini Gallardo LP 570-4 Super Trofeo Stradale,https://www.classic.com/veh/2010-lamborghini-gallardo-lp-570-4-super-trofeo-st-pERZaN4/,Classic.com,,Gallardo; unparsed mileage text 'TMU'; left blank; off_market/pending/undisclosed historical card; non_US_Canada_location
2026-07-21,sold,Ford,GT,coupe,2005,,,,"Warwick, GBR",2005 Ford GT,https://www.classic.com/veh/2005-ford-gt-1fafp90sx5y401632-4oDP2Ln/,Classic.com,1FAFP90SX5Y401632,Ford GT Gen1; 10k mi displayed; mileage blank (rounded Nk mi); sold_price blank (not shown on card); auction sold; non_US_Canada_location
2026-07-21,off_market,Lamborghini,Murcielago,coupe,2007,,,,"Kuwait City, KWT",2007 Lamborghini Murciélago LP640-4,https://www.classic.com/veh/2007-lamborghini-murcielago-lp640-4-zhw8a37s57la02-pGVdZAW/,Classic.com,,Murcielago; 62k km (38k mi) displayed; mileage blank (rounded Nk mi from km conversion); off_market/pending/undisclosed historical card; non_US_Canada_location
2026-07-20,off_market,Ferrari,296,coupe,2023,,,,"Dresden, DEU",2023 Ferrari 296 GTB,https://www.classic.com/veh/2023-ferrari-296-gtb-zff99smb000295794-nQAlggn/,Classic.com,ZFF99SMB000295794,296 GTB; unparsed mileage text '124 km (77 mi) TMU'; left blank; off_market/pending/undisclosed historical card; non_US_Canada_location
2026-07-20,sold,Lamborghini,Gallardo,coupe,2007,,,,"Essen, DEU",2007 Lamborghini Gallardo,https://www.classic.com/veh/2007-lamborghini-gallardo-zhwge12t08la07127-4awDRvW/,Classic.com,ZHWGE12T08LA07127,Gallardo; 14k km (9k mi) TMU displayed; mileage blank (rounded Nk mi from km conversion); sold_price blank (not shown on card); auction sold; non_US_Canada_location
2026-07-17,sold,Ferrari,488,spider,2016,,,,"Sierra de las Nieves, ESP",2016 Ferrari 488 Spider,https://www.classic.com/veh/2016-ferrari-488-spider-zff80amb000216344-nBkjBEW/,Classic.com,ZFF80AMB000216344,30k km (19k mi) displayed; mileage blank (rounded Nk mi from km conversion); sold_price blank (not shown on card); auction sold; non_US_Canada_location
2026-07-17,sold,Lamborghini,Aventador_SVJ,coupe,2019,,484000,,ARE,2019 Lamborghini Aventador LP770-4 SVJ,https://www.classic.com/veh/2019-lamborghini-aventador-lp770-4-svj-zhwem6zd9kl-nOlg1EW/,Classic.com,,Aventador LP770-4 SVJ; 11k km (7k mi) displayed; mileage blank (rounded Nk mi from km conversion); auction sold; non_US_Canada_location
2026-07-16,off_market,Ferrari,488,coupe,2018,,,,"District de Nyon, CHE",2018 Ferrari 488 GTB 70th Anniversary Edition,https://www.classic.com/veh/2018-ferrari-488-gtb-70th-anniversary-edition-zff7-nwOdaKn/,Classic.com,,unparsed mileage text '1k km (684 mi)'; left blank; off_market/pending/undisclosed historical card; asking_price blank (not shown on card); non_US_Canada_location
2026-07-16,off_market,Ferrari,SF90,coupe,2021,,,,JPN,2021 Ferrari SF90 Stradale Assetto Fiorano,https://www.classic.com/veh/2021-ferrari-sf90-stradale-assetto-fiorano-zff95nm-WYDvQLn/,Classic.com,,Assetto Fiorano; unparsed mileage text '450 km (280 mi) TMU'; left blank; off_market/pending/undisclosed historical card; non_US_Canada_location
2026-07-14,sold,Ferrari,F8,coupe,2021,,385500,,"Hong Kong, HKG",2021 Ferrari F8 Tributo,https://www.classic.com/veh/2021-ferrari-f8-tributo-zff92lmc000263838-pe63yX4/,Classic.com,ZFF92LMC000263838,F8 Tributo/coupe; 7k km (4k mi) displayed; mileage blank (rounded Nk mi from km conversion); auction sold; non_US_Canada_location
2026-07-13,sold,Ferrari,458,coupe,2013,,150000,,"Mito, JPN",2013 Ferrari 458 Italia,https://www.classic.com/veh/2013-ferrari-458-italia-zff67nhb000192181-4MaPrK4/,Classic.com,ZFF67NHB000192181,458 Italia/coupe; 19k km (12k mi) displayed; mileage blank (rounded Nk mi from km conversion); auction sold; non_US_Canada_location
2026-07-12,off_market,Ferrari,458,spider,2014,,,,"Gothenburg, SWE",2014 Ferrari 458 Spider,https://www.classic.com/veh/2014-ferrari-458-spider-zff68nhb000203441-n1eRbrn/,Classic.com,ZFF68NHB000203441,458 Spider; 28k km (17k mi) displayed; mileage blank (rounded Nk mi from km conversion); auction Not Sold; high bid not shown; non_US_Canada_location
2026-07-12,off_market,Ferrari,488,coupe,2017,,,,"Shaw, GBR",2017 Ferrari 488 GTB,https://www.classic.com/veh/2017-ferrari-488-gtb-zff79amc000230646-4DBe1jW/,Classic.com,ZFF79AMC000230646,1k mi displayed; mileage blank (rounded Nk mi); auction Not Sold; high bid not shown; non_US_Canada_location
2026-07-10,sold,Ferrari,488,spider,2019,,,,"Stockholm, SWE",2019 Ferrari 488 Spider,https://www.classic.com/veh/2019-ferrari-488-spider-zff80amtxj0229074-nOEgm5p/,Classic.com,ZFF80AMTXJ0229074,82k km (51k mi) TMU displayed; mileage blank (rounded Nk mi from km conversion); sold_price blank (not shown on card); auction sold; non_US_Canada_location
2026-07-09,sold,Lamborghini,Aventador_SV,coupe,2016,,,,GBR,2016 Lamborghini Aventador LP750-4 SV,https://www.classic.com/veh/2016-lamborghini-aventador-lp750-4-sv-zhwet3zd0gla-nOJOZ54/,Classic.com,,Aventador LP750-4 SV; 9k mi displayed; mileage blank (rounded Nk mi); sold_price blank (not shown on card); auction sold; non_US_Canada_location
2026-07-09,sold,Lamborghini,Revuelto,coupe,2024,,485000,,"Toronto, CAN",2024 Lamborghini Revuelto,https://www.classic.com/veh/2024-lamborghini-revuelto-zhwcc1zmxrla00397-4Zmabap/,Classic.com,ZHWCC1ZMXRLA00397,Revuelto; unparsed mileage text '978 km (608 mi)'; left blank; auction sold; non_US_Canada_location
2026-07-08,off_market,Ferrari,458,spider,2012,,,,"Stuttgart, DEU",2012 Ferrari 458 Spider,https://www.classic.com/veh/2012-ferrari-458-spider-zff68nhb000185534-4MageM4/,Classic.com,ZFF68NHB000185534,458 Spider; 43k km (27k mi) TMU displayed; mileage blank (rounded Nk mi from km conversion); auction Not Sold; high bid not shown; non_US_Canada_location
2026-07-08,sold,McLaren,765LT,coupe,2021,,,,"Epsom, GBR",2021 McLaren 765LT,https://www.classic.com/veh/2021-mclaren-765lt-sbm14rcc4mw765371-WNvRb6W/,Classic.com,SBM14RCC4MW765371,unparsed mileage text 'TMU'; left blank; sold_price blank (not shown on card); auction sold; non_US_Canada_location
2026-07-08,sold,Ford,GT,coupe,2005,,,,"Epsom, GBR",2005 Ford GT,https://www.classic.com/veh/2005-ford-gt-1fafp90s55y401070-n85yqLW/,Classic.com,1FAFP90S55Y401070,Ford GT Gen1; 11k mi displayed; mileage blank (rounded Nk mi); sold_price blank (not shown on card); auction sold; non_US_Canada_location
2026-07-05,last_ask,Ferrari,488,spider,2017,251993,,,"Kelowna, CAN",2017 Ferrari 488 Spider,https://www.classic.com/veh/2017-ferrari-488-spider-zff80ama3h0224601-nQdvlr4/,Classic.com,ZFF80AMA3H0224601,19k km (12k mi) displayed; mileage blank (rounded Nk mi from km conversion); Classic.com Last Asking (removed/sold without published sold price); non_US_Canada_location
2026-07-04,sold,Ferrari,458,coupe,2015,,,,"Landkreis Miesbach, DEU",2015 Ferrari 458 Speciale,https://www.classic.com/veh/2015-ferrari-458-speciale-zff75vhb000208661-nK6yod4/,Classic.com,ZFF75VHB000208661,458 Speciale; unparsed mileage text '365 km (227 mi)'; left blank; sold_price blank (not shown on card); auction sold; non_US_Canada_location
2026-07-03,last_ask,McLaren,765LT,coupe,2021,511193,,,"Kelowna, CAN",2021 McLaren 765LT Coupe,https://www.classic.com/veh/2021-mclaren-765lt-coupe-sbm14rca0mw765589-p6lOkjn/,Classic.com,SBM14RCA0MW765589,5k km (3k mi) displayed; mileage blank (rounded Nk mi from km conversion); Classic.com Last Asking (removed/sold without published sold price); non_US_Canada_location
2026-07-03,last_ask,Ford,GT,coupe,2005,,,,"Sherwood Park, CAN",2005 Ford GT,https://www.classic.com/veh/2005-ford-gt-1fafp90s55y400520-WqORlq4/,Classic.com,1FAFP90S55Y400520,Ford GT Gen1; 16k km (10k mi) displayed; mileage blank (rounded Nk mi from km conversion); Classic.com Last Asking (removed/sold without published sold price); asking_price blank (not shown on card); non_US_Canada_location
2026-07-02,sold,Ferrari,458,coupe,2014,,,,"Hochtaunuskreis, DEU",2014 Ferrari 458 Speciale,https://www.classic.com/veh/2014-ferrari-458-speciale-zff75vhb000204304-WqOZ0X4/,Classic.com,ZFF75VHB000204304,458 Speciale; 14k km (9k mi) TMU displayed; mileage blank (rounded Nk mi from km conversion); sold_price blank (not shown on card); auction sold; non_US_Canada_location
2026-06-30,sold,Ferrari,458,coupe,2015,,,,"Gloucester, GBR",2015 Ferrari 458 Speciale,https://www.classic.com/veh/2015-ferrari-458-speciale-zff75vht3f0204832-nmX77D4/,Classic.com,ZFF75VHT3F0204832,458 Speciale; 18k mi displayed; mileage blank (rounded Nk mi); sold_price blank (not shown on card); auction sold; non_US_Canada_location
2026-06-29,sold,Ferrari,458,spider,2013,,143000,,ARE,2013 Ferrari 458 Spider,https://www.classic.com/veh/2013-ferrari-458-spider-zff68nht9d0191858-4AvrB9n/,Classic.com,ZFF68NHT9D0191858,458 Spider; 66k km (41k mi) displayed; mileage blank (rounded Nk mi from km conversion); auction sold; non_US_Canada_location
2026-06-27,last_ask,Ferrari,488,spider,2018,259193,,,"Kelowna, CAN",2018 Ferrari 488 Spider,https://www.classic.com/veh/2018-ferrari-488-spider-zff80ama7j0235560-nQdZ2g4/,Classic.com,ZFF80AMA7J0235560,14k km (8k mi) displayed; mileage blank (rounded Nk mi from km conversion); Classic.com Last Asking (removed/sold without published sold price); non_US_Canada_location
2026-06-26,last_ask,McLaren,675LT,spider,2016,251993,,,"Kelowna, CAN",2016 McLaren 675LT Spider,https://www.classic.com/veh/2016-mclaren-675lt-spider-sbm11saa7gw675668-n8yKE1W/,Classic.com,SBM11SAA7GW675668,40k km (24k mi) displayed; mileage blank (rounded Nk mi from km conversion); Classic.com Last Asking (removed/sold without published sold price); non_US_Canada_location
2026-06-26,off_market,Lamborghini,Murcielago,coupe,2006,,,,"Tallinn, EST",2006 Lamborghini Murciélago LP640-4,https://www.classic.com/veh/2006-lamborghini-murcielago-lp640-4-zhwbe16s06la01-WR1jaon/,Classic.com,,Murcielago; 43k km (27k mi) TMU displayed; mileage blank (rounded Nk mi from km conversion); off_market/pending/undisclosed historical card; non_US_Canada_location
2026-06-23,sold,Lamborghini,Murcielago,coupe,2007,,310000,,"Richmond, CAN",2007 Lamborghini Murciélago LP640-4,https://www.classic.com/veh/2007-lamborghini-murcielago-lp640-4-zhwbe37s07la02-WYDeQRn/,Classic.com,,Murcielago; 37k km (23k mi) displayed; mileage blank (rounded Nk mi from km conversion); auction sold; non_US_Canada_location
2026-06-21,sold,Ferrari,458,coupe,2015,,,,"Chiyoda, JPN",2015 Ferrari 458 Speciale,https://www.classic.com/veh/2015-ferrari-458-speciale-zff75vhj000210216-4AvVLEn/,Classic.com,ZFF75VHJ000210216,458 Speciale; 1k km (1k mi) displayed; mileage blank (rounded Nk mi from km conversion); sold_price blank (not shown on card); auction sold; non_US_Canada_location
2026-06-19,last_ask,Ferrari,488,coupe,2016,,,,"Langley, CAN",2016 Ferrari 488 GTB,https://www.classic.com/veh/2016-ferrari-488-gtb-zff79ala3g0218010-WjgeZjp/,Classic.com,ZFF79ALA3G0218010,21k km (13k mi) displayed; mileage blank (rounded Nk mi from km conversion); Classic.com Last Asking (removed/sold without published sold price); asking_price blank (not shown on card); non_US_Canada_location
2026-06-19,last_ask,Lamborghini,Gallardo,coupe,2008,107993,,,"Kelowna, CAN",2008 Lamborghini Gallardo,https://www.classic.com/veh/2008-lamborghini-gallardo-zhwgc12t98la05947-n1ekPgn/,Classic.com,ZHWGC12T98LA05947,Gallardo; 41k km (25k mi) displayed; mileage blank (rounded Nk mi from km conversion); Classic.com Last Asking (removed/sold without published sold price); non_US_Canada_location
2026-06-19,sold,Lamborghini,Murcielago,coupe,2003,,575000,,"Toronto, CAN",2003 Lamborghini Murciélago,https://www.classic.com/veh/2003-lamborghini-murcielago-za9bc10c53la12396-WYDwLGn/,Classic.com,,Murcielago; 8k km (5k mi) displayed; mileage blank (rounded Nk mi from km conversion); auction sold; non_US_Canada_location
2026-06-19,off_market,Ferrari,SF90,spider,2024,,,,ARE,2024 Ferrari SF90 Spider Assetto Fiorano,https://www.classic.com/veh/2024-ferrari-sf90-spider-assetto-fiorano-zff96nmj0-45aQ254/,Classic.com,,Assetto Fiorano; unparsed mileage text '1k km (766 mi)'; left blank; off_market/pending/undisclosed historical card; non_US_Canada_location
2026-06-16,sold,Ferrari,488,coupe,2018,,,,GBR,2018 Ferrari 488 GTB,https://www.classic.com/veh/2018-ferrari-488-gtb-zff79amc000233565-nBJboRn/,Classic.com,ZFF79AMC000233565,12k mi displayed; mileage blank (rounded Nk mi); sold_price blank (not shown on card); auction sold; non_US_Canada_location
2026-06-16,off_market,Lamborghini,Aventador_SVJ,coupe,2019,,,,JPN,2019 Lamborghini Aventador LP770-4 SVJ,https://www.classic.com/veh/2019-lamborghini-aventador-lp770-4-svj-zhwem6zd6kl-pzPBMjn/,Classic.com,,Aventador LP770-4 SVJ; 15k km (9k mi) displayed; mileage blank (rounded Nk mi from km conversion); off_market/pending/undisclosed historical card; non_US_Canada_location
2026-06-12,sold,McLaren,675LT,spider,2017,,,,"Paris, FRA",2017 McLaren 675LT Spider,https://www.classic.com/veh/2017-mclaren-675lt-spider-sbm11sab8gw675705-4aLaZLp/,Classic.com,SBM11SAB8GW675705,9k km (6k mi) displayed; mileage blank (rounded Nk mi from km conversion); sold_price blank (not shown on card); auction sold; non_US_Canada_location
2026-06-11,sold,McLaren,675LT,coupe,2016,,182000,,"Riyadh, SAU",2016 McLaren 675 LT,https://www.classic.com/veh/2016-mclaren-675-lt-nwOexYn/,Classic.com,,6k km (3k mi) displayed; mileage blank (rounded Nk mi from km conversion); auction sold; non_US_Canada_location
2026-06-11,sold,Ford,GT,coupe,2006,,530000,,"Georgetown, CAN",2006 Ford GT,https://www.classic.com/veh/2006-ford-gt-1fafp90s66y400771-WbKvyDp/,Classic.com,1FAFP90S66Y400771,Ford GT Gen1; 11k mi displayed; mileage blank (rounded Nk mi); auction sold; non_US_Canada_location
2026-06-10,sold,Ferrari,458,spider,2012,,,,"Petworth, GBR",2012 Ferrari 458 Spider,https://www.classic.com/veh/2012-ferrari-458-spider-zff68nhcc000192803-nOJbRv4/,Classic.com,ZFF68NHCC00019280,458 Spider; 22k mi displayed; mileage blank (rounded Nk mi); sold_price blank (not shown on card); auction sold; non_US_Canada_location
